<?xml version="1.0" encoding="UTF-8" standalone="no"?>
<!DOCTYPE score-partwise PUBLIC
  "-//Recordare//DTD MusicXML 0.5 Partwise//EN"
  "f:\ablage\eingang\musicxml\partwise.dtd">

<score-partwise>
	<work>
		<work-title>
		</work-title>
	</work>

	<identification>
		<creator type="composer">
		</creator>
		<encoding>
			<encoder>
			</encoder>
			<software>TaBazar</software>
		</encoding>
	</identification>

	<part-list>
		<score-part id="P1">
			<part-name>Track 1</part-name>
			<score-instrument id="S1">
				<instrument-name>AcousticGuitar(steel)</instrument-name>
				<midi-channel>0</midi-channel>
				<midi-instrument>25</midi-instrument>
			</score-instrument>
		</score-part>
		<score-part id="P2">
			<part-name>Track 2</part-name>
			<score-instrument id="S2">
				<instrument-name>DistortionGuitar</instrument-name>
				<midi-channel>1</midi-channel>
				<midi-instrument>30</midi-instrument>
			</score-instrument>
		</score-part>
	</part-list>

	<part id="P1">
		<measure number="1">
			<attributes>
				<divisions>4</divisions>
				<key>
					<fifths>0</fifths>
					<mode>major</mode>
				</key>
				<time>
					<beats>4</beats>
					<beat-type>4</beat-type>
				</time>
				<clef>
					<sign>G</sign>
					<line>2</line>
				</clef>
				<staff-details>
					<staff-lines>6</staff-lines>
					<staff-tuning line="6">
						<tuning-step>C</tuning-step>
						<tuning-alter>1</tuning-alter>
						<tuning-octave>3</tuning-octave>
					</staff-tuning>
					<staff-tuning line="5">
						<tuning-step>G</tuning-step>
						<tuning-alter>1</tuning-alter>
						<tuning-octave>3</tuning-octave>
					</staff-tuning>
					<staff-tuning line="4">
						<tuning-step>C</tuning-step>
						<tuning-alter>1</tuning-alter>
						<tuning-octave>4</tuning-octave>
					</staff-tuning>
					<staff-tuning line="3">
						<tuning-step>F</tuning-step>
						<tuning-alter>1</tuning-alter>
						<tuning-octave>4</tuning-octave>
					</staff-tuning>
					<staff-tuning line="2">
						<tuning-step>A</tuning-step>
						<tuning-alter>1</tuning-alter>
						<tuning-octave>4</tuning-octave>
					</staff-tuning>
					<staff-tuning line="1">
						<tuning-step>D</tuning-step>
						<tuning-alter>1</tuning-alter>
						<tuning-octave>5</tuning-octave>
					</staff-tuning>
					<capo>0</capo>
				</staff-details>
			</attributes>
			<sound tempo="78"/>
			<note>
				<pitch>
					<step>D</step>
					<alter>1</alter>
					<octave>5</octave>
				</pitch>
				<duration>3</duration>
				<type>eighth</type>
				<dot/>
				<accidental>sharp</accidental>
				<notations>
					<technical>
						<string>1</string>
						<fret>0</fret>
					</technical>
				</notations>
			</note>
			<note>
				<chord/>
				<pitch>
					<step>C</step>
					<alter>1</alter>
					<octave>5</octave>
				</pitch>
				<duration>3</duration>
				<type>eighth</type>
				<dot/>
				<accidental>sharp</accidental>
				<notations>
					<technical>
						<string>2</string>
						<fret>3</fret>
					</technical>
				</notations>
			</note>
			<note>
				<chord/>
				<pitch>
					<step>G</step>
					<octave>4</octave>
				</pitch>
				<duration>3</duration>
				<type>eighth</type>
				<dot/>
				<notations>
					<technical>
						<string>3</string>
						<fret>1</fret>
					</technical>
				</notations>
			</note>
			<note>
				<chord/>
				<pitch>
					<step>C</step>
					<alter>1</alter>
					<octave>4</octave>
				</pitch>
				<duration>3</duration>
				<type>eighth</type>
				<dot/>
				<accidental>sharp</accidental>
				<notations>
					<technical>
						<string>4</string>
						<fret>0</fret>
					</technical>
				</notations>
			</note>
			<note>
				<chord/>
				<pitch>
					<step>G</step>
					<alter>1</alter>
					<octave>3</octave>
				</pitch>
				<duration>3</duration>
				<type>eighth</type>
				<dot/>
				<accidental>sharp</accidental>
				<notations>
					<technical>
						<string>5</string>
						<fret>0</fret>
					</technical>
				</notations>
			</note>
			<note>
				<chord/>
				<pitch>
					<step>C</step>
					<alter>1</alter>
					<octave>3</octave>
				</pitch>
				<duration>3</duration>
				<type>eighth</type>
				<dot/>
				<accidental>sharp</accidental>
				<notations>
					<technical>
						<string>6</string>
						<fret>0</fret>
					</technical>
				</notations>
			</note>
			<note>
				<pitch>
					<step>D</step>
					<alter>1</alter>
					<octave>5</octave>
				</pitch>
				<duration>1</duration>
				<type>16th</type>
				<notations>
					<technical>
						<string>1</string>
						<fret>0</fret>
					</technical>
				</notations>
			</note>
			<note>
				<chord/>
				<pitch>
					<step>C</step>
					<alter>1</alter>
					<octave>5</octave>
				</pitch>
				<duration>1</duration>
				<type>16th</type>
				<notations>
					<technical>
						<string>2</string>
						<fret>3</fret>
					</technical>
				</notations>
			</note>
			<note>
				<chord/>
				<pitch>
					<step>G</step>
					<octave>4</octave>
				</pitch>
				<duration>1</duration>
				<type>16th</type>
				<notations>
					<technical>
						<string>3</string>
						<fret>1</fret>
					</technical>
				</notations>
			</note>
			<note>
				<chord/>
				<pitch>
					<step>C</step>
					<alter>1</alter>
					<octave>4</octave>
				</pitch>
				<duration>1</duration>
				<type>16th</type>
				<notations>
					<technical>
						<string>4</string>
						<fret>0</fret>
					</technical>
				</notations>
			</note>
			<note>
				<pitch>
					<step>C</step>
					<alter>1</alter>
					<octave>4</octave>
				</pitch>
				<duration>2</duration>
				<type>eighth</type>
				<notations>
					<technical>
						<string>4</string>
						<fret>0</fret>
					</technical>
				</notations>
			</note>
			<note>
				<chord/>
				<pitch>
					<step>G</step>
					<alter>1</alter>
					<octave>3</octave>
				</pitch>
				<duration>2</duration>
				<type>eighth</type>
				<notations>
					<technical>
						<string>5</string>
						<fret>0</fret>
					</technical>
				</notations>
			</note>
			<note>
				<chord/>
				<pitch>
					<step>C</step>
					<alter>1</alter>
					<octave>3</octave>
				</pitch>
				<duration>2</duration>
				<type>eighth</type>
				<notations>
					<technical>
						<string>6</string>
						<fret>0</fret>
					</technical>
				</notations>
			</note>
			<note>
				<pitch>
					<step>D</step>
					<alter>1</alter>
					<octave>5</octave>
				</pitch>
				<duration>3</duration>
				<type>eighth</type>
				<dot/>
				<notations>
					<technical>
						<string>1</string>
						<fret>0</fret>
					</technical>
				</notations>
			</note>
			<note>
				<chord/>
				<pitch>
					<step>C</step>
					<alter>1</alter>
					<octave>5</octave>
				</pitch>
				<duration>3</duration>
				<type>eighth</type>
				<dot/>
				<notations>
					<technical>
						<string>2</string>
						<fret>3</fret>
					</technical>
				</notations>
			</note>
			<note>
				<chord/>
				<pitch>
					<step>G</step>
					<octave>4</octave>
				</pitch>
				<duration>3</duration>
				<type>eighth</type>
				<dot/>
				<notations>
					<technical>
						<string>3</string>
						<fret>1</fret>
					</technical>
				</notations>
			</note>
			<note>
				<chord/>
				<pitch>
					<step>C</step>
					<alter>1</alter>
					<octave>4</octave>
				</pitch>
				<duration>3</duration>
				<type>eighth</type>
				<dot/>
				<notations>
					<technical>
						<string>4</string>
						<fret>0</fret>
					</technical>
				</notations>
			</note>
			<note>
				<pitch>
					<step>D</step>
					<alter>1</alter>
					<octave>5</octave>
				</pitch>
				<duration>1</duration>
				<type>16th</type>
				<notations>
					<technical>
						<string>1</string>
						<fret>0</fret>
					</technical>
				</notations>
			</note>
			<note>
				<chord/>
				<pitch>
					<step>C</step>
					<alter>1</alter>
					<octave>5</octave>
				</pitch>
				<duration>1</duration>
				<type>16th</type>
				<notations>
					<technical>
						<string>2</string>
						<fret>3</fret>
					</technical>
				</notations>
			</note>
			<note>
				<chord/>
				<pitch>
					<step>G</step>
					<octave>4</octave>
				</pitch>
				<duration>1</duration>
				<type>16th</type>
				<notations>
					<technical>
						<string>3</string>
						<fret>1</fret>
					</technical>
				</notations>
			</note>
			<note>
				<chord/>
				<pitch>
					<step>C</step>
					<alter>1</alter>
					<octave>4</octave>
				</pitch>
				<duration>1</duration>
				<type>16th</type>
				<notations>
					<technical>
						<string>4</string>
						<fret>0</fret>
					</technical>
				</notations>
			</note>
			<note>
				<pitch>
					<step>C</step>
					<alter>1</alter>
					<octave>4</octave>
				</pitch>
				<duration>2</duration>
				<type>eighth</type>
				<notations>
					<technical>
						<string>4</string>
						<fret>0</fret>
					</technical>
				</notations>
			</note>
			<note>
				<chord/>
				<pitch>
					<step>G</step>
					<alter>1</alter>
					<octave>3</octave>
				</pitch>
				<duration>2</duration>
				<type>eighth</type>
				<notations>
					<technical>
						<string>5</string>
						<fret>0</fret>
					</technical>
				</notations>
			</note>
			<note>
				<chord/>
				<pitch>
					<step>C</step>
					<alter>1</alter>
					<octave>3</octave>
				</pitch>
				<duration>2</duration>
				<type>eighth</type>
				<notations>
					<technical>
						<string>6</string>
						<fret>0</fret>
					</technical>
				</notations>
			</note>
			<note>
				<pitch>
					<step>D</step>
					<alter>1</alter>
					<octave>5</octave>
				</pitch>
				<duration>3</duration>
				<type>eighth</type>
				<dot/>
				<notations>
					<technical>
						<string>1</string>
						<fret>0</fret>
					</technical>
				</notations>
			</note>
			<note>
				<chord/>
				<pitch>
					<step>C</step>
					<alter>1</alter>
					<octave>5</octave>
				</pitch>
				<duration>3</duration>
				<type>eighth</type>
				<dot/>
				<notations>
					<technical>
						<string>2</string>
						<fret>3</fret>
					</technical>
				</notations>
			</note>
			<note>
				<chord/>
				<pitch>
					<step>G</step>
					<octave>4</octave>
				</pitch>
				<duration>3</duration>
				<type>eighth</type>
				<dot/>
				<notations>
					<technical>
						<string>3</string>
						<fret>1</fret>
					</technical>
				</notations>
			</note>
			<note>
				<chord/>
				<pitch>
					<step>C</step>
					<alter>1</alter>
					<octave>4</octave>
				</pitch>
				<duration>3</duration>
				<type>eighth</type>
				<dot/>
				<notations>
					<technical>
						<string>4</string>
						<fret>0</fret>
					</technical>
				</notations>
			</note>
			<note>
				<pitch>
					<step>C</step>
					<alter>1</alter>
					<octave>4</octave>
				</pitch>
				<duration>1</duration>
				<type>16th</type>
				<notations>
					<technical>
						<string>4</string>
						<fret>0</fret>
					</technical>
				</notations>
			</note>
			<note>
				<chord/>
				<pitch>
					<step>G</step>
					<alter>1</alter>
					<octave>3</octave>
				</pitch>
				<duration>1</duration>
				<type>16th</type>
				<notations>
					<technical>
						<string>5</string>
						<fret>0</fret>
					</technical>
				</notations>
			</note>
			<note>
				<chord/>
				<pitch>
					<step>C</step>
					<alter>1</alter>
					<octave>3</octave>
				</pitch>
				<duration>1</duration>
				<type>16th</type>
				<notations>
					<technical>
						<string>6</string>
						<fret>0</fret>
					</technical>
				</notations>
			</note>
		</measure>

		<measure number="2">
			<attributes>
			</attributes>
			<note>
				<pitch>
					<step>D</step>
					<alter>1</alter>
					<octave>5</octave>
				</pitch>
				<duration>2</duration>
				<type>eighth</type>
				<accidental>sharp</accidental>
				<notations>
					<technical>
						<string>1</string>
						<fret>0</fret>
					</technical>
				</notations>
			</note>
			<note>
				<chord/>
				<pitch>
					<step>E</step>
					<octave>5</octave>
				</pitch>
				<duration>2</duration>
				<type>eighth</type>
				<notations>
					<technical>
						<string>2</string>
						<fret>6</fret>
					</technical>
				</notations>
			</note>
			<note>
				<chord/>
				<pitch>
					<step>B</step>
					<octave>4</octave>
				</pitch>
				<duration>2</duration>
				<type>eighth</type>
				<notations>
					<technical>
						<string>3</string>
						<fret>5</fret>
					</technical>
				</notations>
			</note>
			<note>
				<chord/>
				<pitch>
					<step>C</step>
					<alter>1</alter>
					<octave>4</octave>
				</pitch>
				<duration>2</duration>
				<type>eighth</type>
				<accidental>sharp</accidental>
				<notations>
					<technical>
						<string>4</string>
						<fret>0</fret>
					</technical>
				</notations>
			</note>
			<note>
				<pitch>
					<step>D</step>
					<alter>1</alter>
					<octave>5</octave>
				</pitch>
				<duration>2</duration>
				<type>eighth</type>
				<notations>
					<technical>
						<string>1</string>
						<fret>0</fret>
					</technical>
				</notations>
			</note>
			<note>
				<chord/>
				<pitch>
					<step>E</step>
					<octave>5</octave>
				</pitch>
				<duration>2</duration>
				<type>eighth</type>
				<notations>
					<technical>
						<string>2</string>
						<fret>6</fret>
					</technical>
				</notations>
			</note>
			<note>
				<chord/>
				<pitch>
					<step>A</step>
					<alter>1</alter>
					<octave>4</octave>
				</pitch>
				<duration>2</duration>
				<type>eighth</type>
				<accidental>sharp</accidental>
				<notations>
					<technical>
						<string>3</string>
						<fret>4</fret>
					</technical>
				</notations>
			</note>
			<note>
				<chord/>
				<pitch>
					<step>C</step>
					<alter>1</alter>
					<octave>4</octave>
				</pitch>
				<duration>2</duration>
				<type>eighth</type>
				<notations>
					<technical>
						<string>4</string>
						<fret>0</fret>
					</technical>
				</notations>
			</note>
			<note>
				<pitch>
					<step>D</step>
					<alter>1</alter>
					<octave>5</octave>
				</pitch>
				<duration>4</duration>
				<type>quarter</type>
				<notations>
					<technical>
						<string>1</string>
						<fret>0</fret>
					</technical>
				</notations>
			</note>
			<note>
				<chord/>
				<pitch>
					<step>E</step>
					<octave>5</octave>
				</pitch>
				<duration>4</duration>
				<type>quarter</type>
				<notations>
					<technical>
						<string>2</string>
						<fret>6</fret>
					</technical>
				</notations>
			</note>
			<note>
				<chord/>
				<pitch>
					<step>A</step>
					<alter>1</alter>
					<octave>4</octave>
				</pitch>
				<duration>4</duration>
				<type>quarter</type>
				<notations>
					<technical>
						<string>3</string>
						<fret>4</fret>
					</technical>
				</notations>
			</note>
			<note>
				<chord/>
				<pitch>
					<step>C</step>
					<alter>1</alter>
					<octave>4</octave>
				</pitch>
				<duration>4</duration>
				<type>quarter</type>
				<notations>
					<technical>
						<string>4</string>
						<fret>0</fret>
					</technical>
				</notations>
			</note>
			<note>
				<pitch>
					<step>G</step>
					<alter>1</alter>
					<octave>5</octave>
				</pitch>
				<duration>1</duration>
				<type>16th</type>
				<accidental>sharp</accidental>
				<notations>
					<technical>
						<string>1</string>
						<fret>5</fret>
					</technical>
				</notations>
			</note>
			<note>
				<pitch>
					<step>E</step>
					<octave>5</octave>
				</pitch>
				<duration>1</duration>
				<type>16th</type>
				<notations>
					<technical>
						<string>2</string>
						<fret>6</fret>
					</technical>
				</notations>
			</note>
			<note>
				<pitch>
					<step>A</step>
					<alter>1</alter>
					<octave>4</octave>
				</pitch>
				<duration>1</duration>
				<type>16th</type>
				<notations>
					<technical>
						<string>3</string>
						<fret>4</fret>
					</technical>
				</notations>
			</note>
			<note>
				<pitch>
					<step>A</step>
					<octave>4</octave>
				</pitch>
				<duration>1</duration>
				<type>16th</type>
				<accidental>natural</accidental>
				<notations>
					<technical>
						<string>3</string>
						<fret>3</fret>
					</technical>
				</notations>
			</note>
			<note>
				<pitch>
					<step>D</step>
					<alter>1</alter>
					<octave>4</octave>
				</pitch>
				<duration>1</duration>
				<type>16th</type>
				<accidental>sharp</accidental>
				<notations>
					<technical>
						<string>4</string>
						<fret>2</fret>
					</technical>
				</notations>
			</note>
			<note>
				<pitch>
					<step>A</step>
					<octave>4</octave>
				</pitch>
				<duration>1</duration>
				<type>16th</type>
				<notations>
					<technical>
						<string>3</string>
						<fret>3</fret>
					</technical>
				</notations>
			</note>
			<note>
				<pitch>
					<step>D</step>
					<alter>1</alter>
					<octave>5</octave>
				</pitch>
				<duration>1</duration>
				<type>16th</type>
				<notations>
					<technical>
						<string>1</string>
						<fret>0</fret>
					</technical>
				</notations>
			</note>
			<note>
				<pitch>
					<step>A</step>
					<octave>4</octave>
				</pitch>
				<duration>1</duration>
				<type>16th</type>
				<notations>
					<technical>
						<string>3</string>
						<fret>3</fret>
					</technical>
				</notations>
			</note>
		</measure>

		<measure number="3">
			<attributes>
			</attributes>
			<note>
				<pitch>
					<step>D</step>
					<alter>1</alter>
					<octave>5</octave>
				</pitch>
				<duration>3</duration>
				<type>eighth</type>
				<dot/>
				<accidental>sharp</accidental>
				<notations>
					<technical>
						<string>1</string>
						<fret>0</fret>
					</technical>
				</notations>
			</note>
			<note>
				<chord/>
				<pitch>
					<step>C</step>
					<alter>1</alter>
					<octave>5</octave>
				</pitch>
				<duration>3</duration>
				<type>eighth</type>
				<dot/>
				<accidental>sharp</accidental>
				<notations>
					<technical>
						<string>2</string>
						<fret>3</fret>
					</technical>
				</notations>
			</note>
			<note>
				<chord/>
				<pitch>
					<step>G</step>
					<octave>4</octave>
				</pitch>
				<duration>3</duration>
				<type>eighth</type>
				<dot/>
				<notations>
					<technical>
						<string>3</string>
						<fret>1</fret>
					</technical>
				</notations>
			</note>
			<note>
				<chord/>
				<pitch>
					<step>C</step>
					<alter>1</alter>
					<octave>4</octave>
				</pitch>
				<duration>3</duration>
				<type>eighth</type>
				<dot/>
				<accidental>sharp</accidental>
				<notations>
					<technical>
						<string>4</string>
						<fret>0</fret>
					</technical>
				</notations>
			</note>
			<note>
				<chord/>
				<pitch>
					<step>G</step>
					<alter>1</alter>
					<octave>3</octave>
				</pitch>
				<duration>3</duration>
				<type>eighth</type>
				<dot/>
				<accidental>sharp</accidental>
				<notations>
					<technical>
						<string>5</string>
						<fret>0</fret>
					</technical>
				</notations>
			</note>
			<note>
				<chord/>
				<pitch>
					<step>C</step>
					<alter>1</alter>
					<octave>3</octave>
				</pitch>
				<duration>3</duration>
				<type>eighth</type>
				<dot/>
				<accidental>sharp</accidental>
				<notations>
					<technical>
						<string>6</string>
						<fret>0</fret>
					</technical>
				</notations>
			</note>
			<note>
				<pitch>
					<step>D</step>
					<alter>1</alter>
					<octave>5</octave>
				</pitch>
				<duration>1</duration>
				<type>16th</type>
				<notations>
					<technical>
						<string>1</string>
						<fret>0</fret>
					</technical>
				</notations>
			</note>
			<note>
				<chord/>
				<pitch>
					<step>C</step>
					<alter>1</alter>
					<octave>5</octave>
				</pitch>
				<duration>1</duration>
				<type>16th</type>
				<notations>
					<technical>
						<string>2</string>
						<fret>3</fret>
					</technical>
				</notations>
			</note>
			<note>
				<chord/>
				<pitch>
					<step>G</step>
					<octave>4</octave>
				</pitch>
				<duration>1</duration>
				<type>16th</type>
				<notations>
					<technical>
						<string>3</string>
						<fret>1</fret>
					</technical>
				</notations>
			</note>
			<note>
				<chord/>
				<pitch>
					<step>C</step>
					<alter>1</alter>
					<octave>4</octave>
				</pitch>
				<duration>1</duration>
				<type>16th</type>
				<notations>
					<technical>
						<string>4</string>
						<fret>0</fret>
					</technical>
				</notations>
			</note>
			<note>
				<pitch>
					<step>C</step>
					<alter>1</alter>
					<octave>4</octave>
				</pitch>
				<duration>2</duration>
				<type>eighth</type>
				<notations>
					<technical>
						<string>4</string>
						<fret>0</fret>
					</technical>
				</notations>
			</note>
			<note>
				<chord/>
				<pitch>
					<step>G</step>
					<alter>1</alter>
					<octave>3</octave>
				</pitch>
				<duration>2</duration>
				<type>eighth</type>
				<notations>
					<technical>
						<string>5</string>
						<fret>0</fret>
					</technical>
				</notations>
			</note>
			<note>
				<chord/>
				<pitch>
					<step>C</step>
					<alter>1</alter>
					<octave>3</octave>
				</pitch>
				<duration>2</duration>
				<type>eighth</type>
				<notations>
					<technical>
						<string>6</string>
						<fret>0</fret>
					</technical>
				</notations>
			</note>
			<note>
				<pitch>
					<step>D</step>
					<alter>1</alter>
					<octave>5</octave>
				</pitch>
				<duration>3</duration>
				<type>eighth</type>
				<dot/>
				<notations>
					<technical>
						<string>1</string>
						<fret>0</fret>
					</technical>
				</notations>
			</note>
			<note>
				<chord/>
				<pitch>
					<step>C</step>
					<alter>1</alter>
					<octave>5</octave>
				</pitch>
				<duration>3</duration>
				<type>eighth</type>
				<dot/>
				<notations>
					<technical>
						<string>2</string>
						<fret>3</fret>
					</technical>
				</notations>
			</note>
			<note>
				<chord/>
				<pitch>
					<step>G</step>
					<octave>4</octave>
				</pitch>
				<duration>3</duration>
				<type>eighth</type>
				<dot/>
				<notations>
					<technical>
						<string>3</string>
						<fret>1</fret>
					</technical>
				</notations>
			</note>
			<note>
				<chord/>
				<pitch>
					<step>C</step>
					<alter>1</alter>
					<octave>4</octave>
				</pitch>
				<duration>3</duration>
				<type>eighth</type>
				<dot/>
				<notations>
					<technical>
						<string>4</string>
						<fret>0</fret>
					</technical>
				</notations>
			</note>
			<note>
				<pitch>
					<step>D</step>
					<alter>1</alter>
					<octave>5</octave>
				</pitch>
				<duration>1</duration>
				<type>16th</type>
				<notations>
					<technical>
						<string>1</string>
						<fret>0</fret>
					</technical>
				</notations>
			</note>
			<note>
				<chord/>
				<pitch>
					<step>C</step>
					<alter>1</alter>
					<octave>5</octave>
				</pitch>
				<duration>1</duration>
				<type>16th</type>
				<notations>
					<technical>
						<string>2</string>
						<fret>3</fret>
					</technical>
				</notations>
			</note>
			<note>
				<chord/>
				<pitch>
					<step>G</step>
					<octave>4</octave>
				</pitch>
				<duration>1</duration>
				<type>16th</type>
				<notations>
					<technical>
						<string>3</string>
						<fret>1</fret>
					</technical>
				</notations>
			</note>
			<note>
				<chord/>
				<pitch>
					<step>C</step>
					<alter>1</alter>
					<octave>4</octave>
				</pitch>
				<duration>1</duration>
				<type>16th</type>
				<notations>
					<technical>
						<string>4</string>
						<fret>0</fret>
					</technical>
				</notations>
			</note>
			<note>
				<pitch>
					<step>C</step>
					<alter>1</alter>
					<octave>4</octave>
				</pitch>
				<duration>2</duration>
				<type>eighth</type>
				<notations>
					<technical>
						<string>4</string>
						<fret>0</fret>
					</technical>
				</notations>
			</note>
			<note>
				<chord/>
				<pitch>
					<step>G</step>
					<alter>1</alter>
					<octave>3</octave>
				</pitch>
				<duration>2</duration>
				<type>eighth</type>
				<notations>
					<technical>
						<string>5</string>
						<fret>0</fret>
					</technical>
				</notations>
			</note>
			<note>
				<chord/>
				<pitch>
					<step>C</step>
					<alter>1</alter>
					<octave>3</octave>
				</pitch>
				<duration>2</duration>
				<type>eighth</type>
				<notations>
					<technical>
						<string>6</string>
						<fret>0</fret>
					</technical>
				</notations>
			</note>
			<note>
				<pitch>
					<step>D</step>
					<alter>1</alter>
					<octave>5</octave>
				</pitch>
				<duration>3</duration>
				<type>eighth</type>
				<dot/>
				<notations>
					<technical>
						<string>1</string>
						<fret>0</fret>
					</technical>
				</notations>
			</note>
			<note>
				<chord/>
				<pitch>
					<step>C</step>
					<alter>1</alter>
					<octave>5</octave>
				</pitch>
				<duration>3</duration>
				<type>eighth</type>
				<dot/>
				<notations>
					<technical>
						<string>2</string>
						<fret>3</fret>
					</technical>
				</notations>
			</note>
			<note>
				<chord/>
				<pitch>
					<step>G</step>
					<octave>4</octave>
				</pitch>
				<duration>3</duration>
				<type>eighth</type>
				<dot/>
				<notations>
					<technical>
						<string>3</string>
						<fret>1</fret>
					</technical>
				</notations>
			</note>
			<note>
				<chord/>
				<pitch>
					<step>C</step>
					<alter>1</alter>
					<octave>4</octave>
				</pitch>
				<duration>3</duration>
				<type>eighth</type>
				<dot/>
				<notations>
					<technical>
						<string>4</string>
						<fret>0</fret>
					</technical>
				</notations>
			</note>
			<note>
				<pitch>
					<step>C</step>
					<alter>1</alter>
					<octave>4</octave>
				</pitch>
				<duration>1</duration>
				<type>16th</type>
				<notations>
					<technical>
						<string>4</string>
						<fret>0</fret>
					</technical>
				</notations>
			</note>
			<note>
				<chord/>
				<pitch>
					<step>G</step>
					<alter>1</alter>
					<octave>3</octave>
				</pitch>
				<duration>1</duration>
				<type>16th</type>
				<notations>
					<technical>
						<string>5</string>
						<fret>0</fret>
					</technical>
				</notations>
			</note>
			<note>
				<chord/>
				<pitch>
					<step>C</step>
					<alter>1</alter>
					<octave>3</octave>
				</pitch>
				<duration>1</duration>
				<type>16th</type>
				<notations>
					<technical>
						<string>6</string>
						<fret>0</fret>
					</technical>
				</notations>
			</note>
		</measure>

		<measure number="4">
			<attributes>
			</attributes>
			<note>
				<pitch>
					<step>D</step>
					<alter>1</alter>
					<octave>5</octave>
				</pitch>
				<duration>2</duration>
				<type>eighth</type>
				<accidental>sharp</accidental>
				<notations>
					<technical>
						<string>1</string>
						<fret>0</fret>
					</technical>
				</notations>
			</note>
			<note>
				<chord/>
				<pitch>
					<step>E</step>
					<octave>5</octave>
				</pitch>
				<duration>2</duration>
				<type>eighth</type>
				<notations>
					<technical>
						<string>2</string>
						<fret>6</fret>
					</technical>
				</notations>
			</note>
			<note>
				<chord/>
				<pitch>
					<step>B</step>
					<octave>4</octave>
				</pitch>
				<duration>2</duration>
				<type>eighth</type>
				<notations>
					<technical>
						<string>3</string>
						<fret>5</fret>
					</technical>
				</notations>
			</note>
			<note>
				<chord/>
				<pitch>
					<step>C</step>
					<alter>1</alter>
					<octave>4</octave>
				</pitch>
				<duration>2</duration>
				<type>eighth</type>
				<accidental>sharp</accidental>
				<notations>
					<technical>
						<string>4</string>
						<fret>0</fret>
					</technical>
				</notations>
			</note>
			<note>
				<pitch>
					<step>D</step>
					<alter>1</alter>
					<octave>5</octave>
				</pitch>
				<duration>2</duration>
				<type>eighth</type>
				<notations>
					<technical>
						<string>1</string>
						<fret>0</fret>
					</technical>
				</notations>
			</note>
			<note>
				<chord/>
				<pitch>
					<step>E</step>
					<octave>5</octave>
				</pitch>
				<duration>2</duration>
				<type>eighth</type>
				<notations>
					<technical>
						<string>2</string>
						<fret>6</fret>
					</technical>
				</notations>
			</note>
			<note>
				<chord/>
				<pitch>
					<step>A</step>
					<alter>1</alter>
					<octave>4</octave>
				</pitch>
				<duration>2</duration>
				<type>eighth</type>
				<accidental>sharp</accidental>
				<notations>
					<technical>
						<string>3</string>
						<fret>4</fret>
					</technical>
				</notations>
			</note>
			<note>
				<chord/>
				<pitch>
					<step>C</step>
					<alter>1</alter>
					<octave>4</octave>
				</pitch>
				<duration>2</duration>
				<type>eighth</type>
				<notations>
					<technical>
						<string>4</string>
						<fret>0</fret>
					</technical>
				</notations>
			</note>
			<note>
				<pitch>
					<step>D</step>
					<alter>1</alter>
					<octave>5</octave>
				</pitch>
				<duration>4</duration>
				<type>quarter</type>
				<notations>
					<technical>
						<string>1</string>
						<fret>0</fret>
					</technical>
				</notations>
			</note>
			<note>
				<chord/>
				<pitch>
					<step>E</step>
					<octave>5</octave>
				</pitch>
				<duration>4</duration>
				<type>quarter</type>
				<notations>
					<technical>
						<string>2</string>
						<fret>6</fret>
					</technical>
				</notations>
			</note>
			<note>
				<chord/>
				<pitch>
					<step>A</step>
					<alter>1</alter>
					<octave>4</octave>
				</pitch>
				<duration>4</duration>
				<type>quarter</type>
				<notations>
					<technical>
						<string>3</string>
						<fret>4</fret>
					</technical>
				</notations>
			</note>
			<note>
				<chord/>
				<pitch>
					<step>C</step>
					<alter>1</alter>
					<octave>4</octave>
				</pitch>
				<duration>4</duration>
				<type>quarter</type>
				<notations>
					<technical>
						<string>4</string>
						<fret>0</fret>
					</technical>
				</notations>
			</note>
			<note>
				<pitch>
					<step>G</step>
					<alter>1</alter>
					<octave>5</octave>
				</pitch>
				<duration>1</duration>
				<type>16th</type>
				<accidental>sharp</accidental>
				<notations>
					<technical>
						<string>1</string>
						<fret>5</fret>
					</technical>
				</notations>
			</note>
			<note>
				<pitch>
					<step>E</step>
					<octave>5</octave>
				</pitch>
				<duration>1</duration>
				<type>16th</type>
				<notations>
					<technical>
						<string>2</string>
						<fret>6</fret>
					</technical>
				</notations>
			</note>
			<note>
				<pitch>
					<step>A</step>
					<alter>1</alter>
					<octave>4</octave>
				</pitch>
				<duration>1</duration>
				<type>16th</type>
				<notations>
					<technical>
						<string>3</string>
						<fret>4</fret>
					</technical>
				</notations>
			</note>
			<note>
				<pitch>
					<step>A</step>
					<octave>4</octave>
				</pitch>
				<duration>1</duration>
				<type>16th</type>
				<accidental>natural</accidental>
				<notations>
					<technical>
						<string>3</string>
						<fret>3</fret>
					</technical>
				</notations>
			</note>
			<note>
				<pitch>
					<step>D</step>
					<alter>1</alter>
					<octave>4</octave>
				</pitch>
				<duration>1</duration>
				<type>16th</type>
				<accidental>sharp</accidental>
				<notations>
					<technical>
						<string>4</string>
						<fret>2</fret>
					</technical>
				</notations>
			</note>
			<note>
				<pitch>
					<step>A</step>
					<octave>4</octave>
				</pitch>
				<duration>1</duration>
				<type>16th</type>
				<notations>
					<technical>
						<string>3</string>
						<fret>3</fret>
					</technical>
				</notations>
			</note>
			<note>
				<pitch>
					<step>D</step>
					<alter>1</alter>
					<octave>5</octave>
				</pitch>
				<duration>1</duration>
				<type>16th</type>
				<notations>
					<technical>
						<string>1</string>
						<fret>0</fret>
					</technical>
				</notations>
			</note>
			<note>
				<pitch>
					<step>A</step>
					<octave>4</octave>
				</pitch>
				<duration>1</duration>
				<type>16th</type>
				<notations>
					<technical>
						<string>3</string>
						<fret>3</fret>
					</technical>
				</notations>
			</note>
		</measure>

		<measure number="5">
			<attributes>
			</attributes>
			<note>
				<pitch>
					<step>D</step>
					<alter>1</alter>
					<octave>5</octave>
				</pitch>
				<duration>3</duration>
				<type>eighth</type>
				<dot/>
				<accidental>sharp</accidental>
				<notations>
					<technical>
						<string>1</string>
						<fret>0</fret>
					</technical>
				</notations>
			</note>
			<note>
				<chord/>
				<pitch>
					<step>C</step>
					<alter>1</alter>
					<octave>5</octave>
				</pitch>
				<duration>3</duration>
				<type>eighth</type>
				<dot/>
				<accidental>sharp</accidental>
				<notations>
					<technical>
						<string>2</string>
						<fret>3</fret>
					</technical>
				</notations>
			</note>
			<note>
				<chord/>
				<pitch>
					<step>G</step>
					<octave>4</octave>
				</pitch>
				<duration>3</duration>
				<type>eighth</type>
				<dot/>
				<notations>
					<technical>
						<string>3</string>
						<fret>1</fret>
					</technical>
				</notations>
			</note>
			<note>
				<chord/>
				<pitch>
					<step>C</step>
					<alter>1</alter>
					<octave>4</octave>
				</pitch>
				<duration>3</duration>
				<type>eighth</type>
				<dot/>
				<accidental>sharp</accidental>
				<notations>
					<technical>
						<string>4</string>
						<fret>0</fret>
					</technical>
				</notations>
			</note>
			<note>
				<chord/>
				<pitch>
					<step>G</step>
					<alter>1</alter>
					<octave>3</octave>
				</pitch>
				<duration>3</duration>
				<type>eighth</type>
				<dot/>
				<accidental>sharp</accidental>
				<notations>
					<technical>
						<string>5</string>
						<fret>0</fret>
					</technical>
				</notations>
			</note>
			<note>
				<chord/>
				<pitch>
					<step>C</step>
					<alter>1</alter>
					<octave>3</octave>
				</pitch>
				<duration>3</duration>
				<type>eighth</type>
				<dot/>
				<accidental>sharp</accidental>
				<notations>
					<technical>
						<string>6</string>
						<fret>0</fret>
					</technical>
				</notations>
			</note>
			<note>
				<pitch>
					<step>D</step>
					<alter>1</alter>
					<octave>5</octave>
				</pitch>
				<duration>1</duration>
				<type>16th</type>
				<notations>
					<technical>
						<string>1</string>
						<fret>0</fret>
					</technical>
				</notations>
			</note>
			<note>
				<chord/>
				<pitch>
					<step>C</step>
					<alter>1</alter>
					<octave>5</octave>
				</pitch>
				<duration>1</duration>
				<type>16th</type>
				<notations>
					<technical>
						<string>2</string>
						<fret>3</fret>
					</technical>
				</notations>
			</note>
			<note>
				<chord/>
				<pitch>
					<step>G</step>
					<octave>4</octave>
				</pitch>
				<duration>1</duration>
				<type>16th</type>
				<notations>
					<technical>
						<string>3</string>
						<fret>1</fret>
					</technical>
				</notations>
			</note>
			<note>
				<chord/>
				<pitch>
					<step>C</step>
					<alter>1</alter>
					<octave>4</octave>
				</pitch>
				<duration>1</duration>
				<type>16th</type>
				<notations>
					<technical>
						<string>4</string>
						<fret>0</fret>
					</technical>
				</notations>
			</note>
			<note>
				<pitch>
					<step>C</step>
					<alter>1</alter>
					<octave>4</octave>
				</pitch>
				<duration>2</duration>
				<type>eighth</type>
				<notations>
					<technical>
						<string>4</string>
						<fret>0</fret>
					</technical>
				</notations>
			</note>
			<note>
				<chord/>
				<pitch>
					<step>G</step>
					<alter>1</alter>
					<octave>3</octave>
				</pitch>
				<duration>2</duration>
				<type>eighth</type>
				<notations>
					<technical>
						<string>5</string>
						<fret>0</fret>
					</technical>
				</notations>
			</note>
			<note>
				<chord/>
				<pitch>
					<step>C</step>
					<alter>1</alter>
					<octave>3</octave>
				</pitch>
				<duration>2</duration>
				<type>eighth</type>
				<notations>
					<technical>
						<string>6</string>
						<fret>0</fret>
					</technical>
				</notations>
			</note>
			<note>
				<pitch>
					<step>D</step>
					<alter>1</alter>
					<octave>5</octave>
				</pitch>
				<duration>3</duration>
				<type>eighth</type>
				<dot/>
				<notations>
					<technical>
						<string>1</string>
						<fret>0</fret>
					</technical>
				</notations>
			</note>
			<note>
				<chord/>
				<pitch>
					<step>C</step>
					<alter>1</alter>
					<octave>5</octave>
				</pitch>
				<duration>3</duration>
				<type>eighth</type>
				<dot/>
				<notations>
					<technical>
						<string>2</string>
						<fret>3</fret>
					</technical>
				</notations>
			</note>
			<note>
				<chord/>
				<pitch>
					<step>G</step>
					<octave>4</octave>
				</pitch>
				<duration>3</duration>
				<type>eighth</type>
				<dot/>
				<notations>
					<technical>
						<string>3</string>
						<fret>1</fret>
					</technical>
				</notations>
			</note>
			<note>
				<chord/>
				<pitch>
					<step>C</step>
					<alter>1</alter>
					<octave>4</octave>
				</pitch>
				<duration>3</duration>
				<type>eighth</type>
				<dot/>
				<notations>
					<technical>
						<string>4</string>
						<fret>0</fret>
					</technical>
				</notations>
			</note>
			<note>
				<pitch>
					<step>D</step>
					<alter>1</alter>
					<octave>5</octave>
				</pitch>
				<duration>1</duration>
				<type>16th</type>
				<notations>
					<technical>
						<string>1</string>
						<fret>0</fret>
					</technical>
				</notations>
			</note>
			<note>
				<chord/>
				<pitch>
					<step>C</step>
					<alter>1</alter>
					<octave>5</octave>
				</pitch>
				<duration>1</duration>
				<type>16th</type>
				<notations>
					<technical>
						<string>2</string>
						<fret>3</fret>
					</technical>
				</notations>
			</note>
			<note>
				<chord/>
				<pitch>
					<step>G</step>
					<octave>4</octave>
				</pitch>
				<duration>1</duration>
				<type>16th</type>
				<notations>
					<technical>
						<string>3</string>
						<fret>1</fret>
					</technical>
				</notations>
			</note>
			<note>
				<chord/>
				<pitch>
					<step>C</step>
					<alter>1</alter>
					<octave>4</octave>
				</pitch>
				<duration>1</duration>
				<type>16th</type>
				<notations>
					<technical>
						<string>4</string>
						<fret>0</fret>
					</technical>
				</notations>
			</note>
			<note>
				<pitch>
					<step>C</step>
					<alter>1</alter>
					<octave>4</octave>
				</pitch>
				<duration>2</duration>
				<type>eighth</type>
				<notations>
					<technical>
						<string>4</string>
						<fret>0</fret>
					</technical>
				</notations>
			</note>
			<note>
				<chord/>
				<pitch>
					<step>G</step>
					<alter>1</alter>
					<octave>3</octave>
				</pitch>
				<duration>2</duration>
				<type>eighth</type>
				<notations>
					<technical>
						<string>5</string>
						<fret>0</fret>
					</technical>
				</notations>
			</note>
			<note>
				<chord/>
				<pitch>
					<step>C</step>
					<alter>1</alter>
					<octave>3</octave>
				</pitch>
				<duration>2</duration>
				<type>eighth</type>
				<notations>
					<technical>
						<string>6</string>
						<fret>0</fret>
					</technical>
				</notations>
			</note>
			<note>
				<pitch>
					<step>D</step>
					<alter>1</alter>
					<octave>5</octave>
				</pitch>
				<duration>3</duration>
				<type>eighth</type>
				<dot/>
				<notations>
					<technical>
						<string>1</string>
						<fret>0</fret>
					</technical>
				</notations>
			</note>
			<note>
				<chord/>
				<pitch>
					<step>C</step>
					<alter>1</alter>
					<octave>5</octave>
				</pitch>
				<duration>3</duration>
				<type>eighth</type>
				<dot/>
				<notations>
					<technical>
						<string>2</string>
						<fret>3</fret>
					</technical>
				</notations>
			</note>
			<note>
				<chord/>
				<pitch>
					<step>G</step>
					<octave>4</octave>
				</pitch>
				<duration>3</duration>
				<type>eighth</type>
				<dot/>
				<notations>
					<technical>
						<string>3</string>
						<fret>1</fret>
					</technical>
				</notations>
			</note>
			<note>
				<chord/>
				<pitch>
					<step>C</step>
					<alter>1</alter>
					<octave>4</octave>
				</pitch>
				<duration>3</duration>
				<type>eighth</type>
				<dot/>
				<notations>
					<technical>
						<string>4</string>
						<fret>0</fret>
					</technical>
				</notations>
			</note>
			<note>
				<pitch>
					<step>C</step>
					<alter>1</alter>
					<octave>4</octave>
				</pitch>
				<duration>1</duration>
				<type>16th</type>
				<notations>
					<technical>
						<string>4</string>
						<fret>0</fret>
					</technical>
				</notations>
			</note>
			<note>
				<chord/>
				<pitch>
					<step>G</step>
					<alter>1</alter>
					<octave>3</octave>
				</pitch>
				<duration>1</duration>
				<type>16th</type>
				<notations>
					<technical>
						<string>5</string>
						<fret>0</fret>
					</technical>
				</notations>
			</note>
			<note>
				<chord/>
				<pitch>
					<step>C</step>
					<alter>1</alter>
					<octave>3</octave>
				</pitch>
				<duration>1</duration>
				<type>16th</type>
				<notations>
					<technical>
						<string>6</string>
						<fret>0</fret>
					</technical>
				</notations>
			</note>
		</measure>

		<measure number="6">
			<attributes>
			</attributes>
			<note>
				<pitch>
					<step>D</step>
					<alter>1</alter>
					<octave>5</octave>
				</pitch>
				<duration>2</duration>
				<type>eighth</type>
				<accidental>sharp</accidental>
				<notations>
					<technical>
						<string>1</string>
						<fret>0</fret>
					</technical>
				</notations>
			</note>
			<note>
				<chord/>
				<pitch>
					<step>E</step>
					<octave>5</octave>
				</pitch>
				<duration>2</duration>
				<type>eighth</type>
				<notations>
					<technical>
						<string>2</string>
						<fret>6</fret>
					</technical>
				</notations>
			</note>
			<note>
				<chord/>
				<pitch>
					<step>B</step>
					<octave>4</octave>
				</pitch>
				<duration>2</duration>
				<type>eighth</type>
				<notations>
					<technical>
						<string>3</string>
						<fret>5</fret>
					</technical>
				</notations>
			</note>
			<note>
				<chord/>
				<pitch>
					<step>C</step>
					<alter>1</alter>
					<octave>4</octave>
				</pitch>
				<duration>2</duration>
				<type>eighth</type>
				<accidental>sharp</accidental>
				<notations>
					<technical>
						<string>4</string>
						<fret>0</fret>
					</technical>
				</notations>
			</note>
			<note>
				<pitch>
					<step>D</step>
					<alter>1</alter>
					<octave>5</octave>
				</pitch>
				<duration>2</duration>
				<type>eighth</type>
				<notations>
					<technical>
						<string>1</string>
						<fret>0</fret>
					</technical>
				</notations>
			</note>
			<note>
				<chord/>
				<pitch>
					<step>E</step>
					<octave>5</octave>
				</pitch>
				<duration>2</duration>
				<type>eighth</type>
				<notations>
					<technical>
						<string>2</string>
						<fret>6</fret>
					</technical>
				</notations>
			</note>
			<note>
				<chord/>
				<pitch>
					<step>A</step>
					<alter>1</alter>
					<octave>4</octave>
				</pitch>
				<duration>2</duration>
				<type>eighth</type>
				<accidental>sharp</accidental>
				<notations>
					<technical>
						<string>3</string>
						<fret>4</fret>
					</technical>
				</notations>
			</note>
			<note>
				<chord/>
				<pitch>
					<step>C</step>
					<alter>1</alter>
					<octave>4</octave>
				</pitch>
				<duration>2</duration>
				<type>eighth</type>
				<notations>
					<technical>
						<string>4</string>
						<fret>0</fret>
					</technical>
				</notations>
			</note>
			<note>
				<pitch>
					<step>D</step>
					<alter>1</alter>
					<octave>5</octave>
				</pitch>
				<duration>4</duration>
				<type>quarter</type>
				<notations>
					<technical>
						<string>1</string>
						<fret>0</fret>
					</technical>
				</notations>
			</note>
			<note>
				<chord/>
				<pitch>
					<step>E</step>
					<octave>5</octave>
				</pitch>
				<duration>4</duration>
				<type>quarter</type>
				<notations>
					<technical>
						<string>2</string>
						<fret>6</fret>
					</technical>
				</notations>
			</note>
			<note>
				<chord/>
				<pitch>
					<step>A</step>
					<alter>1</alter>
					<octave>4</octave>
				</pitch>
				<duration>4</duration>
				<type>quarter</type>
				<notations>
					<technical>
						<string>3</string>
						<fret>4</fret>
					</technical>
				</notations>
			</note>
			<note>
				<chord/>
				<pitch>
					<step>C</step>
					<alter>1</alter>
					<octave>4</octave>
				</pitch>
				<duration>4</duration>
				<type>quarter</type>
				<notations>
					<technical>
						<string>4</string>
						<fret>0</fret>
					</technical>
				</notations>
			</note>
			<note>
				<pitch>
					<step>G</step>
					<alter>1</alter>
					<octave>5</octave>
				</pitch>
				<duration>1</duration>
				<type>16th</type>
				<accidental>sharp</accidental>
				<notations>
					<technical>
						<string>1</string>
						<fret>5</fret>
					</technical>
				</notations>
			</note>
			<note>
				<pitch>
					<step>E</step>
					<octave>5</octave>
				</pitch>
				<duration>1</duration>
				<type>16th</type>
				<notations>
					<technical>
						<string>2</string>
						<fret>6</fret>
					</technical>
				</notations>
			</note>
			<note>
				<pitch>
					<step>A</step>
					<alter>1</alter>
					<octave>4</octave>
				</pitch>
				<duration>1</duration>
				<type>16th</type>
				<notations>
					<technical>
						<string>3</string>
						<fret>4</fret>
					</technical>
				</notations>
			</note>
			<note>
				<pitch>
					<step>A</step>
					<octave>4</octave>
				</pitch>
				<duration>1</duration>
				<type>16th</type>
				<accidental>natural</accidental>
				<notations>
					<technical>
						<string>3</string>
						<fret>3</fret>
					</technical>
				</notations>
			</note>
			<note>
				<pitch>
					<step>D</step>
					<alter>1</alter>
					<octave>4</octave>
				</pitch>
				<duration>1</duration>
				<type>16th</type>
				<accidental>sharp</accidental>
				<notations>
					<technical>
						<string>4</string>
						<fret>2</fret>
					</technical>
				</notations>
			</note>
			<note>
				<pitch>
					<step>A</step>
					<octave>4</octave>
				</pitch>
				<duration>1</duration>
				<type>16th</type>
				<notations>
					<technical>
						<string>3</string>
						<fret>3</fret>
					</technical>
				</notations>
			</note>
			<note>
				<pitch>
					<step>D</step>
					<alter>1</alter>
					<octave>5</octave>
				</pitch>
				<duration>1</duration>
				<type>16th</type>
				<notations>
					<technical>
						<string>1</string>
						<fret>0</fret>
					</technical>
				</notations>
			</note>
			<note>
				<pitch>
					<step>A</step>
					<octave>4</octave>
				</pitch>
				<duration>1</duration>
				<type>16th</type>
				<notations>
					<technical>
						<string>3</string>
						<fret>3</fret>
					</technical>
				</notations>
			</note>
		</measure>

		<measure number="7">
			<attributes>
			</attributes>
			<note>
				<pitch>
					<step>D</step>
					<alter>1</alter>
					<octave>5</octave>
				</pitch>
				<duration>3</duration>
				<type>eighth</type>
				<dot/>
				<accidental>sharp</accidental>
				<notations>
					<technical>
						<string>1</string>
						<fret>0</fret>
					</technical>
				</notations>
			</note>
			<note>
				<chord/>
				<pitch>
					<step>C</step>
					<alter>1</alter>
					<octave>5</octave>
				</pitch>
				<duration>3</duration>
				<type>eighth</type>
				<dot/>
				<accidental>sharp</accidental>
				<notations>
					<technical>
						<string>2</string>
						<fret>3</fret>
					</technical>
				</notations>
			</note>
			<note>
				<chord/>
				<pitch>
					<step>G</step>
					<octave>4</octave>
				</pitch>
				<duration>3</duration>
				<type>eighth</type>
				<dot/>
				<notations>
					<technical>
						<string>3</string>
						<fret>1</fret>
					</technical>
				</notations>
			</note>
			<note>
				<chord/>
				<pitch>
					<step>C</step>
					<alter>1</alter>
					<octave>4</octave>
				</pitch>
				<duration>3</duration>
				<type>eighth</type>
				<dot/>
				<accidental>sharp</accidental>
				<notations>
					<technical>
						<string>4</string>
						<fret>0</fret>
					</technical>
				</notations>
			</note>
			<note>
				<chord/>
				<pitch>
					<step>G</step>
					<alter>1</alter>
					<octave>3</octave>
				</pitch>
				<duration>3</duration>
				<type>eighth</type>
				<dot/>
				<accidental>sharp</accidental>
				<notations>
					<technical>
						<string>5</string>
						<fret>0</fret>
					</technical>
				</notations>
			</note>
			<note>
				<chord/>
				<pitch>
					<step>C</step>
					<alter>1</alter>
					<octave>3</octave>
				</pitch>
				<duration>3</duration>
				<type>eighth</type>
				<dot/>
				<accidental>sharp</accidental>
				<notations>
					<technical>
						<string>6</string>
						<fret>0</fret>
					</technical>
				</notations>
			</note>
			<note>
				<pitch>
					<step>D</step>
					<alter>1</alter>
					<octave>5</octave>
				</pitch>
				<duration>1</duration>
				<type>16th</type>
				<notations>
					<technical>
						<string>1</string>
						<fret>0</fret>
					</technical>
				</notations>
			</note>
			<note>
				<chord/>
				<pitch>
					<step>C</step>
					<alter>1</alter>
					<octave>5</octave>
				</pitch>
				<duration>1</duration>
				<type>16th</type>
				<notations>
					<technical>
						<string>2</string>
						<fret>3</fret>
					</technical>
				</notations>
			</note>
			<note>
				<chord/>
				<pitch>
					<step>G</step>
					<octave>4</octave>
				</pitch>
				<duration>1</duration>
				<type>16th</type>
				<notations>
					<technical>
						<string>3</string>
						<fret>1</fret>
					</technical>
				</notations>
			</note>
			<note>
				<chord/>
				<pitch>
					<step>C</step>
					<alter>1</alter>
					<octave>4</octave>
				</pitch>
				<duration>1</duration>
				<type>16th</type>
				<notations>
					<technical>
						<string>4</string>
						<fret>0</fret>
					</technical>
				</notations>
			</note>
			<note>
				<pitch>
					<step>C</step>
					<alter>1</alter>
					<octave>4</octave>
				</pitch>
				<duration>2</duration>
				<type>eighth</type>
				<notations>
					<technical>
						<string>4</string>
						<fret>0</fret>
					</technical>
				</notations>
			</note>
			<note>
				<chord/>
				<pitch>
					<step>G</step>
					<alter>1</alter>
					<octave>3</octave>
				</pitch>
				<duration>2</duration>
				<type>eighth</type>
				<notations>
					<technical>
						<string>5</string>
						<fret>0</fret>
					</technical>
				</notations>
			</note>
			<note>
				<chord/>
				<pitch>
					<step>C</step>
					<alter>1</alter>
					<octave>3</octave>
				</pitch>
				<duration>2</duration>
				<type>eighth</type>
				<notations>
					<technical>
						<string>6</string>
						<fret>0</fret>
					</technical>
				</notations>
			</note>
			<note>
				<pitch>
					<step>D</step>
					<alter>1</alter>
					<octave>5</octave>
				</pitch>
				<duration>3</duration>
				<type>eighth</type>
				<dot/>
				<notations>
					<technical>
						<string>1</string>
						<fret>0</fret>
					</technical>
				</notations>
			</note>
			<note>
				<chord/>
				<pitch>
					<step>C</step>
					<alter>1</alter>
					<octave>5</octave>
				</pitch>
				<duration>3</duration>
				<type>eighth</type>
				<dot/>
				<notations>
					<technical>
						<string>2</string>
						<fret>3</fret>
					</technical>
				</notations>
			</note>
			<note>
				<chord/>
				<pitch>
					<step>G</step>
					<octave>4</octave>
				</pitch>
				<duration>3</duration>
				<type>eighth</type>
				<dot/>
				<notations>
					<technical>
						<string>3</string>
						<fret>1</fret>
					</technical>
				</notations>
			</note>
			<note>
				<chord/>
				<pitch>
					<step>C</step>
					<alter>1</alter>
					<octave>4</octave>
				</pitch>
				<duration>3</duration>
				<type>eighth</type>
				<dot/>
				<notations>
					<technical>
						<string>4</string>
						<fret>0</fret>
					</technical>
				</notations>
			</note>
			<note>
				<pitch>
					<step>D</step>
					<alter>1</alter>
					<octave>5</octave>
				</pitch>
				<duration>1</duration>
				<type>16th</type>
				<notations>
					<technical>
						<string>1</string>
						<fret>0</fret>
					</technical>
				</notations>
			</note>
			<note>
				<chord/>
				<pitch>
					<step>C</step>
					<alter>1</alter>
					<octave>5</octave>
				</pitch>
				<duration>1</duration>
				<type>16th</type>
				<notations>
					<technical>
						<string>2</string>
						<fret>3</fret>
					</technical>
				</notations>
			</note>
			<note>
				<chord/>
				<pitch>
					<step>G</step>
					<octave>4</octave>
				</pitch>
				<duration>1</duration>
				<type>16th</type>
				<notations>
					<technical>
						<string>3</string>
						<fret>1</fret>
					</technical>
				</notations>
			</note>
			<note>
				<chord/>
				<pitch>
					<step>C</step>
					<alter>1</alter>
					<octave>4</octave>
				</pitch>
				<duration>1</duration>
				<type>16th</type>
				<notations>
					<technical>
						<string>4</string>
						<fret>0</fret>
					</technical>
				</notations>
			</note>
			<note>
				<pitch>
					<step>C</step>
					<alter>1</alter>
					<octave>4</octave>
				</pitch>
				<duration>2</duration>
				<type>eighth</type>
				<notations>
					<technical>
						<string>4</string>
						<fret>0</fret>
					</technical>
				</notations>
			</note>
			<note>
				<chord/>
				<pitch>
					<step>G</step>
					<alter>1</alter>
					<octave>3</octave>
				</pitch>
				<duration>2</duration>
				<type>eighth</type>
				<notations>
					<technical>
						<string>5</string>
						<fret>0</fret>
					</technical>
				</notations>
			</note>
			<note>
				<chord/>
				<pitch>
					<step>C</step>
					<alter>1</alter>
					<octave>3</octave>
				</pitch>
				<duration>2</duration>
				<type>eighth</type>
				<notations>
					<technical>
						<string>6</string>
						<fret>0</fret>
					</technical>
				</notations>
			</note>
			<note>
				<pitch>
					<step>D</step>
					<alter>1</alter>
					<octave>5</octave>
				</pitch>
				<duration>3</duration>
				<type>eighth</type>
				<dot/>
				<notations>
					<technical>
						<string>1</string>
						<fret>0</fret>
					</technical>
				</notations>
			</note>
			<note>
				<chord/>
				<pitch>
					<step>C</step>
					<alter>1</alter>
					<octave>5</octave>
				</pitch>
				<duration>3</duration>
				<type>eighth</type>
				<dot/>
				<notations>
					<technical>
						<string>2</string>
						<fret>3</fret>
					</technical>
				</notations>
			</note>
			<note>
				<chord/>
				<pitch>
					<step>G</step>
					<octave>4</octave>
				</pitch>
				<duration>3</duration>
				<type>eighth</type>
				<dot/>
				<notations>
					<technical>
						<string>3</string>
						<fret>1</fret>
					</technical>
				</notations>
			</note>
			<note>
				<chord/>
				<pitch>
					<step>C</step>
					<alter>1</alter>
					<octave>4</octave>
				</pitch>
				<duration>3</duration>
				<type>eighth</type>
				<dot/>
				<notations>
					<technical>
						<string>4</string>
						<fret>0</fret>
					</technical>
				</notations>
			</note>
			<note>
				<pitch>
					<step>C</step>
					<alter>1</alter>
					<octave>4</octave>
				</pitch>
				<duration>1</duration>
				<type>16th</type>
				<notations>
					<technical>
						<string>4</string>
						<fret>0</fret>
					</technical>
				</notations>
			</note>
			<note>
				<chord/>
				<pitch>
					<step>G</step>
					<alter>1</alter>
					<octave>3</octave>
				</pitch>
				<duration>1</duration>
				<type>16th</type>
				<notations>
					<technical>
						<string>5</string>
						<fret>0</fret>
					</technical>
				</notations>
			</note>
			<note>
				<chord/>
				<pitch>
					<step>C</step>
					<alter>1</alter>
					<octave>3</octave>
				</pitch>
				<duration>1</duration>
				<type>16th</type>
				<notations>
					<technical>
						<string>6</string>
						<fret>0</fret>
					</technical>
				</notations>
			</note>
		</measure>

		<measure number="8">
			<attributes>
			</attributes>
			<note>
				<pitch>
					<step>D</step>
					<alter>1</alter>
					<octave>5</octave>
				</pitch>
				<duration>2</duration>
				<type>eighth</type>
				<accidental>sharp</accidental>
				<notations>
					<technical>
						<string>1</string>
						<fret>0</fret>
					</technical>
				</notations>
			</note>
			<note>
				<chord/>
				<pitch>
					<step>E</step>
					<octave>5</octave>
				</pitch>
				<duration>2</duration>
				<type>eighth</type>
				<notations>
					<technical>
						<string>2</string>
						<fret>6</fret>
					</technical>
				</notations>
			</note>
			<note>
				<chord/>
				<pitch>
					<step>B</step>
					<octave>4</octave>
				</pitch>
				<duration>2</duration>
				<type>eighth</type>
				<notations>
					<technical>
						<string>3</string>
						<fret>5</fret>
					</technical>
				</notations>
			</note>
			<note>
				<chord/>
				<pitch>
					<step>C</step>
					<alter>1</alter>
					<octave>4</octave>
				</pitch>
				<duration>2</duration>
				<type>eighth</type>
				<accidental>sharp</accidental>
				<notations>
					<technical>
						<string>4</string>
						<fret>0</fret>
					</technical>
				</notations>
			</note>
			<note>
				<pitch>
					<step>D</step>
					<alter>1</alter>
					<octave>5</octave>
				</pitch>
				<duration>2</duration>
				<type>eighth</type>
				<notations>
					<technical>
						<string>1</string>
						<fret>0</fret>
					</technical>
				</notations>
			</note>
			<note>
				<chord/>
				<pitch>
					<step>E</step>
					<octave>5</octave>
				</pitch>
				<duration>2</duration>
				<type>eighth</type>
				<notations>
					<technical>
						<string>2</string>
						<fret>6</fret>
					</technical>
				</notations>
			</note>
			<note>
				<chord/>
				<pitch>
					<step>A</step>
					<alter>1</alter>
					<octave>4</octave>
				</pitch>
				<duration>2</duration>
				<type>eighth</type>
				<accidental>sharp</accidental>
				<notations>
					<technical>
						<string>3</string>
						<fret>4</fret>
					</technical>
				</notations>
			</note>
			<note>
				<chord/>
				<pitch>
					<step>C</step>
					<alter>1</alter>
					<octave>4</octave>
				</pitch>
				<duration>2</duration>
				<type>eighth</type>
				<notations>
					<technical>
						<string>4</string>
						<fret>0</fret>
					</technical>
				</notations>
			</note>
			<note>
				<pitch>
					<step>D</step>
					<alter>1</alter>
					<octave>5</octave>
				</pitch>
				<duration>4</duration>
				<type>quarter</type>
				<notations>
					<technical>
						<string>1</string>
						<fret>0</fret>
					</technical>
				</notations>
			</note>
			<note>
				<chord/>
				<pitch>
					<step>E</step>
					<octave>5</octave>
				</pitch>
				<duration>4</duration>
				<type>quarter</type>
				<notations>
					<technical>
						<string>2</string>
						<fret>6</fret>
					</technical>
				</notations>
			</note>
			<note>
				<chord/>
				<pitch>
					<step>A</step>
					<alter>1</alter>
					<octave>4</octave>
				</pitch>
				<duration>4</duration>
				<type>quarter</type>
				<notations>
					<technical>
						<string>3</string>
						<fret>4</fret>
					</technical>
				</notations>
			</note>
			<note>
				<chord/>
				<pitch>
					<step>C</step>
					<alter>1</alter>
					<octave>4</octave>
				</pitch>
				<duration>4</duration>
				<type>quarter</type>
				<notations>
					<technical>
						<string>4</string>
						<fret>0</fret>
					</technical>
				</notations>
			</note>
			<note>
				<pitch>
					<step>G</step>
					<alter>1</alter>
					<octave>5</octave>
				</pitch>
				<duration>1</duration>
				<type>16th</type>
				<accidental>sharp</accidental>
				<notations>
					<technical>
						<string>1</string>
						<fret>5</fret>
					</technical>
				</notations>
			</note>
			<note>
				<pitch>
					<step>E</step>
					<octave>5</octave>
				</pitch>
				<duration>1</duration>
				<type>16th</type>
				<notations>
					<technical>
						<string>2</string>
						<fret>6</fret>
					</technical>
				</notations>
			</note>
			<note>
				<pitch>
					<step>A</step>
					<alter>1</alter>
					<octave>4</octave>
				</pitch>
				<duration>1</duration>
				<type>16th</type>
				<notations>
					<technical>
						<string>3</string>
						<fret>4</fret>
					</technical>
				</notations>
			</note>
			<note>
				<pitch>
					<step>A</step>
					<octave>4</octave>
				</pitch>
				<duration>1</duration>
				<type>16th</type>
				<accidental>natural</accidental>
				<notations>
					<technical>
						<string>3</string>
						<fret>3</fret>
					</technical>
				</notations>
			</note>
			<note>
				<pitch>
					<step>D</step>
					<alter>1</alter>
					<octave>4</octave>
				</pitch>
				<duration>1</duration>
				<type>16th</type>
				<accidental>sharp</accidental>
				<notations>
					<technical>
						<string>4</string>
						<fret>2</fret>
					</technical>
				</notations>
			</note>
			<note>
				<pitch>
					<step>A</step>
					<octave>4</octave>
				</pitch>
				<duration>1</duration>
				<type>16th</type>
				<notations>
					<technical>
						<string>3</string>
						<fret>3</fret>
					</technical>
				</notations>
			</note>
			<note>
				<pitch>
					<step>D</step>
					<alter>1</alter>
					<octave>5</octave>
				</pitch>
				<duration>1</duration>
				<type>16th</type>
				<notations>
					<technical>
						<string>1</string>
						<fret>0</fret>
					</technical>
				</notations>
			</note>
			<note>
				<pitch>
					<step>A</step>
					<octave>4</octave>
				</pitch>
				<duration>1</duration>
				<type>16th</type>
				<notations>
					<technical>
						<string>3</string>
						<fret>3</fret>
					</technical>
				</notations>
			</note>
		</measure>

	</part>

	<part id="P2">
		<measure number="1">
			<attributes>
				<divisions>12</divisions>
				<key>
					<fifths>0</fifths>
					<mode>major</mode>
				</key>
				<time>
					<beats>4</beats>
					<beat-type>4</beat-type>
				</time>
				<clef>
					<sign>G</sign>
					<line>2</line>
				</clef>
				<staff-details>
					<staff-lines>6</staff-lines>
					<staff-tuning line="6">
						<tuning-step>C</tuning-step>
						<tuning-alter>1</tuning-alter>
						<tuning-octave>3</tuning-octave>
					</staff-tuning>
					<staff-tuning line="5">
						<tuning-step>G</tuning-step>
						<tuning-alter>1</tuning-alter>
						<tuning-octave>3</tuning-octave>
					</staff-tuning>
					<staff-tuning line="4">
						<tuning-step>C</tuning-step>
						<tuning-alter>1</tuning-alter>
						<tuning-octave>4</tuning-octave>
					</staff-tuning>
					<staff-tuning line="3">
						<tuning-step>F</tuning-step>
						<tuning-alter>1</tuning-alter>
						<tuning-octave>4</tuning-octave>
					</staff-tuning>
					<staff-tuning line="2">
						<tuning-step>A</tuning-step>
						<tuning-alter>1</tuning-alter>
						<tuning-octave>4</tuning-octave>
					</staff-tuning>
					<staff-tuning line="1">
						<tuning-step>D</tuning-step>
						<tuning-alter>1</tuning-alter>
						<tuning-octave>5</tuning-octave>
					</staff-tuning>
					<capo>0</capo>
				</staff-details>
			</attributes>
			<sound tempo="78"/>
			<note>
				<rest/>
				<duration>48</duration>
				<type>whole</type>
			</note>
		</measure>

		<measure number="2">
			<attributes>
			</attributes>
			<note>
				<rest/>
				<duration>48</duration>
				<type>whole</type>
			</note>
		</measure>

		<measure number="3">
			<attributes>
			</attributes>
			<note>
				<pitch>
					<step>B</step>
					<octave>4</octave>
				</pitch>
				<duration>3</duration>
				<type>16th</type>
				<notations>
					<technical>
						<string>4</string>
						<fret>10</fret>
					</technical>
				</notations>
			</note>
			<note>
				<pitch>
					<step>A</step>
					<alter>1</alter>
					<octave>4</octave>
				</pitch>
				<duration>3</duration>
				<type>16th</type>
				<accidental>sharp</accidental>
				<notations>
					<technical>
						<string>4</string>
						<fret>9</fret>
					</technical>
				</notations>
			</note>
			<note>
				<pitch>
					<step>E</step>
					<octave>5</octave>
				</pitch>
				<duration>3</duration>
				<type>16th</type>
				<notations>
					<technical>
						<string>3</string>
						<fret>10</fret>
					</technical>
				</notations>
			</note>
			<note>
				<pitch>
					<step>D</step>
					<alter>1</alter>
					<octave>5</octave>
				</pitch>
				<duration>3</duration>
				<type>16th</type>
				<accidental>sharp</accidental>
				<notations>
					<technical>
						<string>3</string>
						<fret>9</fret>
					</technical>
				</notations>
			</note>
			<note>
				<pitch>
					<step>A</step>
					<alter>1</alter>
					<octave>5</octave>
				</pitch>
				<duration>3</duration>
				<type>16th</type>
				<accidental>sharp</accidental>
				<notations>
					<technical>
						<string>2</string>
						<fret>12</fret>
					</technical>
				</notations>
			</note>
			<note>
				<pitch>
					<step>A</step>
					<octave>5</octave>
				</pitch>
				<duration>3</duration>
				<type>16th</type>
				<accidental>natural</accidental>
				<notations>
					<technical>
						<string>2</string>
						<fret>11</fret>
					</technical>
				</notations>
			</note>
			<note>
				<pitch>
					<step>E</step>
					<octave>6</octave>
				</pitch>
				<duration>3</duration>
				<type>16th</type>
				<notations>
					<technical>
						<string>1</string>
						<fret>13</fret>
					</technical>
				</notations>
			</note>
			<note>
				<pitch>
					<step>D</step>
					<alter>1</alter>
					<octave>6</octave>
				</pitch>
				<duration>6</duration>
				<type>eighth</type>
				<accidental>sharp</accidental>
				<notations>
					<technical>
						<string>1</string>
						<fret>12</fret>
					</technical>
				</notations>
			</note>
			<note>
				<rest/>
				<duration>12</duration>
				<type>quarter</type>
			</note>
			<note>
				<rest/>
				<duration>6</duration>
				<type>eighth</type>
			</note>
			<note>
				<rest/>
				<duration>3</duration>
				<type>16th</type>
			</note>
		</measure>

		<measure number="4">
			<attributes>
			</attributes>
			<note>
				<pitch>
					<step>C</step>
					<alter>1</alter>
					<octave>6</octave>
				</pitch>
				<duration>2</duration>
				<type>16th</type>
				<accidental>sharp</accidental>
				<time-modification>
					<actual-notes>3</actual-notes>
					<normal-notes>2</normal-notes>
				</time-modification>
				<notations>
					<technical>
						<string>2</string>
						<fret>15</fret>
					</technical>
				</notations>
			</note>
			<note>
				<pitch>
					<step>D</step>
					<alter>1</alter>
					<octave>6</octave>
				</pitch>
				<duration>2</duration>
				<type>16th</type>
				<accidental>sharp</accidental>
				<time-modification>
					<actual-notes>3</actual-notes>
					<normal-notes>2</normal-notes>
				</time-modification>
				<notations>
					<technical>
						<string>1</string>
						<fret>12</fret>
					</technical>
				</notations>
			</note>
			<note>
				<pitch>
					<step>E</step>
					<octave>6</octave>
				</pitch>
				<duration>2</duration>
				<type>16th</type>
				<time-modification>
					<actual-notes>3</actual-notes>
					<normal-notes>2</normal-notes>
				</time-modification>
				<notations>
					<technical>
						<string>1</string>
						<fret>13</fret>
					</technical>
				</notations>
			</note>
			<note>
				<pitch>
					<step>F</step>
					<alter>1</alter>
					<octave>6</octave>
				</pitch>
				<duration>2</duration>
				<type>16th</type>
				<accidental>sharp</accidental>
				<time-modification>
					<actual-notes>3</actual-notes>
					<normal-notes>2</normal-notes>
				</time-modification>
				<notations>
					<technical>
						<string>1</string>
						<fret>15</fret>
					</technical>
				</notations>
			</note>
			<note>
				<pitch>
					<step>E</step>
					<octave>6</octave>
				</pitch>
				<duration>2</duration>
				<type>16th</type>
				<time-modification>
					<actual-notes>3</actual-notes>
					<normal-notes>2</normal-notes>
				</time-modification>
				<notations>
					<technical>
						<string>1</string>
						<fret>13</fret>
					</technical>
				</notations>
			</note>
			<note>
				<pitch>
					<step>D</step>
					<alter>1</alter>
					<octave>6</octave>
				</pitch>
				<duration>2</duration>
				<type>16th</type>
				<time-modification>
					<actual-notes>3</actual-notes>
					<normal-notes>2</normal-notes>
				</time-modification>
				<notations>
					<technical>
						<string>1</string>
						<fret>12</fret>
					</technical>
				</notations>
			</note>
			<note>
				<pitch>
					<step>C</step>
					<octave>6</octave>
				</pitch>
				<duration>2</duration>
				<type>16th</type>
				<accidental>natural</accidental>
				<time-modification>
					<actual-notes>3</actual-notes>
					<normal-notes>2</normal-notes>
				</time-modification>
				<notations>
					<technical>
						<string>2</string>
						<fret>14</fret>
					</technical>
				</notations>
			</note>
			<note>
				<pitch>
					<step>D</step>
					<alter>1</alter>
					<octave>6</octave>
				</pitch>
				<duration>2</duration>
				<type>16th</type>
				<time-modification>
					<actual-notes>3</actual-notes>
					<normal-notes>2</normal-notes>
				</time-modification>
				<notations>
					<technical>
						<string>1</string>
						<fret>12</fret>
					</technical>
				</notations>
			</note>
			<note>
				<pitch>
					<step>E</step>
					<octave>6</octave>
				</pitch>
				<duration>2</duration>
				<type>16th</type>
				<time-modification>
					<actual-notes>3</actual-notes>
					<normal-notes>2</normal-notes>
				</time-modification>
				<notations>
					<technical>
						<string>1</string>
						<fret>13</fret>
					</technical>
				</notations>
			</note>
			<note>
				<pitch>
					<step>F</step>
					<alter>1</alter>
					<octave>6</octave>
				</pitch>
				<duration>2</duration>
				<type>16th</type>
				<time-modification>
					<actual-notes>3</actual-notes>
					<normal-notes>2</normal-notes>
				</time-modification>
				<notations>
					<technical>
						<string>1</string>
						<fret>15</fret>
					</technical>
				</notations>
			</note>
			<note>
				<pitch>
					<step>E</step>
					<octave>6</octave>
				</pitch>
				<duration>2</duration>
				<type>16th</type>
				<time-modification>
					<actual-notes>3</actual-notes>
					<normal-notes>2</normal-notes>
				</time-modification>
				<notations>
					<technical>
						<string>1</string>
						<fret>13</fret>
					</technical>
				</notations>
			</note>
			<note>
				<pitch>
					<step>D</step>
					<alter>1</alter>
					<octave>6</octave>
				</pitch>
				<duration>2</duration>
				<type>16th</type>
				<time-modification>
					<actual-notes>3</actual-notes>
					<normal-notes>2</normal-notes>
				</time-modification>
				<notations>
					<technical>
						<string>1</string>
						<fret>12</fret>
					</technical>
				</notations>
			</note>
			<note>
				<pitch>
					<step>C</step>
					<alter>1</alter>
					<octave>6</octave>
				</pitch>
				<duration>2</duration>
				<type>16th</type>
				<accidental>sharp</accidental>
				<time-modification>
					<actual-notes>3</actual-notes>
					<normal-notes>2</normal-notes>
				</time-modification>
				<notations>
					<technical>
						<string>2</string>
						<fret>15</fret>
					</technical>
				</notations>
			</note>
			<note>
				<pitch>
					<step>D</step>
					<alter>1</alter>
					<octave>6</octave>
				</pitch>
				<duration>2</duration>
				<type>16th</type>
				<time-modification>
					<actual-notes>3</actual-notes>
					<normal-notes>2</normal-notes>
				</time-modification>
				<notations>
					<technical>
						<string>1</string>
						<fret>12</fret>
					</technical>
				</notations>
			</note>
			<note>
				<pitch>
					<step>E</step>
					<octave>6</octave>
				</pitch>
				<duration>2</duration>
				<type>16th</type>
				<time-modification>
					<actual-notes>3</actual-notes>
					<normal-notes>2</normal-notes>
				</time-modification>
				<notations>
					<technical>
						<string>1</string>
						<fret>13</fret>
					</technical>
				</notations>
			</note>
			<note>
				<pitch>
					<step>F</step>
					<alter>1</alter>
					<octave>6</octave>
				</pitch>
				<duration>2</duration>
				<type>16th</type>
				<time-modification>
					<actual-notes>3</actual-notes>
					<normal-notes>2</normal-notes>
				</time-modification>
				<notations>
					<technical>
						<string>1</string>
						<fret>15</fret>
					</technical>
				</notations>
			</note>
			<note>
				<pitch>
					<step>E</step>
					<octave>6</octave>
				</pitch>
				<duration>2</duration>
				<type>16th</type>
				<time-modification>
					<actual-notes>3</actual-notes>
					<normal-notes>2</normal-notes>
				</time-modification>
				<notations>
					<technical>
						<string>1</string>
						<fret>13</fret>
					</technical>
				</notations>
			</note>
			<note>
				<pitch>
					<step>D</step>
					<alter>1</alter>
					<octave>6</octave>
				</pitch>
				<duration>2</duration>
				<type>16th</type>
				<time-modification>
					<actual-notes>3</actual-notes>
					<normal-notes>2</normal-notes>
				</time-modification>
				<notations>
					<technical>
						<string>1</string>
						<fret>12</fret>
					</technical>
				</notations>
			</note>
			<note>
				<pitch>
					<step>C</step>
					<octave>6</octave>
				</pitch>
				<duration>2</duration>
				<type>16th</type>
				<accidental>natural</accidental>
				<time-modification>
					<actual-notes>3</actual-notes>
					<normal-notes>2</normal-notes>
				</time-modification>
				<notations>
					<technical>
						<string>2</string>
						<fret>14</fret>
					</technical>
				</notations>
			</note>
			<note>
				<pitch>
					<step>D</step>
					<alter>1</alter>
					<octave>6</octave>
				</pitch>
				<duration>2</duration>
				<type>16th</type>
				<time-modification>
					<actual-notes>3</actual-notes>
					<normal-notes>2</normal-notes>
				</time-modification>
				<notations>
					<technical>
						<string>1</string>
						<fret>12</fret>
					</technical>
				</notations>
			</note>
			<note>
				<pitch>
					<step>E</step>
					<octave>6</octave>
				</pitch>
				<duration>2</duration>
				<type>16th</type>
				<time-modification>
					<actual-notes>3</actual-notes>
					<normal-notes>2</normal-notes>
				</time-modification>
				<notations>
					<technical>
						<string>1</string>
						<fret>13</fret>
					</technical>
				</notations>
			</note>
			<note>
				<pitch>
					<step>F</step>
					<alter>1</alter>
					<octave>6</octave>
				</pitch>
				<duration>2</duration>
				<type>16th</type>
				<time-modification>
					<actual-notes>3</actual-notes>
					<normal-notes>2</normal-notes>
				</time-modification>
				<notations>
					<technical>
						<string>1</string>
						<fret>15</fret>
					</technical>
				</notations>
			</note>
			<note>
				<pitch>
					<step>E</step>
					<octave>6</octave>
				</pitch>
				<duration>2</duration>
				<type>16th</type>
				<time-modification>
					<actual-notes>3</actual-notes>
					<normal-notes>2</normal-notes>
				</time-modification>
				<notations>
					<technical>
						<string>1</string>
						<fret>13</fret>
					</technical>
				</notations>
			</note>
			<note>
				<pitch>
					<step>D</step>
					<alter>1</alter>
					<octave>6</octave>
				</pitch>
				<duration>2</duration>
				<type>16th</type>
				<time-modification>
					<actual-notes>3</actual-notes>
					<normal-notes>2</normal-notes>
				</time-modification>
				<notations>
					<technical>
						<string>1</string>
						<fret>12</fret>
					</technical>
				</notations>
			</note>
		</measure>

		<measure number="5">
			<attributes>
			</attributes>
			<note>
				<pitch>
					<step>C</step>
					<alter>1</alter>
					<octave>6</octave>
				</pitch>
				<duration>9</duration>
				<type>eighth</type>
				<dot/>
				<accidental>sharp</accidental>
				<notations>
					<technical>
						<string>2</string>
						<fret>15</fret>
					</technical>
				</notations>
			</note>
			<note>
				<pitch>
					<step>C</step>
					<alter>1</alter>
					<octave>6</octave>
				</pitch>
				<duration>3</duration>
				<type>16th</type>
				<notations>
					<technical>
						<string>2</string>
						<fret>15</fret>
					</technical>
				</notations>
			</note>
			<note>
				<pitch>
					<step>A</step>
					<alter>1</alter>
					<octave>5</octave>
				</pitch>
				<duration>3</duration>
				<type>16th</type>
				<accidental>sharp</accidental>
				<notations>
					<technical>
						<string>2</string>
						<fret>12</fret>
					</technical>
				</notations>
			</note>
			<note>
				<pitch>
					<step>B</step>
					<octave>5</octave>
				</pitch>
				<duration>3</duration>
				<type>16th</type>
				<notations>
					<technical>
						<string>2</string>
						<fret>13</fret>
					</technical>
				</notations>
			</note>
			<note>
				<pitch>
					<step>A</step>
					<octave>5</octave>
				</pitch>
				<duration>6</duration>
				<type>eighth</type>
				<accidental>natural</accidental>
				<notations>
					<technical>
						<string>2</string>
						<fret>11</fret>
					</technical>
				</notations>
			</note>
			<note>
				<pitch>
					<step>A</step>
					<alter>1</alter>
					<octave>5</octave>
				</pitch>
				<duration>3</duration>
				<type>16th</type>
				<accidental>sharp</accidental>
				<notations>
					<technical>
						<string>2</string>
						<fret>12</fret>
					</technical>
				</notations>
			</note>
			<note>
				<pitch>
					<step>G</step>
					<octave>5</octave>
				</pitch>
				<duration>3</duration>
				<type>16th</type>
				<notations>
					<technical>
						<string>2</string>
						<fret>9</fret>
					</technical>
				</notations>
			</note>
			<note>
				<pitch>
					<step>G</step>
					<alter>1</alter>
					<octave>5</octave>
				</pitch>
				<duration>3</duration>
				<type>16th</type>
				<accidental>sharp</accidental>
				<notations>
					<technical>
						<string>2</string>
						<fret>10</fret>
					</technical>
				</notations>
			</note>
			<note>
				<pitch>
					<step>E</step>
					<octave>5</octave>
				</pitch>
				<duration>3</duration>
				<type>16th</type>
				<notations>
					<technical>
						<string>3</string>
						<fret>10</fret>
					</technical>
				</notations>
			</note>
			<note>
				<pitch>
					<step>F</step>
					<alter>1</alter>
					<octave>5</octave>
				</pitch>
				<duration>3</duration>
				<type>16th</type>
				<accidental>sharp</accidental>
				<notations>
					<technical>
						<string>3</string>
						<fret>12</fret>
					</technical>
				</notations>
			</note>
			<note>
				<pitch>
					<step>C</step>
					<alter>1</alter>
					<octave>5</octave>
				</pitch>
				<duration>3</duration>
				<type>16th</type>
				<accidental>sharp</accidental>
				<notations>
					<technical>
						<string>4</string>
						<fret>12</fret>
					</technical>
				</notations>
			</note>
			<note>
				<pitch>
					<step>D</step>
					<octave>5</octave>
				</pitch>
				<duration>6</duration>
				<type>eighth</type>
				<notations>
					<technical>
						<string>4</string>
						<fret>13</fret>
					</technical>
				</notations>
			</note>
		</measure>

		<measure number="6">
			<attributes>
			</attributes>
			<note>
				<pitch>
					<step>C</step>
					<alter>1</alter>
					<octave>5</octave>
				</pitch>
				<duration>12</duration>
				<type>quarter</type>
				<accidental>sharp</accidental>
				<notations>
					<technical>
						<string>4</string>
						<fret>12</fret>
					</technical>
				</notations>
			</note>
			<note>
				<pitch>
					<step>D</step>
					<octave>5</octave>
				</pitch>
				<duration>12</duration>
				<type>quarter</type>
				<notations>
					<technical>
						<string>4</string>
						<fret>13</fret>
					</technical>
				</notations>
			</note>
			<note>
				<pitch>
					<step>B</step>
					<octave>4</octave>
				</pitch>
				<duration>12</duration>
				<type>quarter</type>
				<notations>
					<technical>
						<string>4</string>
						<fret>10</fret>
					</technical>
				</notations>
			</note>
			<note>
				<pitch>
					<step>D</step>
					<octave>5</octave>
				</pitch>
				<duration>12</duration>
				<type>quarter</type>
				<notations>
					<technical>
						<string>4</string>
						<fret>13</fret>
					</technical>
				</notations>
			</note>
		</measure>

		<measure number="7">
			<attributes>
			</attributes>
			<note>
				<rest/>
				<duration>48</duration>
				<type>whole</type>
			</note>
		</measure>

		<measure number="8">
			<attributes>
			</attributes>
			<note>
				<rest/>
				<duration>24</duration>
				<type>half</type>
			</note>
			<note>
				<pitch>
					<step>B</step>
					<octave>5</octave>
				</pitch>
				<duration>3</duration>
				<type>16th</type>
				<notations>
					<technical>
						<string>1</string>
						<fret>8</fret>
					</technical>
				</notations>
			</note>
			<note>
				<pitch>
					<step>G</step>
					<octave>5</octave>
				</pitch>
				<duration>3</duration>
				<type>16th</type>
				<notations>
					<technical>
						<string>2</string>
						<fret>9</fret>
					</technical>
				</notations>
			</note>
			<note>
				<pitch>
					<step>G</step>
					<alter>1</alter>
					<octave>5</octave>
				</pitch>
				<duration>3</duration>
				<type>16th</type>
				<accidental>sharp</accidental>
				<notations>
					<technical>
						<string>2</string>
						<fret>10</fret>
					</technical>
				</notations>
			</note>
			<note>
				<pitch>
					<step>F</step>
					<octave>5</octave>
				</pitch>
				<duration>3</duration>
				<type>16th</type>
				<notations>
					<technical>
						<string>2</string>
						<fret>7</fret>
					</technical>
				</notations>
			</note>
			<note>
				<pitch>
					<step>G</step>
					<alter>1</alter>
					<octave>4</octave>
				</pitch>
				<duration>3</duration>
				<type>16th</type>
				<accidental>sharp</accidental>
				<notations>
					<technical>
						<string>4</string>
						<fret>7</fret>
					</technical>
				</notations>
			</note>
			<note>
				<pitch>
					<step>D</step>
					<octave>5</octave>
				</pitch>
				<duration>3</duration>
				<type>16th</type>
				<notations>
					<technical>
						<string>3</string>
						<fret>8</fret>
					</technical>
				</notations>
			</note>
			<note>
				<pitch>
					<step>G</step>
					<octave>5</octave>
				</pitch>
				<duration>3</duration>
				<type>16th</type>
				<accidental>natural</accidental>
				<notations>
					<technical>
						<string>2</string>
						<fret>9</fret>
					</technical>
				</notations>
			</note>
			<note>
				<pitch>
					<step>D</step>
					<octave>5</octave>
				</pitch>
				<duration>3</duration>
				<type>16th</type>
				<notations>
					<technical>
						<string>3</string>
						<fret>8</fret>
					</technical>
				</notations>
			</note>
		</measure>

	</part>

</score-partwise>
