<?xml version="1.0" encoding="UTF-8" standalone="no"?>
<!DOCTYPE score-partwise PUBLIC
  "-//Recordare//DTD MusicXML 0.5 Partwise//EN"
  "f:\ablage\eingang\musicxml\partwise.dtd">

<score-partwise>
	<work>
		<work-title>Noname</work-title>
	</work>

	<identification>
		<creator type="composer">Noname</creator>
		<encoding>
			<encoder>Noname</encoder>
			<software>TaBazar</software>
		</encoding>
	</identification>

	<part-list>
		<score-part id="P1">
			<part-name>Guitar 7</part-name>
			<score-instrument id="S1">
				<instrument-name>DistortionGuitar</instrument-name>
				<midi-channel>0</midi-channel>
				<midi-instrument>30</midi-instrument>
			</score-instrument>
		</score-part>
	</part-list>

	<part id="P1">
		<measure number="1">
			<attributes>
				<divisions>48</divisions>
				<key>
					<fifths>0</fifths>
					<mode>major</mode>
				</key>
				<time>
					<beats>4</beats>
					<beat-type>4</beat-type>
				</time>
				<clef>
					<sign>G</sign>
					<line>2</line>
				</clef>
				<staff-details>
					<staff-lines>6</staff-lines>
					<staff-tuning line="6">
						<tuning-step>E</tuning-step>
						<tuning-octave>3</tuning-octave>
					</staff-tuning>
					<staff-tuning line="5">
						<tuning-step>A</tuning-step>
						<tuning-octave>3</tuning-octave>
					</staff-tuning>
					<staff-tuning line="4">
						<tuning-step>D</tuning-step>
						<tuning-octave>4</tuning-octave>
					</staff-tuning>
					<staff-tuning line="3">
						<tuning-step>G</tuning-step>
						<tuning-octave>4</tuning-octave>
					</staff-tuning>
					<staff-tuning line="2">
						<tuning-step>B</tuning-step>
						<tuning-octave>4</tuning-octave>
					</staff-tuning>
					<staff-tuning line="1">
						<tuning-step>E</tuning-step>
						<tuning-octave>5</tuning-octave>
					</staff-tuning>
					<capo>0</capo>
				</staff-details>
			</attributes>
			<sound tempo="128"/>
			<note>
				<pitch>
					<step>D</step>
					<octave>6</octave>
				</pitch>
				<duration>8</duration>
				<type>16th</type>
				<time-modification>
					<actual-notes>3</actual-notes>
					<normal-notes>2</normal-notes>
				</time-modification>
				<notations>
					<technical>
						<string>2</string>
						<fret>15</fret>
					</technical>
				</notations>
			</note>
			<note>
				<rest/>
				<duration>8</duration>
				<type>16th</type>
				<time-modification>
					<actual-notes>3</actual-notes>
					<normal-notes>2</normal-notes>
				</time-modification>
			</note>
			<note>
				<pitch>
					<step>B</step>
					<octave>5</octave>
				</pitch>
				<duration>8</duration>
				<type>16th</type>
				<time-modification>
					<actual-notes>3</actual-notes>
					<normal-notes>2</normal-notes>
				</time-modification>
				<notations>
					<technical>
						<string>2</string>
						<fret>12</fret>
					</technical>
				</notations>
			</note>
			<note>
				<pitch>
					<step>D</step>
					<octave>6</octave>
				</pitch>
				<duration>6</duration>
				<type>32th</type>
				<notations>
					<technical>
						<string>2</string>
						<fret>15</fret>
					</technical>
				</notations>
			</note>
			<note>
				<pitch>
					<step>B</step>
					<octave>5</octave>
				</pitch>
				<duration>6</duration>
				<type>32th</type>
				<notations>
					<technical>
						<string>2</string>
						<fret>12</fret>
					</technical>
				</notations>
			</note>
			<note>
				<pitch>
					<step>C</step>
					<alter>1</alter>
					<octave>6</octave>
				</pitch>
				<duration>6</duration>
				<type>32th</type>
				<accidental>sharp</accidental>
				<notations>
					<technical>
						<string>2</string>
						<fret>14</fret>
					</technical>
				</notations>
			</note>
			<note>
				<rest/>
				<duration>6</duration>
				<type>32th</type>
			</note>
			<note>
				<rest/>
				<duration>3</duration>
				<type>64th</type>
			</note>
			<note>
				<pitch>
					<step>B</step>
					<octave>5</octave>
				</pitch>
				<duration>4</duration>
				<type>64th</type>
				<dot/>
				<notations>
					<technical>
						<string>2</string>
						<fret>12</fret>
					</technical>
				</notations>
			</note>
			<note>
				<pitch>
					<step>A</step>
					<octave>5</octave>
				</pitch>
				<duration>4</duration>
				<type>64th</type>
				<dot/>
				<notations>
					<technical>
						<string>3</string>
						<fret>14</fret>
					</technical>
				</notations>
			</note>
			<note>
				<pitch>
					<step>G</step>
					<octave>5</octave>
				</pitch>
				<duration>3</duration>
				<type>64th</type>
				<notations>
					<technical>
						<string>3</string>
						<fret>12</fret>
					</technical>
				</notations>
			</note>
			<note>
				<pitch>
					<step>A</step>
					<octave>5</octave>
				</pitch>
				<duration>4</duration>
				<type>64th</type>
				<dot/>
				<notations>
					<technical>
						<string>3</string>
						<fret>14</fret>
					</technical>
				</notations>
			</note>
			<note>
				<pitch>
					<step>G</step>
					<octave>5</octave>
				</pitch>
				<duration>4</duration>
				<type>64th</type>
				<dot/>
				<notations>
					<technical>
						<string>3</string>
						<fret>12</fret>
					</technical>
				</notations>
			</note>
			<note>
				<pitch>
					<step>E</step>
					<octave>5</octave>
				</pitch>
				<duration>6</duration>
				<type>32th</type>
				<notations>
					<technical>
						<string>4</string>
						<fret>14</fret>
					</technical>
				</notations>
			</note>
			<note>
				<pitch>
					<step>D</step>
					<octave>5</octave>
				</pitch>
				<duration>6</duration>
				<type>32th</type>
				<notations>
					<technical>
						<string>4</string>
						<fret>12</fret>
					</technical>
				</notations>
			</note>
			<note>
				<pitch>
					<step>B</step>
					<octave>4</octave>
				</pitch>
				<duration>6</duration>
				<type>32th</type>
				<notations>
					<technical>
						<string>5</string>
						<fret>14</fret>
					</technical>
				</notations>
			</note>
			<note>
				<pitch>
					<step>A</step>
					<octave>4</octave>
				</pitch>
				<duration>6</duration>
				<type>32th</type>
				<notations>
					<technical>
						<string>5</string>
						<fret>12</fret>
					</technical>
				</notations>
			</note>
			<note>
				<pitch>
					<step>G</step>
					<octave>4</octave>
				</pitch>
				<duration>12</duration>
				<type>16th</type>
				<notations>
					<technical>
						<string>5</string>
						<fret>10</fret>
					</technical>
				</notations>
			</note>
			<note>
				<pitch>
					<step>A</step>
					<octave>4</octave>
				</pitch>
				<duration>24</duration>
				<type>eighth</type>
				<notations>
					<technical>
						<string>5</string>
						<fret>12</fret>
					</technical>
				</notations>
			</note>
			<note>
				<pitch>
					<step>G</step>
					<octave>4</octave>
				</pitch>
				<duration>6</duration>
				<type>32th</type>
				<notations>
					<technical>
						<string>5</string>
						<fret>10</fret>
					</technical>
				</notations>
			</note>
			<note>
				<pitch>
					<step>A</step>
					<octave>4</octave>
				</pitch>
				<duration>6</duration>
				<type>32th</type>
				<notations>
					<technical>
						<string>5</string>
						<fret>12</fret>
					</technical>
				</notations>
			</note>
			<note>
				<pitch>
					<step>B</step>
					<octave>4</octave>
				</pitch>
				<duration>24</duration>
				<type>eighth</type>
				<notations>
					<technical>
						<string>5</string>
						<fret>14</fret>
					</technical>
				</notations>
			</note>
			<note>
				<pitch>
					<step>B</step>
					<octave>4</octave>
				</pitch>
				<duration>12</duration>
				<type>16th</type>
				<notations>
					<technical>
						<string>2</string>
						<fret>0</fret>
					</technical>
				</notations>
			</note>
			<note>
				<pitch>
					<step>F</step>
					<alter>1</alter>
					<octave>6</octave>
				</pitch>
				<duration>12</duration>
				<type>16th</type>
				<accidental>sharp</accidental>
				<notations>
					<technical>
						<string>1</string>
						<fret>14</fret>
					</technical>
				</notations>
			</note>
			<note>
				<chord/>
				<pitch>
					<step>B</step>
					<octave>4</octave>
				</pitch>
				<duration>12</duration>
				<type>16th</type>
				<notations>
					<technical>
						<string>2</string>
						<fret>0</fret>
					</technical>
				</notations>
			</note>
		</measure>

	</part>

</score-partwise>
