<?xml version="1.0" encoding="UTF-8" standalone="no"?>
<!DOCTYPE score-partwise PUBLIC
  "-//Recordare//DTD MusicXML 0.5 Partwise//EN"
  "f:\ablage\eingang\musicxml\partwise.dtd">

<score-partwise>
	<work>
		<work-title>
		</work-title>
	</work>

	<identification>
		<creator type="composer">
		</creator>
		<encoding>
			<encoder>
			</encoder>
			<software>TaBazar</software>
		</encoding>
	</identification>

	<part-list>
		<score-part id="P1">
			<part-name>Track 1</part-name>
			<score-instrument id="S1">
				<instrument-name>DistortionGuitar</instrument-name>
				<midi-channel>0</midi-channel>
				<midi-instrument>30</midi-instrument>
			</score-instrument>
		</score-part>
	</part-list>

	<part id="P1">
		<measure number="1">
			<attributes>
				<divisions>4</divisions>
				<key>
					<fifths>0</fifths>
					<mode>major</mode>
				</key>
				<time>
					<beats>5</beats>
					<beat-type>8</beat-type>
				</time>
				<clef>
					<sign>G</sign>
					<line>2</line>
				</clef>
				<staff-details>
					<staff-lines>6</staff-lines>
					<staff-tuning line="6">
						<tuning-step>D</tuning-step>
						<tuning-octave>3</tuning-octave>
					</staff-tuning>
					<staff-tuning line="5">
						<tuning-step>A</tuning-step>
						<tuning-octave>3</tuning-octave>
					</staff-tuning>
					<staff-tuning line="4">
						<tuning-step>D</tuning-step>
						<tuning-octave>4</tuning-octave>
					</staff-tuning>
					<staff-tuning line="3">
						<tuning-step>G</tuning-step>
						<tuning-octave>4</tuning-octave>
					</staff-tuning>
					<staff-tuning line="2">
						<tuning-step>B</tuning-step>
						<tuning-octave>4</tuning-octave>
					</staff-tuning>
					<staff-tuning line="1">
						<tuning-step>E</tuning-step>
						<tuning-octave>5</tuning-octave>
					</staff-tuning>
					<capo>0</capo>
				</staff-details>
			</attributes>
			<sound tempo="120"/>
			<barline location="left">
				<bar-style>heavy-light</bar-style>
				<repeat direction="forward"/>
			</barline>
			<note>
				<pitch>
					<step>D</step>
					<octave>3</octave>
				</pitch>
				<duration>2</duration>
				<type>eighth</type>
				<notations>
					<technical>
						<string>6</string>
						<fret>0</fret>
					</technical>
				</notations>
			</note>
			<note>
				<pitch>
					<step>F</step>
					<alter>1</alter>
					<octave>3</octave>
				</pitch>
				<duration>2</duration>
				<type>eighth</type>
				<accidental>sharp</accidental>
				<notations>
					<technical>
						<string>6</string>
						<fret>4</fret>
					</technical>
				</notations>
			</note>
			<note>
				<pitch>
					<step>D</step>
					<octave>3</octave>
				</pitch>
				<duration>2</duration>
				<type>eighth</type>
				<notations>
					<technical>
						<string>6</string>
						<fret>0</fret>
					</technical>
				</notations>
			</note>
			<note>
				<pitch>
					<step>D</step>
					<alter>1</alter>
					<octave>3</octave>
				</pitch>
				<duration>2</duration>
				<type>eighth</type>
				<accidental>sharp</accidental>
				<notations>
					<technical>
						<string>6</string>
						<fret>1</fret>
					</technical>
				</notations>
			</note>
			<note>
				<pitch>
					<step>F</step>
					<octave>3</octave>
				</pitch>
				<duration>2</duration>
				<type>eighth</type>
				<accidental>natural</accidental>
				<notations>
					<technical>
						<string>6</string>
						<fret>3</fret>
					</technical>
				</notations>
			</note>
		</measure>

		<measure number="2">
			<attributes>
			</attributes>
			<note>
				<pitch>
					<step>D</step>
					<octave>3</octave>
				</pitch>
				<duration>2</duration>
				<type>eighth</type>
				<notations>
					<technical>
						<string>6</string>
						<fret>0</fret>
					</technical>
				</notations>
			</note>
			<note>
				<pitch>
					<step>F</step>
					<alter>1</alter>
					<octave>3</octave>
				</pitch>
				<duration>2</duration>
				<type>eighth</type>
				<accidental>sharp</accidental>
				<notations>
					<technical>
						<string>6</string>
						<fret>4</fret>
					</technical>
				</notations>
			</note>
			<note>
				<pitch>
					<step>D</step>
					<octave>3</octave>
				</pitch>
				<duration>2</duration>
				<type>eighth</type>
				<notations>
					<technical>
						<string>6</string>
						<fret>0</fret>
					</technical>
				</notations>
			</note>
			<note>
				<pitch>
					<step>D</step>
					<alter>1</alter>
					<octave>3</octave>
				</pitch>
				<duration>2</duration>
				<type>eighth</type>
				<accidental>sharp</accidental>
				<notations>
					<technical>
						<string>6</string>
						<fret>1</fret>
					</technical>
				</notations>
			</note>
			<note>
				<pitch>
					<step>F</step>
					<octave>3</octave>
				</pitch>
				<duration>2</duration>
				<type>eighth</type>
				<accidental>natural</accidental>
				<notations>
					<technical>
						<string>6</string>
						<fret>3</fret>
					</technical>
				</notations>
			</note>
		</measure>

		<measure number="3">
			<attributes>
			</attributes>
			<note>
				<pitch>
					<step>D</step>
					<octave>3</octave>
				</pitch>
				<duration>2</duration>
				<type>eighth</type>
				<notations>
					<technical>
						<string>6</string>
						<fret>0</fret>
					</technical>
				</notations>
			</note>
			<note>
				<pitch>
					<step>F</step>
					<alter>1</alter>
					<octave>3</octave>
				</pitch>
				<duration>2</duration>
				<type>eighth</type>
				<accidental>sharp</accidental>
				<notations>
					<technical>
						<string>6</string>
						<fret>4</fret>
					</technical>
				</notations>
			</note>
			<note>
				<pitch>
					<step>D</step>
					<octave>3</octave>
				</pitch>
				<duration>2</duration>
				<type>eighth</type>
				<notations>
					<technical>
						<string>6</string>
						<fret>0</fret>
					</technical>
				</notations>
			</note>
			<note>
				<pitch>
					<step>D</step>
					<alter>1</alter>
					<octave>3</octave>
				</pitch>
				<duration>2</duration>
				<type>eighth</type>
				<accidental>sharp</accidental>
				<notations>
					<technical>
						<string>6</string>
						<fret>1</fret>
					</technical>
				</notations>
			</note>
			<note>
				<pitch>
					<step>F</step>
					<octave>3</octave>
				</pitch>
				<duration>2</duration>
				<type>eighth</type>
				<accidental>natural</accidental>
				<notations>
					<technical>
						<string>6</string>
						<fret>3</fret>
					</technical>
				</notations>
			</note>
		</measure>

		<measure number="4">
			<attributes>
				<time>
					<beats>7</beats>
					<beat-type>8</beat-type>
				</time>
			</attributes>
			<note>
				<pitch>
					<step>D</step>
					<octave>3</octave>
				</pitch>
				<duration>2</duration>
				<type>eighth</type>
				<notations>
					<technical>
						<string>6</string>
						<fret>0</fret>
					</technical>
				</notations>
			</note>
			<note>
				<pitch>
					<step>F</step>
					<alter>1</alter>
					<octave>3</octave>
				</pitch>
				<duration>2</duration>
				<type>eighth</type>
				<accidental>sharp</accidental>
				<notations>
					<technical>
						<string>6</string>
						<fret>4</fret>
					</technical>
				</notations>
			</note>
			<note>
				<pitch>
					<step>D</step>
					<octave>3</octave>
				</pitch>
				<duration>2</duration>
				<type>eighth</type>
				<notations>
					<technical>
						<string>6</string>
						<fret>0</fret>
					</technical>
				</notations>
			</note>
			<note>
				<pitch>
					<step>D</step>
					<alter>1</alter>
					<octave>3</octave>
				</pitch>
				<duration>2</duration>
				<type>eighth</type>
				<accidental>sharp</accidental>
				<notations>
					<technical>
						<string>6</string>
						<fret>1</fret>
					</technical>
				</notations>
			</note>
			<note>
				<pitch>
					<step>D</step>
					<octave>3</octave>
				</pitch>
				<duration>2</duration>
				<type>eighth</type>
				<accidental>natural</accidental>
				<notations>
					<technical>
						<string>6</string>
						<fret>0</fret>
					</technical>
				</notations>
			</note>
			<note>
				<pitch>
					<step>D</step>
					<alter>1</alter>
					<octave>3</octave>
				</pitch>
				<duration>2</duration>
				<type>eighth</type>
				<accidental>sharp</accidental>
				<notations>
					<technical>
						<string>6</string>
						<fret>1</fret>
					</technical>
				</notations>
			</note>
			<note>
				<pitch>
					<step>F</step>
					<octave>3</octave>
				</pitch>
				<duration>2</duration>
				<type>eighth</type>
				<accidental>natural</accidental>
				<notations>
					<technical>
						<string>6</string>
						<fret>3</fret>
					</technical>
				</notations>
			</note>
			<barline location="right">
				<bar-style>light-heavy</bar-style>
				<repeat direction="backward"/>
			</barline>
		</measure>

		<measure number="5">
			<attributes>
				<time>
					<beats>5</beats>
					<beat-type>8</beat-type>
				</time>
			</attributes>
			<barline location="left">
				<bar-style>heavy-light</bar-style>
				<repeat direction="forward"/>
			</barline>
			<note>
				<pitch>
					<step>A</step>
					<octave>3</octave>
				</pitch>
				<duration>2</duration>
				<type>eighth</type>
				<notations>
					<technical>
						<string>5</string>
						<fret>0</fret>
					</technical>
				</notations>
			</note>
			<note>
				<chord/>
				<pitch>
					<step>D</step>
					<octave>3</octave>
				</pitch>
				<duration>2</duration>
				<type>eighth</type>
				<notations>
					<technical>
						<string>6</string>
						<fret>0</fret>
					</technical>
				</notations>
			</note>
			<note>
				<pitch>
					<step>C</step>
					<alter>1</alter>
					<octave>4</octave>
				</pitch>
				<duration>2</duration>
				<type>eighth</type>
				<accidental>sharp</accidental>
				<notations>
					<technical>
						<string>5</string>
						<fret>4</fret>
					</technical>
				</notations>
			</note>
			<note>
				<chord/>
				<pitch>
					<step>F</step>
					<alter>1</alter>
					<octave>3</octave>
				</pitch>
				<duration>2</duration>
				<type>eighth</type>
				<accidental>sharp</accidental>
				<notations>
					<technical>
						<string>6</string>
						<fret>4</fret>
					</technical>
				</notations>
			</note>
			<note>
				<pitch>
					<step>A</step>
					<octave>3</octave>
				</pitch>
				<duration>2</duration>
				<type>eighth</type>
				<notations>
					<technical>
						<string>5</string>
						<fret>0</fret>
					</technical>
				</notations>
			</note>
			<note>
				<chord/>
				<pitch>
					<step>D</step>
					<octave>3</octave>
				</pitch>
				<duration>2</duration>
				<type>eighth</type>
				<notations>
					<technical>
						<string>6</string>
						<fret>0</fret>
					</technical>
				</notations>
			</note>
			<note>
				<pitch>
					<step>A</step>
					<alter>1</alter>
					<octave>3</octave>
				</pitch>
				<duration>2</duration>
				<type>eighth</type>
				<accidental>sharp</accidental>
				<notations>
					<technical>
						<string>5</string>
						<fret>1</fret>
					</technical>
				</notations>
			</note>
			<note>
				<chord/>
				<pitch>
					<step>D</step>
					<alter>1</alter>
					<octave>3</octave>
				</pitch>
				<duration>2</duration>
				<type>eighth</type>
				<accidental>sharp</accidental>
				<notations>
					<technical>
						<string>6</string>
						<fret>1</fret>
					</technical>
				</notations>
			</note>
			<note>
				<pitch>
					<step>C</step>
					<octave>4</octave>
				</pitch>
				<duration>2</duration>
				<type>eighth</type>
				<accidental>natural</accidental>
				<notations>
					<technical>
						<string>5</string>
						<fret>3</fret>
					</technical>
				</notations>
			</note>
			<note>
				<chord/>
				<pitch>
					<step>F</step>
					<octave>3</octave>
				</pitch>
				<duration>2</duration>
				<type>eighth</type>
				<accidental>natural</accidental>
				<notations>
					<technical>
						<string>6</string>
						<fret>3</fret>
					</technical>
				</notations>
			</note>
		</measure>

		<measure number="6">
			<attributes>
			</attributes>
			<note>
				<pitch>
					<step>A</step>
					<octave>3</octave>
				</pitch>
				<duration>2</duration>
				<type>eighth</type>
				<notations>
					<technical>
						<string>5</string>
						<fret>0</fret>
					</technical>
				</notations>
			</note>
			<note>
				<chord/>
				<pitch>
					<step>D</step>
					<octave>3</octave>
				</pitch>
				<duration>2</duration>
				<type>eighth</type>
				<notations>
					<technical>
						<string>6</string>
						<fret>0</fret>
					</technical>
				</notations>
			</note>
			<note>
				<pitch>
					<step>C</step>
					<alter>1</alter>
					<octave>4</octave>
				</pitch>
				<duration>2</duration>
				<type>eighth</type>
				<accidental>sharp</accidental>
				<notations>
					<technical>
						<string>5</string>
						<fret>4</fret>
					</technical>
				</notations>
			</note>
			<note>
				<chord/>
				<pitch>
					<step>F</step>
					<alter>1</alter>
					<octave>3</octave>
				</pitch>
				<duration>2</duration>
				<type>eighth</type>
				<accidental>sharp</accidental>
				<notations>
					<technical>
						<string>6</string>
						<fret>4</fret>
					</technical>
				</notations>
			</note>
			<note>
				<pitch>
					<step>A</step>
					<octave>3</octave>
				</pitch>
				<duration>2</duration>
				<type>eighth</type>
				<notations>
					<technical>
						<string>5</string>
						<fret>0</fret>
					</technical>
				</notations>
			</note>
			<note>
				<chord/>
				<pitch>
					<step>D</step>
					<octave>3</octave>
				</pitch>
				<duration>2</duration>
				<type>eighth</type>
				<notations>
					<technical>
						<string>6</string>
						<fret>0</fret>
					</technical>
				</notations>
			</note>
			<note>
				<pitch>
					<step>A</step>
					<alter>1</alter>
					<octave>3</octave>
				</pitch>
				<duration>2</duration>
				<type>eighth</type>
				<accidental>sharp</accidental>
				<notations>
					<technical>
						<string>5</string>
						<fret>1</fret>
					</technical>
				</notations>
			</note>
			<note>
				<chord/>
				<pitch>
					<step>D</step>
					<alter>1</alter>
					<octave>3</octave>
				</pitch>
				<duration>2</duration>
				<type>eighth</type>
				<accidental>sharp</accidental>
				<notations>
					<technical>
						<string>6</string>
						<fret>1</fret>
					</technical>
				</notations>
			</note>
			<note>
				<pitch>
					<step>C</step>
					<octave>4</octave>
				</pitch>
				<duration>2</duration>
				<type>eighth</type>
				<accidental>natural</accidental>
				<notations>
					<technical>
						<string>5</string>
						<fret>3</fret>
					</technical>
				</notations>
			</note>
			<note>
				<chord/>
				<pitch>
					<step>F</step>
					<octave>3</octave>
				</pitch>
				<duration>2</duration>
				<type>eighth</type>
				<accidental>natural</accidental>
				<notations>
					<technical>
						<string>6</string>
						<fret>3</fret>
					</technical>
				</notations>
			</note>
		</measure>

		<measure number="7">
			<attributes>
			</attributes>
			<note>
				<pitch>
					<step>A</step>
					<octave>3</octave>
				</pitch>
				<duration>2</duration>
				<type>eighth</type>
				<notations>
					<technical>
						<string>5</string>
						<fret>0</fret>
					</technical>
				</notations>
			</note>
			<note>
				<chord/>
				<pitch>
					<step>D</step>
					<octave>3</octave>
				</pitch>
				<duration>2</duration>
				<type>eighth</type>
				<notations>
					<technical>
						<string>6</string>
						<fret>0</fret>
					</technical>
				</notations>
			</note>
			<note>
				<pitch>
					<step>C</step>
					<alter>1</alter>
					<octave>4</octave>
				</pitch>
				<duration>2</duration>
				<type>eighth</type>
				<accidental>sharp</accidental>
				<notations>
					<technical>
						<string>5</string>
						<fret>4</fret>
					</technical>
				</notations>
			</note>
			<note>
				<chord/>
				<pitch>
					<step>F</step>
					<alter>1</alter>
					<octave>3</octave>
				</pitch>
				<duration>2</duration>
				<type>eighth</type>
				<accidental>sharp</accidental>
				<notations>
					<technical>
						<string>6</string>
						<fret>4</fret>
					</technical>
				</notations>
			</note>
			<note>
				<pitch>
					<step>A</step>
					<octave>3</octave>
				</pitch>
				<duration>2</duration>
				<type>eighth</type>
				<notations>
					<technical>
						<string>5</string>
						<fret>0</fret>
					</technical>
				</notations>
			</note>
			<note>
				<chord/>
				<pitch>
					<step>D</step>
					<octave>3</octave>
				</pitch>
				<duration>2</duration>
				<type>eighth</type>
				<notations>
					<technical>
						<string>6</string>
						<fret>0</fret>
					</technical>
				</notations>
			</note>
			<note>
				<pitch>
					<step>A</step>
					<alter>1</alter>
					<octave>3</octave>
				</pitch>
				<duration>2</duration>
				<type>eighth</type>
				<accidental>sharp</accidental>
				<notations>
					<technical>
						<string>5</string>
						<fret>1</fret>
					</technical>
				</notations>
			</note>
			<note>
				<chord/>
				<pitch>
					<step>D</step>
					<alter>1</alter>
					<octave>3</octave>
				</pitch>
				<duration>2</duration>
				<type>eighth</type>
				<accidental>sharp</accidental>
				<notations>
					<technical>
						<string>6</string>
						<fret>1</fret>
					</technical>
				</notations>
			</note>
			<note>
				<pitch>
					<step>C</step>
					<octave>4</octave>
				</pitch>
				<duration>2</duration>
				<type>eighth</type>
				<accidental>natural</accidental>
				<notations>
					<technical>
						<string>5</string>
						<fret>3</fret>
					</technical>
				</notations>
			</note>
			<note>
				<chord/>
				<pitch>
					<step>F</step>
					<octave>3</octave>
				</pitch>
				<duration>2</duration>
				<type>eighth</type>
				<accidental>natural</accidental>
				<notations>
					<technical>
						<string>6</string>
						<fret>3</fret>
					</technical>
				</notations>
			</note>
		</measure>

		<measure number="8">
			<attributes>
				<time>
					<beats>7</beats>
					<beat-type>8</beat-type>
				</time>
			</attributes>
			<note>
				<pitch>
					<step>A</step>
					<octave>3</octave>
				</pitch>
				<duration>2</duration>
				<type>eighth</type>
				<notations>
					<technical>
						<string>5</string>
						<fret>0</fret>
					</technical>
				</notations>
			</note>
			<note>
				<chord/>
				<pitch>
					<step>D</step>
					<octave>3</octave>
				</pitch>
				<duration>2</duration>
				<type>eighth</type>
				<notations>
					<technical>
						<string>6</string>
						<fret>0</fret>
					</technical>
				</notations>
			</note>
			<note>
				<pitch>
					<step>C</step>
					<alter>1</alter>
					<octave>4</octave>
				</pitch>
				<duration>2</duration>
				<type>eighth</type>
				<accidental>sharp</accidental>
				<notations>
					<technical>
						<string>5</string>
						<fret>4</fret>
					</technical>
				</notations>
			</note>
			<note>
				<chord/>
				<pitch>
					<step>F</step>
					<alter>1</alter>
					<octave>3</octave>
				</pitch>
				<duration>2</duration>
				<type>eighth</type>
				<accidental>sharp</accidental>
				<notations>
					<technical>
						<string>6</string>
						<fret>4</fret>
					</technical>
				</notations>
			</note>
			<note>
				<pitch>
					<step>A</step>
					<octave>3</octave>
				</pitch>
				<duration>2</duration>
				<type>eighth</type>
				<notations>
					<technical>
						<string>5</string>
						<fret>0</fret>
					</technical>
				</notations>
			</note>
			<note>
				<chord/>
				<pitch>
					<step>D</step>
					<octave>3</octave>
				</pitch>
				<duration>2</duration>
				<type>eighth</type>
				<notations>
					<technical>
						<string>6</string>
						<fret>0</fret>
					</technical>
				</notations>
			</note>
			<note>
				<pitch>
					<step>A</step>
					<alter>1</alter>
					<octave>3</octave>
				</pitch>
				<duration>2</duration>
				<type>eighth</type>
				<accidental>sharp</accidental>
				<notations>
					<technical>
						<string>5</string>
						<fret>1</fret>
					</technical>
				</notations>
			</note>
			<note>
				<chord/>
				<pitch>
					<step>D</step>
					<alter>1</alter>
					<octave>3</octave>
				</pitch>
				<duration>2</duration>
				<type>eighth</type>
				<accidental>sharp</accidental>
				<notations>
					<technical>
						<string>6</string>
						<fret>1</fret>
					</technical>
				</notations>
			</note>
			<note>
				<pitch>
					<step>A</step>
					<octave>3</octave>
				</pitch>
				<duration>2</duration>
				<type>eighth</type>
				<accidental>natural</accidental>
				<notations>
					<technical>
						<string>5</string>
						<fret>0</fret>
					</technical>
				</notations>
			</note>
			<note>
				<chord/>
				<pitch>
					<step>D</step>
					<octave>3</octave>
				</pitch>
				<duration>2</duration>
				<type>eighth</type>
				<accidental>natural</accidental>
				<notations>
					<technical>
						<string>6</string>
						<fret>0</fret>
					</technical>
				</notations>
			</note>
			<note>
				<pitch>
					<step>A</step>
					<alter>1</alter>
					<octave>3</octave>
				</pitch>
				<duration>2</duration>
				<type>eighth</type>
				<accidental>sharp</accidental>
				<notations>
					<technical>
						<string>5</string>
						<fret>1</fret>
					</technical>
				</notations>
			</note>
			<note>
				<chord/>
				<pitch>
					<step>D</step>
					<alter>1</alter>
					<octave>3</octave>
				</pitch>
				<duration>2</duration>
				<type>eighth</type>
				<accidental>sharp</accidental>
				<notations>
					<technical>
						<string>6</string>
						<fret>1</fret>
					</technical>
				</notations>
			</note>
			<note>
				<pitch>
					<step>C</step>
					<octave>4</octave>
				</pitch>
				<duration>2</duration>
				<type>eighth</type>
				<accidental>natural</accidental>
				<notations>
					<technical>
						<string>5</string>
						<fret>3</fret>
					</technical>
				</notations>
			</note>
			<note>
				<chord/>
				<pitch>
					<step>F</step>
					<octave>3</octave>
				</pitch>
				<duration>2</duration>
				<type>eighth</type>
				<accidental>natural</accidental>
				<notations>
					<technical>
						<string>6</string>
						<fret>3</fret>
					</technical>
				</notations>
			</note>
			<barline location="right">
				<bar-style>light-heavy</bar-style>
				<repeat direction="backward"/>
			</barline>
		</measure>

		<measure number="9">
			<attributes>
				<time>
					<beats>5</beats>
					<beat-type>8</beat-type>
				</time>
			</attributes>
			<barline location="left">
				<bar-style>heavy-light</bar-style>
				<repeat direction="forward"/>
			</barline>
			<note>
				<pitch>
					<step>D</step>
					<octave>3</octave>
				</pitch>
				<duration>2</duration>
				<type>eighth</type>
				<notations>
					<technical>
						<string>6</string>
						<fret>0</fret>
					</technical>
				</notations>
			</note>
			<note>
				<pitch>
					<step>F</step>
					<alter>1</alter>
					<octave>3</octave>
				</pitch>
				<duration>2</duration>
				<type>eighth</type>
				<accidental>sharp</accidental>
				<notations>
					<technical>
						<string>6</string>
						<fret>4</fret>
					</technical>
				</notations>
			</note>
			<note>
				<pitch>
					<step>D</step>
					<octave>3</octave>
				</pitch>
				<duration>2</duration>
				<type>eighth</type>
				<notations>
					<technical>
						<string>6</string>
						<fret>0</fret>
					</technical>
				</notations>
			</note>
			<note>
				<pitch>
					<step>D</step>
					<alter>1</alter>
					<octave>3</octave>
				</pitch>
				<duration>2</duration>
				<type>eighth</type>
				<accidental>sharp</accidental>
				<notations>
					<technical>
						<string>6</string>
						<fret>1</fret>
					</technical>
				</notations>
			</note>
			<note>
				<pitch>
					<step>F</step>
					<octave>3</octave>
				</pitch>
				<duration>2</duration>
				<type>eighth</type>
				<accidental>natural</accidental>
				<notations>
					<technical>
						<string>6</string>
						<fret>3</fret>
					</technical>
				</notations>
			</note>
		</measure>

		<measure number="10">
			<attributes>
			</attributes>
			<note>
				<pitch>
					<step>D</step>
					<octave>3</octave>
				</pitch>
				<duration>2</duration>
				<type>eighth</type>
				<notations>
					<technical>
						<string>6</string>
						<fret>0</fret>
					</technical>
				</notations>
			</note>
			<note>
				<pitch>
					<step>F</step>
					<alter>1</alter>
					<octave>3</octave>
				</pitch>
				<duration>2</duration>
				<type>eighth</type>
				<accidental>sharp</accidental>
				<notations>
					<technical>
						<string>6</string>
						<fret>4</fret>
					</technical>
				</notations>
			</note>
			<note>
				<pitch>
					<step>D</step>
					<octave>3</octave>
				</pitch>
				<duration>2</duration>
				<type>eighth</type>
				<notations>
					<technical>
						<string>6</string>
						<fret>0</fret>
					</technical>
				</notations>
			</note>
			<note>
				<pitch>
					<step>D</step>
					<alter>1</alter>
					<octave>3</octave>
				</pitch>
				<duration>2</duration>
				<type>eighth</type>
				<accidental>sharp</accidental>
				<notations>
					<technical>
						<string>6</string>
						<fret>1</fret>
					</technical>
				</notations>
			</note>
			<note>
				<pitch>
					<step>F</step>
					<octave>3</octave>
				</pitch>
				<duration>2</duration>
				<type>eighth</type>
				<accidental>natural</accidental>
				<notations>
					<technical>
						<string>6</string>
						<fret>3</fret>
					</technical>
				</notations>
			</note>
		</measure>

		<measure number="11">
			<attributes>
			</attributes>
			<note>
				<pitch>
					<step>D</step>
					<octave>3</octave>
				</pitch>
				<duration>2</duration>
				<type>eighth</type>
				<notations>
					<technical>
						<string>6</string>
						<fret>0</fret>
					</technical>
				</notations>
			</note>
			<note>
				<pitch>
					<step>F</step>
					<alter>1</alter>
					<octave>3</octave>
				</pitch>
				<duration>2</duration>
				<type>eighth</type>
				<accidental>sharp</accidental>
				<notations>
					<technical>
						<string>6</string>
						<fret>4</fret>
					</technical>
				</notations>
			</note>
			<note>
				<pitch>
					<step>D</step>
					<octave>3</octave>
				</pitch>
				<duration>2</duration>
				<type>eighth</type>
				<notations>
					<technical>
						<string>6</string>
						<fret>0</fret>
					</technical>
				</notations>
			</note>
			<note>
				<pitch>
					<step>D</step>
					<alter>1</alter>
					<octave>3</octave>
				</pitch>
				<duration>2</duration>
				<type>eighth</type>
				<accidental>sharp</accidental>
				<notations>
					<technical>
						<string>6</string>
						<fret>1</fret>
					</technical>
				</notations>
			</note>
			<note>
				<pitch>
					<step>F</step>
					<octave>3</octave>
				</pitch>
				<duration>2</duration>
				<type>eighth</type>
				<accidental>natural</accidental>
				<notations>
					<technical>
						<string>6</string>
						<fret>3</fret>
					</technical>
				</notations>
			</note>
		</measure>

		<measure number="12">
			<attributes>
				<time>
					<beats>7</beats>
					<beat-type>8</beat-type>
				</time>
			</attributes>
			<note>
				<pitch>
					<step>D</step>
					<octave>3</octave>
				</pitch>
				<duration>2</duration>
				<type>eighth</type>
				<notations>
					<technical>
						<string>6</string>
						<fret>0</fret>
					</technical>
				</notations>
			</note>
			<note>
				<pitch>
					<step>F</step>
					<alter>1</alter>
					<octave>3</octave>
				</pitch>
				<duration>2</duration>
				<type>eighth</type>
				<accidental>sharp</accidental>
				<notations>
					<technical>
						<string>6</string>
						<fret>4</fret>
					</technical>
				</notations>
			</note>
			<note>
				<pitch>
					<step>D</step>
					<octave>3</octave>
				</pitch>
				<duration>2</duration>
				<type>eighth</type>
				<notations>
					<technical>
						<string>6</string>
						<fret>0</fret>
					</technical>
				</notations>
			</note>
			<note>
				<pitch>
					<step>D</step>
					<alter>1</alter>
					<octave>3</octave>
				</pitch>
				<duration>2</duration>
				<type>eighth</type>
				<accidental>sharp</accidental>
				<notations>
					<technical>
						<string>6</string>
						<fret>1</fret>
					</technical>
				</notations>
			</note>
			<note>
				<pitch>
					<step>D</step>
					<octave>3</octave>
				</pitch>
				<duration>2</duration>
				<type>eighth</type>
				<accidental>natural</accidental>
				<notations>
					<technical>
						<string>6</string>
						<fret>0</fret>
					</technical>
				</notations>
			</note>
			<note>
				<pitch>
					<step>D</step>
					<alter>1</alter>
					<octave>3</octave>
				</pitch>
				<duration>2</duration>
				<type>eighth</type>
				<accidental>sharp</accidental>
				<notations>
					<technical>
						<string>6</string>
						<fret>1</fret>
					</technical>
				</notations>
			</note>
			<note>
				<pitch>
					<step>F</step>
					<octave>3</octave>
				</pitch>
				<duration>2</duration>
				<type>eighth</type>
				<accidental>natural</accidental>
				<notations>
					<technical>
						<string>6</string>
						<fret>3</fret>
					</technical>
				</notations>
			</note>
			<barline location="right">
				<bar-style>light-heavy</bar-style>
				<repeat direction="backward"/>
			</barline>
		</measure>

		<measure number="13">
			<attributes>
				<time>
					<beats>4</beats>
					<beat-type>4</beat-type>
				</time>
			</attributes>
			<barline location="left">
				<bar-style>heavy-light</bar-style>
				<repeat direction="forward"/>
			</barline>
			<note>
				<pitch>
					<step>A</step>
					<octave>3</octave>
				</pitch>
				<duration>2</duration>
				<type>eighth</type>
				<notations>
					<technical>
						<string>5</string>
						<fret>0</fret>
					</technical>
				</notations>
			</note>
			<note>
				<chord/>
				<pitch>
					<step>D</step>
					<octave>3</octave>
				</pitch>
				<duration>2</duration>
				<type>eighth</type>
				<notations>
					<technical>
						<string>6</string>
						<fret>0</fret>
					</technical>
				</notations>
			</note>
			<note>
				<pitch>
					<step>D</step>
					<octave>3</octave>
				</pitch>
				<duration>1</duration>
				<type>16th</type>
				<notations>
					<technical>
						<string>6</string>
						<fret>0</fret>
					</technical>
				</notations>
			</note>
			<note>
				<pitch>
					<step>D</step>
					<octave>3</octave>
				</pitch>
				<duration>1</duration>
				<type>16th</type>
				<notations>
					<technical>
						<string>6</string>
						<fret>0</fret>
					</technical>
				</notations>
			</note>
			<note>
				<pitch>
					<step>D</step>
					<octave>3</octave>
				</pitch>
				<duration>2</duration>
				<type>eighth</type>
				<notations>
					<technical>
						<string>6</string>
						<fret>0</fret>
					</technical>
				</notations>
			</note>
			<note>
				<pitch>
					<step>A</step>
					<octave>3</octave>
				</pitch>
				<duration>2</duration>
				<type>eighth</type>
				<notations>
					<technical>
						<string>5</string>
						<fret>0</fret>
					</technical>
				</notations>
			</note>
			<note>
				<chord/>
				<pitch>
					<step>D</step>
					<octave>3</octave>
				</pitch>
				<duration>2</duration>
				<type>eighth</type>
				<notations>
					<technical>
						<string>6</string>
						<fret>0</fret>
					</technical>
				</notations>
			</note>
		</measure>

		<measure number="14">
			<attributes>
				<time>
					<beats>7</beats>
					<beat-type>8</beat-type>
				</time>
			</attributes>
			<note>
				<pitch>
					<step>C</step>
					<alter>1</alter>
					<octave>4</octave>
				</pitch>
				<duration>2</duration>
				<type>eighth</type>
				<accidental>sharp</accidental>
				<notations>
					<technical>
						<string>5</string>
						<fret>4</fret>
					</technical>
				</notations>
			</note>
			<note>
				<chord/>
				<pitch>
					<step>F</step>
					<alter>1</alter>
					<octave>3</octave>
				</pitch>
				<duration>2</duration>
				<type>eighth</type>
				<accidental>sharp</accidental>
				<notations>
					<technical>
						<string>6</string>
						<fret>4</fret>
					</technical>
				</notations>
			</note>
			<note>
				<pitch>
					<step>A</step>
					<octave>3</octave>
				</pitch>
				<duration>2</duration>
				<type>eighth</type>
				<notations>
					<technical>
						<string>5</string>
						<fret>0</fret>
					</technical>
				</notations>
			</note>
			<note>
				<chord/>
				<pitch>
					<step>D</step>
					<octave>3</octave>
				</pitch>
				<duration>2</duration>
				<type>eighth</type>
				<notations>
					<technical>
						<string>6</string>
						<fret>0</fret>
					</technical>
				</notations>
			</note>
			<note>
				<pitch>
					<step>A</step>
					<alter>1</alter>
					<octave>3</octave>
				</pitch>
				<duration>2</duration>
				<type>eighth</type>
				<accidental>sharp</accidental>
				<notations>
					<technical>
						<string>5</string>
						<fret>1</fret>
					</technical>
				</notations>
			</note>
			<note>
				<chord/>
				<pitch>
					<step>D</step>
					<alter>1</alter>
					<octave>3</octave>
				</pitch>
				<duration>2</duration>
				<type>eighth</type>
				<accidental>sharp</accidental>
				<notations>
					<technical>
						<string>6</string>
						<fret>1</fret>
					</technical>
				</notations>
			</note>
			<note>
				<pitch>
					<step>A</step>
					<octave>3</octave>
				</pitch>
				<duration>2</duration>
				<type>eighth</type>
				<accidental>natural</accidental>
				<notations>
					<technical>
						<string>5</string>
						<fret>0</fret>
					</technical>
				</notations>
			</note>
			<note>
				<chord/>
				<pitch>
					<step>D</step>
					<octave>3</octave>
				</pitch>
				<duration>2</duration>
				<type>eighth</type>
				<accidental>natural</accidental>
				<notations>
					<technical>
						<string>6</string>
						<fret>0</fret>
					</technical>
				</notations>
			</note>
			<note>
				<pitch>
					<step>A</step>
					<alter>1</alter>
					<octave>3</octave>
				</pitch>
				<duration>2</duration>
				<type>eighth</type>
				<accidental>sharp</accidental>
				<notations>
					<technical>
						<string>5</string>
						<fret>1</fret>
					</technical>
				</notations>
			</note>
			<note>
				<chord/>
				<pitch>
					<step>D</step>
					<alter>1</alter>
					<octave>3</octave>
				</pitch>
				<duration>2</duration>
				<type>eighth</type>
				<accidental>sharp</accidental>
				<notations>
					<technical>
						<string>6</string>
						<fret>1</fret>
					</technical>
				</notations>
			</note>
			<note>
				<pitch>
					<step>C</step>
					<octave>4</octave>
				</pitch>
				<duration>2</duration>
				<type>eighth</type>
				<accidental>natural</accidental>
				<notations>
					<technical>
						<string>5</string>
						<fret>3</fret>
					</technical>
				</notations>
			</note>
			<note>
				<chord/>
				<pitch>
					<step>F</step>
					<octave>3</octave>
				</pitch>
				<duration>2</duration>
				<type>eighth</type>
				<accidental>natural</accidental>
				<notations>
					<technical>
						<string>6</string>
						<fret>3</fret>
					</technical>
				</notations>
			</note>
			<note>
				<pitch>
					<step>D</step>
					<octave>3</octave>
				</pitch>
				<duration>2</duration>
				<type>eighth</type>
				<accidental>natural</accidental>
				<notations>
					<technical>
						<string>6</string>
						<fret>0</fret>
					</technical>
				</notations>
			</note>
		</measure>

		<measure number="15">
			<attributes>
				<time>
					<beats>4</beats>
					<beat-type>4</beat-type>
				</time>
			</attributes>
			<note>
				<pitch>
					<step>A</step>
					<octave>3</octave>
				</pitch>
				<duration>2</duration>
				<type>eighth</type>
				<notations>
					<technical>
						<string>5</string>
						<fret>0</fret>
					</technical>
				</notations>
			</note>
			<note>
				<chord/>
				<pitch>
					<step>D</step>
					<octave>3</octave>
				</pitch>
				<duration>2</duration>
				<type>eighth</type>
				<notations>
					<technical>
						<string>6</string>
						<fret>0</fret>
					</technical>
				</notations>
			</note>
			<note>
				<pitch>
					<step>D</step>
					<octave>3</octave>
				</pitch>
				<duration>1</duration>
				<type>16th</type>
				<notations>
					<technical>
						<string>6</string>
						<fret>0</fret>
					</technical>
				</notations>
			</note>
			<note>
				<pitch>
					<step>D</step>
					<octave>3</octave>
				</pitch>
				<duration>1</duration>
				<type>16th</type>
				<notations>
					<technical>
						<string>6</string>
						<fret>0</fret>
					</technical>
				</notations>
			</note>
			<note>
				<pitch>
					<step>D</step>
					<octave>3</octave>
				</pitch>
				<duration>2</duration>
				<type>eighth</type>
				<notations>
					<technical>
						<string>6</string>
						<fret>0</fret>
					</technical>
				</notations>
			</note>
			<note>
				<pitch>
					<step>A</step>
					<octave>3</octave>
				</pitch>
				<duration>2</duration>
				<type>eighth</type>
				<notations>
					<technical>
						<string>5</string>
						<fret>0</fret>
					</technical>
				</notations>
			</note>
			<note>
				<chord/>
				<pitch>
					<step>D</step>
					<octave>3</octave>
				</pitch>
				<duration>2</duration>
				<type>eighth</type>
				<notations>
					<technical>
						<string>6</string>
						<fret>0</fret>
					</technical>
				</notations>
			</note>
		</measure>

		<measure number="16">
			<attributes>
				<time>
					<beats>11</beats>
					<beat-type>16</beat-type>
				</time>
			</attributes>
			<note>
				<pitch>
					<step>F</step>
					<alter>1</alter>
					<octave>3</octave>
				</pitch>
				<duration>1</duration>
				<type>16th</type>
				<accidental>sharp</accidental>
				<notations>
					<technical>
						<string>6</string>
						<fret>4</fret>
					</technical>
				</notations>
			</note>
			<note>
				<pitch>
					<step>F</step>
					<alter>1</alter>
					<octave>3</octave>
				</pitch>
				<duration>1</duration>
				<type>16th</type>
				<notations>
					<technical>
						<string>6</string>
						<fret>4</fret>
					</technical>
				</notations>
			</note>
			<note>
				<pitch>
					<step>F</step>
					<alter>1</alter>
					<octave>3</octave>
				</pitch>
				<duration>1</duration>
				<type>16th</type>
				<notations>
					<technical>
						<string>6</string>
						<fret>4</fret>
					</technical>
				</notations>
			</note>
			<note>
				<pitch>
					<step>D</step>
					<alter>1</alter>
					<octave>3</octave>
				</pitch>
				<duration>1</duration>
				<type>16th</type>
				<accidental>sharp</accidental>
				<notations>
					<technical>
						<string>6</string>
						<fret>1</fret>
					</technical>
				</notations>
			</note>
			<note>
				<pitch>
					<step>D</step>
					<alter>1</alter>
					<octave>3</octave>
				</pitch>
				<duration>1</duration>
				<type>16th</type>
				<notations>
					<technical>
						<string>6</string>
						<fret>1</fret>
					</technical>
				</notations>
			</note>
			<note>
				<pitch>
					<step>D</step>
					<alter>1</alter>
					<octave>3</octave>
				</pitch>
				<duration>1</duration>
				<type>16th</type>
				<notations>
					<technical>
						<string>6</string>
						<fret>1</fret>
					</technical>
				</notations>
			</note>
			<note>
				<pitch>
					<step>F</step>
					<octave>3</octave>
				</pitch>
				<duration>1</duration>
				<type>16th</type>
				<accidental>natural</accidental>
				<notations>
					<technical>
						<string>6</string>
						<fret>3</fret>
					</technical>
				</notations>
			</note>
			<note>
				<pitch>
					<step>F</step>
					<octave>3</octave>
				</pitch>
				<duration>1</duration>
				<type>16th</type>
				<notations>
					<technical>
						<string>6</string>
						<fret>3</fret>
					</technical>
				</notations>
			</note>
			<note>
				<pitch>
					<step>F</step>
					<octave>3</octave>
				</pitch>
				<duration>1</duration>
				<type>16th</type>
				<notations>
					<technical>
						<string>6</string>
						<fret>3</fret>
					</technical>
				</notations>
			</note>
			<note>
				<pitch>
					<step>F</step>
					<octave>3</octave>
				</pitch>
				<duration>1</duration>
				<type>16th</type>
				<notations>
					<technical>
						<string>6</string>
						<fret>3</fret>
					</technical>
				</notations>
			</note>
			<barline location="right">
				<bar-style>light-heavy</bar-style>
				<repeat direction="backward"/>
			</barline>
		</measure>

		<measure number="17">
			<attributes>
				<time>
					<beats>4</beats>
					<beat-type>4</beat-type>
				</time>
			</attributes>
			<note>
				<pitch>
					<step>G</step>
					<alter>1</alter>
					<octave>3</octave>
				</pitch>
				<duration>1</duration>
				<type>16th</type>
				<accidental>sharp</accidental>
				<notations>
					<technical>
						<string>6</string>
						<fret>6</fret>
					</technical>
				</notations>
			</note>
			<note>
				<pitch>
					<step>G</step>
					<alter>1</alter>
					<octave>3</octave>
				</pitch>
				<duration>1</duration>
				<type>16th</type>
				<notations>
					<technical>
						<string>6</string>
						<fret>6</fret>
					</technical>
				</notations>
			</note>
			<note>
				<pitch>
					<step>G</step>
					<alter>1</alter>
					<octave>3</octave>
				</pitch>
				<duration>1</duration>
				<type>16th</type>
				<notations>
					<technical>
						<string>6</string>
						<fret>6</fret>
					</technical>
				</notations>
			</note>
			<note>
				<pitch>
					<step>F</step>
					<octave>3</octave>
				</pitch>
				<duration>1</duration>
				<type>16th</type>
				<notations>
					<technical>
						<string>6</string>
						<fret>3</fret>
					</technical>
				</notations>
			</note>
			<note>
				<pitch>
					<step>F</step>
					<octave>3</octave>
				</pitch>
				<duration>1</duration>
				<type>16th</type>
				<notations>
					<technical>
						<string>6</string>
						<fret>3</fret>
					</technical>
				</notations>
			</note>
			<note>
				<pitch>
					<step>F</step>
					<octave>3</octave>
				</pitch>
				<duration>1</duration>
				<type>16th</type>
				<notations>
					<technical>
						<string>6</string>
						<fret>3</fret>
					</technical>
				</notations>
			</note>
			<note>
				<pitch>
					<step>F</step>
					<alter>1</alter>
					<octave>3</octave>
				</pitch>
				<duration>1</duration>
				<type>16th</type>
				<accidental>sharp</accidental>
				<notations>
					<technical>
						<string>6</string>
						<fret>4</fret>
					</technical>
				</notations>
			</note>
			<note>
				<pitch>
					<step>F</step>
					<alter>1</alter>
					<octave>3</octave>
				</pitch>
				<duration>1</duration>
				<type>16th</type>
				<notations>
					<technical>
						<string>6</string>
						<fret>4</fret>
					</technical>
				</notations>
			</note>
			<note>
				<pitch>
					<step>F</step>
					<alter>1</alter>
					<octave>3</octave>
				</pitch>
				<duration>1</duration>
				<type>16th</type>
				<notations>
					<technical>
						<string>6</string>
						<fret>4</fret>
					</technical>
				</notations>
			</note>
			<note>
				<pitch>
					<step>A</step>
					<octave>3</octave>
				</pitch>
				<duration>1</duration>
				<type>16th</type>
				<notations>
					<technical>
						<string>6</string>
						<fret>7</fret>
					</technical>
				</notations>
			</note>
			<note>
				<pitch>
					<step>A</step>
					<octave>3</octave>
				</pitch>
				<duration>1</duration>
				<type>16th</type>
				<notations>
					<technical>
						<string>6</string>
						<fret>7</fret>
					</technical>
				</notations>
			</note>
			<note>
				<pitch>
					<step>A</step>
					<octave>3</octave>
				</pitch>
				<duration>1</duration>
				<type>16th</type>
				<notations>
					<technical>
						<string>6</string>
						<fret>7</fret>
					</technical>
				</notations>
			</note>
			<note>
				<pitch>
					<step>F</step>
					<alter>1</alter>
					<octave>3</octave>
				</pitch>
				<duration>1</duration>
				<type>16th</type>
				<notations>
					<technical>
						<string>6</string>
						<fret>4</fret>
					</technical>
				</notations>
			</note>
			<note>
				<pitch>
					<step>F</step>
					<alter>1</alter>
					<octave>3</octave>
				</pitch>
				<duration>1</duration>
				<type>16th</type>
				<notations>
					<technical>
						<string>6</string>
						<fret>4</fret>
					</technical>
				</notations>
			</note>
			<note>
				<pitch>
					<step>F</step>
					<alter>1</alter>
					<octave>3</octave>
				</pitch>
				<duration>1</duration>
				<type>16th</type>
				<notations>
					<technical>
						<string>6</string>
						<fret>4</fret>
					</technical>
				</notations>
			</note>
			<note>
				<pitch>
					<step>G</step>
					<alter>1</alter>
					<octave>3</octave>
				</pitch>
				<duration>1</duration>
				<type>16th</type>
				<notations>
					<technical>
						<string>6</string>
						<fret>6</fret>
					</technical>
				</notations>
			</note>
		</measure>

		<measure number="18">
			<attributes>
			</attributes>
			<note>
				<pitch>
					<step>G</step>
					<alter>1</alter>
					<octave>3</octave>
				</pitch>
				<duration>2</duration>
				<type>eighth</type>
				<accidental>sharp</accidental>
				<notations>
					<technical>
						<string>6</string>
						<fret>6</fret>
					</technical>
				</notations>
			</note>
			<note>
				<pitch>
					<step>G</step>
					<alter>1</alter>
					<octave>3</octave>
				</pitch>
				<duration>2</duration>
				<type>eighth</type>
				<notations>
					<technical>
						<string>6</string>
						<fret>6</fret>
					</technical>
				</notations>
			</note>
		</measure>

		<measure number="19">
			<attributes>
			</attributes>
			<note>
				<rest/>
				<duration>2</duration>
				<type>eighth</type>
			</note>
		</measure>

	</part>

</score-partwise>
