<?xml version="1.0" encoding="utf-8"?>

<song version="0.12" lang="en">
	<title>Jimmy's song</title>
	<authors>Jimmy</authors>
	<copyright>Copyright 2005 by Jimmy</copyright>
	<comments></comments>
	<bars>
		<bar rythm="4/4" tempo="60" syncope="0"/>
		<bar rythm="4/4" tempo="60" syncope="0"/>
		<bar rythm="4/4" tempo="60" syncope="0"/>
		<bar rythm="4/4" tempo="60" syncope="0"/>
	</bars>
	<playlist>
	</playlist>
	<partition volume="255" muted="0" chorus="0" instrument="24" capo="0" reverb="0">
		<header>Guitar</header>
		<view type="tablature">
			<strings>
				<string pitch="64" notation="top"/>
				<string pitch="59" notation="top"/>
				<string pitch="55" notation="top"/>
				<string pitch="50" notation="down"/>
				<string pitch="45" notation="down"/>
				<string pitch="40" notation="down"/>
			</strings>
		</view>
		<notes>
			<note pitch="56" time="0.0" duration="0.25" volume="204" string="3"/>
			<note pitch="63" time="0.25" duration="0.25" volume="204" string="2"/>
			<note pitch="59" time="0.5" duration="0.25" volume="204" string="1"/>
			<note pitch="56" time="0.75" duration="0.25" volume="204" string="3"/>
			<note pitch="64" time="1.0" duration="0.25" volume="204" string="0"/>
			<note pitch="59" time="1.25" duration="0.25" volume="204" string="1"/>
			<note pitch="63" time="1.5" duration="0.25" volume="204" string="2"/>
			<note pitch="59" time="1.75" duration="0.25" volume="204" string="1"/>
			<note pitch="56" time="2.0" duration="0.25" volume="204" string="3"/>
			<note pitch="63" time="2.25" duration="0.25" volume="204" string="2"/>
			<note pitch="59" time="2.5" duration="0.25" volume="204" string="1"/>
			<note pitch="56" time="2.75" duration="0.25" volume="204" string="3"/>
			<note pitch="64" time="3.0" duration="0.25" volume="204" string="0"/>
			<note pitch="59" time="3.25" duration="0.25" volume="204" string="1"/>
			<note pitch="63" time="3.5" duration="0.25" volume="204" string="2"/>
			<note pitch="59" time="3.75" duration="0.25" volume="204" string="1"/>
			<note pitch="57" time="4.0" duration="0.25" volume="204" string="3"/>
			<note pitch="63" time="4.25" duration="0.25" volume="204" string="2"/>
			<note pitch="59" time="4.5" duration="0.25" volume="204" string="1"/>
			<note pitch="57" time="4.75" duration="0.25" volume="204" string="3"/>
			<note pitch="64" time="5.0" duration="0.25" volume="204" string="0"/>
			<note pitch="59" time="5.25" duration="0.25" volume="204" string="1"/>
			<note pitch="63" time="5.5" duration="0.25" volume="204" string="2"/>
			<note pitch="59" time="5.75" duration="0.25" volume="204" string="1"/>
			<note pitch="57" time="6.0" duration="0.25" volume="204" string="3"/>
			<note pitch="63" time="6.25" duration="0.25" volume="204" string="2"/>
			<note pitch="59" time="6.5" duration="0.25" volume="204" string="1"/>
			<note pitch="57" time="6.75" duration="0.25" volume="204" string="3"/>
			<note pitch="64" time="7.0" duration="0.25" volume="204" string="0"/>
			<note pitch="59" time="7.25" duration="0.25" volume="204" string="1"/>
			<note pitch="63" time="7.5" duration="0.25" volume="204" string="2"/>
			<note pitch="59" time="7.75" duration="0.25" volume="204" string="1"/>
			<note pitch="47" time="8.0" duration="0.25" volume="204" string="5"/>
			<note pitch="56" time="8.25" duration="0.25" volume="204" string="3"/>
			<note pitch="63" time="8.5" duration="0.25" volume="204" string="2"/>
			<note pitch="47" time="8.75" duration="0.25" volume="204" string="5"/>
			<note pitch="59" time="9.0" duration="0.25" volume="204" string="1"/>
			<note pitch="63" time="9.25" duration="0.25" volume="204" string="2"/>
			<note pitch="56" time="9.5" duration="0.25" volume="204" string="3"/>
			<note pitch="63" time="9.75" duration="0.25" volume="204" string="2"/>
			<note pitch="44" time="10.0" duration="0.25" volume="204" string="5"/>
			<note pitch="56" time="10.25" duration="0.25" volume="204" string="3"/>
			<note pitch="63" time="10.5" duration="0.25" volume="204" string="2"/>
			<note pitch="44" time="10.75" duration="0.25" volume="204" string="5"/>
			<note pitch="59" time="11.0" duration="0.25" volume="204" string="1"/>
			<note pitch="63" time="11.25" duration="0.25" volume="204" string="2"/>
			<note pitch="56" time="11.5" duration="0.25" volume="204" string="3"/>
			<note pitch="63" time="11.75" duration="0.25" volume="204" string="2"/>
			<note pitch="45" time="12.0" duration="0.25" volume="204" string="5"/>
			<note pitch="56" time="12.25" duration="0.25" volume="204" string="3"/>
			<note pitch="63" time="12.5" duration="0.25" volume="204" string="2"/>
			<note pitch="45" time="12.75" duration="0.25" volume="204" string="5"/>
			<note pitch="59" time="13.0" duration="0.25" volume="204" string="1"/>
			<note pitch="63" time="13.25" duration="0.25" volume="204" string="2"/>
			<note pitch="56" time="13.5" duration="0.25" volume="204" string="3"/>
			<note pitch="63" time="13.75" duration="0.25" volume="204" string="2"/>
			<note pitch="45" time="14.0" duration="0.25" volume="204" string="5"/>
			<note pitch="56" time="14.25" duration="0.25" volume="204" string="3"/>
			<note pitch="63" time="14.5" duration="0.25" volume="204" string="2"/>
			<note pitch="45" time="14.75" duration="0.25" volume="204" string="5"/>
			<note pitch="59" time="15.0" duration="0.25" volume="204" string="1"/>
			<note pitch="63" time="15.25" duration="0.25" volume="204" string="2"/>
			<note pitch="56" time="15.5" duration="0.25" volume="204" string="3"/>
			<note pitch="63" time="15.75" duration="0.25" volume="204" string="2"/>
		</notes>
	</partition>
</song>