<?xml version="1.0" encoding="utf-8"?>

<song version="0.12" lang="en">
	<title>Jimmy's song</title>
	<authors>Jimmy</authors>
	<copyright>Copyright 2004 by Jimmy</copyright>
	<comments></comments>
	<bars>
		<bar rythm="4/4" tempo="80" syncope="0"/>
		<bar rythm="4/4" tempo="80" syncope="0"/>
		<bar rythm="4/4" tempo="80" syncope="0"/>
		<bar rythm="4/4" tempo="80" syncope="0"/>
		<bar rythm="4/4" tempo="80" syncope="0"/>
	</bars>
	<playlist>
		<play from="0" to="1"/>
		<play from="0" to="1"/>
		<play from="0" to="1"/>
		<play from="0" to="1"/>
		<play from="2" to="2"/>
		<play from="2" to="2"/>
		<play from="2" to="2"/>
		<play from="3" to="3"/>
	</playlist>
	<partition volume="255" muted="0" chorus="0" instrument="29" capo="0" reverb="0">
		<header>Guitar C#</header>
		<view type="tablature">
			<strings>
				<string pitch="61" notation="top"/>
				<string pitch="56" notation="top"/>
				<string pitch="52" notation="top"/>
				<string pitch="47" notation="down"/>
				<string pitch="42" notation="down"/>
				<string pitch="37" notation="down"/>
			</strings>
		</view>
		<notes>
			<note pitch="37" time="0.0" duration="0.25" volume="204" string="5"/>
			<note pitch="37" time="0.25" duration="0.125" volume="204" string="5"/>
			<note pitch="37" time="0.375" duration="0.125" volume="204" string="5"/>
			<note pitch="37" time="0.5" duration="0.25" volume="204" string="5"/>
			<note pitch="37" time="0.75" duration="0.25" volume="204" string="5"/>
			<note pitch="37" time="1.25" duration="0.25" volume="204" string="5"/>
			<note pitch="49" time="1.5" duration="0.125" volume="204" string="3"/>
			<note pitch="51" time="1.625" duration="0.125" volume="204" string="3"/>
			<note pitch="45" time="1.75" duration="0.25" volume="204" string="4"/>
			<note pitch="37" time="2.0" duration="0.25" volume="204" string="5"/>
			<note pitch="37" time="2.25" duration="0.125" volume="204" string="5"/>
			<note pitch="37" time="2.375" duration="0.125" volume="204" string="5"/>
			<note pitch="37" time="2.5" duration="0.25" volume="204" string="5"/>
			<note pitch="37" time="2.75" duration="0.25" volume="204" string="5"/>
			<note pitch="37" time="3.25" duration="0.25" volume="204" string="5"/>
			<note pitch="45" time="3.5" duration="0.125" volume="204" string="4"/>
			<note pitch="47" time="3.625" duration="0.125" volume="204" string="4"/>
			<note pitch="42" time="3.75" duration="0.25" volume="204" string="5"/>
			<note pitch="37" time="4.0" duration="0.25" volume="204" string="5"/>
			<note pitch="37" time="4.25" duration="0.125" volume="204" string="5"/>
			<note pitch="37" time="4.375" duration="0.125" volume="204" string="5"/>
			<note pitch="37" time="4.5" duration="0.25" volume="204" string="5"/>
			<note pitch="37" time="4.75" duration="0.25" volume="204" string="5"/>
			<note pitch="37" time="5.25" duration="0.25" volume="204" string="5"/>
			<note pitch="49" time="5.5" duration="0.125" volume="204" string="3"/>
			<note pitch="51" time="5.625" duration="0.125" volume="204" string="3"/>
			<note pitch="45" time="5.75" duration="0.25" volume="204" string="4"/>
			<note pitch="37" time="6.0" duration="0.25" volume="204" string="5"/>
			<note pitch="37" time="6.25" duration="0.125" volume="204" string="5"/>
			<note pitch="37" time="6.375" duration="0.125" volume="204" string="5"/>
			<note pitch="37" time="6.5" duration="0.25" volume="204" string="5"/>
			<note pitch="40" time="6.75" duration="0.5" volume="204" string="5"/>
			<note pitch="47" time="6.75" duration="0.5" volume="204" string="4"/>
			<note pitch="37" time="7.25" duration="0.25" volume="204" string="5"/>
			<note pitch="42" time="7.5" duration="0.5" volume="204" string="5"/>
			<note pitch="49" time="7.5" duration="0.5" volume="204" string="4"/>
			<note pitch="37" time="8.0" duration="0.25" volume="204" string="5"/>
			<note pitch="37" time="8.25" duration="0.125" volume="204" string="5"/>
			<note pitch="37" time="8.375" duration="0.125" volume="204" string="5"/>
			<note pitch="37" time="8.5" duration="0.25" volume="204" string="5"/>
			<note pitch="37" time="8.75" duration="0.25" volume="204" string="5"/>
			<note pitch="37" time="9.25" duration="0.25" volume="204" string="5"/>
			<note pitch="52" time="9.5" duration="0.5" volume="204" string="3"/>
			<note pitch="51" time="10.0" duration="0.5" volume="204" string="3"/>
			<note pitch="44" time="10.5" duration="0.5" volume="204" string="4"/>
			<note pitch="44" time="11.0" duration="0.25" volume="204" string="4"/>
			<note pitch="45" time="11.25" duration="0.25" volume="204" string="4"/>
			<note pitch="49" time="11.5" duration="0.5" volume="204" string="3"/>
			<note pitch="40" time="12.0" duration="0.25" volume="204" string="5"/>
			<note pitch="40" time="12.25" duration="0.125" volume="204" string="5"/>
			<note pitch="40" time="12.375" duration="0.125" volume="204" string="5"/>
			<note pitch="40" time="12.5" duration="0.25" volume="204" string="5"/>
			<note pitch="40" time="12.75" duration="0.25" volume="204" string="5"/>
			<note pitch="37" time="13.25" duration="0.25" volume="204" string="5"/>
			<note pitch="40" time="13.25" duration="0.25" volume="204" string="5"/>
			<note pitch="56" time="13.5" duration="0.5" volume="204" string="2"/>
			<note pitch="54" time="14.0" duration="0.5" volume="204" string="2"/>
			<note pitch="51" time="14.5" duration="0.5" volume="204" string="3"/>
			<note pitch="51" time="15.0" duration="0.25" volume="204" string="3"/>
			<note pitch="52" time="15.25" duration="0.25" volume="204" string="3"/>
			<note pitch="47" time="15.5" duration="0.5" volume="204" string="4"/>
		</notes>
	</partition>
	<partition volume="255" muted="0" chorus="0" instrument="29" capo="0" reverb="0">
		<header>Guitar C#</header>
		<view type="tablature">
			<strings>
				<string pitch="61" notation="top"/>
				<string pitch="56" notation="top"/>
				<string pitch="52" notation="top"/>
				<string pitch="47" notation="down"/>
				<string pitch="42" notation="down"/>
				<string pitch="37" notation="down"/>
			</strings>
		</view>
		<notes>
			<note pitch="37" time="0.0" duration="0.25" volume="204" string="5"/>
			<note pitch="37" time="0.25" duration="0.125" volume="204" string="5"/>
			<note pitch="37" time="0.375" duration="0.125" volume="204" string="5"/>
			<note pitch="37" time="0.5" duration="0.25" volume="204" string="5"/>
			<note pitch="37" time="0.75" duration="0.25" volume="204" string="5"/>
			<note pitch="37" time="1.25" duration="0.25" volume="204" string="5"/>
			<note pitch="49" time="1.5" duration="0.125" volume="204" string="3"/>
			<note pitch="51" time="1.625" duration="0.125" volume="204" string="3"/>
			<note pitch="45" time="1.75" duration="0.25" volume="204" string="4"/>
			<note pitch="37" time="2.0" duration="0.25" volume="204" string="5"/>
			<note pitch="37" time="2.25" duration="0.125" volume="204" string="5"/>
			<note pitch="37" time="2.375" duration="0.125" volume="204" string="5"/>
			<note pitch="37" time="2.5" duration="0.25" volume="204" string="5"/>
			<note pitch="37" time="2.75" duration="0.25" volume="204" string="5"/>
			<note pitch="37" time="3.25" duration="0.25" volume="204" string="5"/>
			<note pitch="45" time="3.5" duration="0.125" volume="204" string="4"/>
			<note pitch="47" time="3.625" duration="0.125" volume="204" string="4"/>
			<note pitch="42" time="3.75" duration="0.25" volume="204" string="5"/>
			<note pitch="37" time="4.0" duration="0.25" volume="204" string="5"/>
			<note pitch="37" time="4.25" duration="0.125" volume="204" string="5"/>
			<note pitch="37" time="4.375" duration="0.125" volume="204" string="5"/>
			<note pitch="37" time="4.5" duration="0.25" volume="204" string="5"/>
			<note pitch="37" time="4.75" duration="0.25" volume="204" string="5"/>
			<note pitch="37" time="5.25" duration="0.25" volume="204" string="5"/>
			<note pitch="49" time="5.5" duration="0.125" volume="204" string="3"/>
			<note pitch="51" time="5.625" duration="0.125" volume="204" string="3"/>
			<note pitch="45" time="5.75" duration="0.25" volume="204" string="4"/>
			<note pitch="37" time="6.0" duration="0.25" volume="204" string="5"/>
			<note pitch="37" time="6.25" duration="0.125" volume="204" string="5"/>
			<note pitch="37" time="6.375" duration="0.125" volume="204" string="5"/>
			<note pitch="37" time="6.5" duration="0.25" volume="204" string="5"/>
			<note pitch="47" time="6.75" duration="0.5" volume="204" string="4"/>
			<note pitch="40" time="6.75" duration="0.5" volume="204" string="5"/>
			<note pitch="37" time="7.25" duration="0.25" volume="204" string="5"/>
			<note pitch="49" time="7.5" duration="0.5" volume="204" string="4"/>
			<note pitch="42" time="7.5" duration="0.5" volume="204" string="5"/>
			<note pitch="37" time="8.0" duration="0.25" volume="204" string="5"/>
			<note pitch="37" time="8.25" duration="0.125" volume="204" string="5"/>
			<note pitch="37" time="8.375" duration="0.125" volume="204" string="5"/>
			<note pitch="37" time="8.5" duration="0.25" volume="204" string="5"/>
			<note pitch="37" time="8.75" duration="0.25" volume="204" string="5"/>
			<note pitch="37" time="9.25" duration="0.25" volume="204" string="5"/>
			<note pitch="56" time="9.5" duration="0.5" volume="204" string="2"/>
			<note pitch="54" time="10.0" duration="0.5" volume="204" string="2"/>
			<note pitch="51" time="10.5" duration="0.5" volume="204" string="3"/>
			<note pitch="51" time="11.0" duration="0.25" volume="204" string="3"/>
			<note pitch="52" time="11.25" duration="0.25" volume="204" string="3"/>
			<note pitch="54" time="11.5" duration="0.5" volume="204" string="2"/>
			<note pitch="40" time="12.0" duration="0.25" volume="204" string="5"/>
			<note pitch="40" time="12.25" duration="0.125" volume="204" string="5"/>
			<note pitch="40" time="12.375" duration="0.125" volume="204" string="5"/>
			<note pitch="40" time="12.5" duration="0.25" volume="204" string="5"/>
			<note pitch="40" time="12.75" duration="0.25" volume="204" string="5"/>
			<note pitch="40" time="13.25" duration="0.25" volume="204" string="5"/>
			<note pitch="61" time="13.5" duration="0.5" volume="204" string="1"/>
			<note pitch="59" time="14.0" duration="0.5" volume="204" string="1"/>
			<note pitch="57" time="14.5" duration="0.5" volume="204" string="2"/>
			<note pitch="56" time="15.0" duration="0.25" volume="204" string="2"/>
			<note pitch="57" time="15.25" duration="0.25" volume="204" string="2"/>
			<note pitch="52" time="15.5" duration="0.5" volume="204" string="3"/>
		</notes>
	</partition>
</song>