<?xml version="1.0" encoding="utf-8"?>

<song version="0.12" lang="en">
	<title>Jimmy's song</title>
	<authors>Jimmy</authors>
	<copyright>Copyright 2005 by Jimmy</copyright>
	<comments></comments>
	<bars>
		<bar rythm="4/4" tempo="60" syncope="0"/>
		<bar rythm="4/4" tempo="60" syncope="0"/>
		<bar rythm="3/4" tempo="60" syncope="0"/>
		<bar rythm="4/4" tempo="60" syncope="0"/>
		<bar rythm="4/4" tempo="60" syncope="0"/>
		<bar rythm="4/4" tempo="60" syncope="0"/>
	</bars>
	<playlist>
		<play from="0" to="1"/>
		<play from="0" to="1"/>
		<play from="2" to="2"/>
		<play from="0" to="1"/>
		<play from="0" to="1"/>
		<play from="2" to="2"/>
		<play from="3" to="4"/>
		<play from="3" to="4"/>
	</playlist>
	<partition volume="255" muted="0" chorus="0" instrument="29" capo="0" reverb="0">
		<header>Guitar</header>
		<view type="tablature">
			<strings>
				<string pitch="61" notation="top"/>
				<string pitch="56" notation="top"/>
				<string pitch="51" notation="top"/>
				<string pitch="47" notation="down"/>
				<string pitch="42" notation="down"/>
				<string pitch="35" notation="down"/>
			</strings>
		</view>
		<notes>
			<note pitch="54" time="0.0" duration="0.25" volume="204" string="3"/>
			<note pitch="47" time="0.25" duration="0.25" volume="204" string="3"/>
			<note pitch="50" time="0.5" duration="0.25" volume="204" string="4"/>
			<note pitch="52" time="0.75" duration="0.25" volume="204" string="4"/>
			<note pitch="42" time="1.0" duration="0.25" volume="204" string="4"/>
			<note pitch="45" time="1.25" duration="0.25" volume="204" string="5"/>
			<note pitch="47" time="1.5" duration="0.25" volume="204" string="5"/>
			<note pitch="35" time="1.75" duration="0.25" volume="204" string="5"/>
			<note pitch="54" time="2.0" duration="0.25" volume="204" string="3"/>
			<note pitch="47" time="2.25" duration="0.25" volume="204" string="3"/>
			<note pitch="50" time="2.5" duration="0.25" volume="204" string="4"/>
			<note pitch="52" time="2.75" duration="0.25" volume="204" string="4"/>
			<note pitch="42" time="3.0" duration="0.25" volume="204" string="4"/>
			<note pitch="45" time="3.25" duration="0.25" volume="204" string="5"/>
			<note pitch="47" time="3.5" duration="0.25" volume="204" string="5"/>
			<note pitch="35" time="3.75" duration="0.25" volume="204" string="5"/>
			<note pitch="54" time="4.0" duration="0.25" volume="204" string="3"/>
			<note pitch="47" time="4.25" duration="0.25" volume="204" string="3"/>
			<note pitch="50" time="4.5" duration="0.25" volume="204" string="4"/>
			<note pitch="52" time="4.75" duration="0.25" volume="204" string="4"/>
			<note pitch="42" time="5.0" duration="0.25" volume="204" string="4"/>
			<note pitch="45" time="5.25" duration="0.25" volume="204" string="5"/>
			<note pitch="47" time="5.5" duration="0.25" volume="204" string="5"/>
			<note pitch="35" time="5.75" duration="0.25" volume="204" string="5"/>
			<note pitch="54" time="6.0" duration="0.25" volume="204" string="3"/>
			<note pitch="47" time="6.25" duration="0.25" volume="204" string="3"/>
			<note pitch="50" time="6.5" duration="0.25" volume="204" string="4"/>
			<note pitch="52" time="6.75" duration="0.25" volume="204" string="4"/>
			<note pitch="42" time="7.0" duration="0.25" volume="204" string="4"/>
			<note pitch="45" time="7.25" duration="0.25" volume="204" string="5"/>
			<note pitch="47" time="7.5" duration="0.25" volume="204" string="5"/>
			<note pitch="35" time="7.75" duration="0.25" volume="204" string="5"/>
			<note pitch="42" time="8.0" duration="0.25" volume="204" string="4"/>
			<note pitch="54" time="8.25" duration="0.25" volume="204" string="3"/>
			<note pitch="42" time="8.5" duration="0.25" volume="204" string="4"/>
			<note pitch="50" time="8.75" duration="0.25" volume="204" string="4"/>
			<note pitch="52" time="9.0" duration="0.25" volume="204" string="4"/>
			<note pitch="49" time="9.25" duration="0.25" volume="204" string="4"/>
			<note pitch="42" time="9.5" duration="0.25" volume="204" string="4"/>
			<note pitch="54" time="9.75" duration="0.25" volume="204" string="3"/>
			<note pitch="42" time="10.0" duration="0.25" volume="204" string="4"/>
			<note pitch="50" time="10.25" duration="0.25" volume="204" string="4"/>
			<note pitch="52" time="10.5" duration="0.25" volume="204" string="4"/>
			<note pitch="49" time="10.75" duration="0.25" volume="204" string="4"/>
			<note pitch="38" time="11.0" duration="0.75" volume="204" string="5"/>
			<note pitch="45" time="11.0" duration="0.75" volume="204" string="4"/>
			<note pitch="35" time="11.75" duration="0.75" volume="204" string="5"/>
			<note pitch="42" time="11.75" duration="0.75" volume="204" string="4"/>
			<note pitch="40" time="12.5" duration="0.75" volume="204" string="5"/>
			<note pitch="47" time="12.5" duration="0.75" volume="204" string="4"/>
			<note pitch="35" time="13.25" duration="0.75" volume="204" string="5"/>
			<note pitch="42" time="13.25" duration="0.75" volume="204" string="4"/>
			<note pitch="40" time="14.0" duration="0.25" volume="204" string="5"/>
			<note pitch="47" time="14.0" duration="0.25" volume="204" string="4"/>
			<note pitch="42" time="14.25" duration="0.25" volume="204" string="5"/>
			<note pitch="49" time="14.25" duration="0.25" volume="204" string="4"/>
			<note pitch="42" time="14.5" duration="0.25" volume="204" string="5"/>
			<note pitch="49" time="14.5" duration="0.25" volume="204" string="4"/>
			<note pitch="35" time="14.75" duration="0.25" volume="204" string="5"/>
			<note pitch="42" time="14.75" duration="0.25" volume="204" string="4"/>
			<note pitch="45" time="15.0" duration="0.75" volume="204" string="4"/>
			<note pitch="38" time="15.0" duration="0.75" volume="204" string="5"/>
			<note pitch="42" time="15.75" duration="0.75" volume="204" string="4"/>
			<note pitch="35" time="15.75" duration="0.75" volume="204" string="5"/>
			<note pitch="40" time="16.5" duration="0.75" volume="204" string="5"/>
			<note pitch="47" time="16.5" duration="0.75" volume="204" string="4"/>
			<note pitch="35" time="17.25" duration="0.75" volume="204" string="5"/>
			<note pitch="42" time="17.25" duration="0.75" volume="204" string="4"/>
			<note pitch="52" time="18.0" duration="0.25" volume="204" string="4"/>
			<note pitch="45" time="18.0" duration="0.25" volume="204" string="5"/>
			<note pitch="54" time="18.25" duration="0.25" volume="204" string="4"/>
			<note pitch="47" time="18.25" duration="0.25" volume="204" string="5"/>
			<note pitch="54" time="18.5" duration="0.25" volume="204" string="4"/>
			<note pitch="47" time="18.5" duration="0.25" volume="204" string="5"/>
			<note pitch="35" time="18.75" duration="0.25" volume="204" string="5"/>
			<note pitch="42" time="18.75" duration="0.25" volume="204" string="4"/>
		</notes>
	</partition>
</song>