<?xml version="1.0" encoding="utf-8"?>

<song version="0.12" lang="en">
	<title>Jimmy's song</title>
	<authors>Jimmy</authors>
	<copyright>Copyright 2004 by Jimmy</copyright>
	<comments></comments>
	<bars>
		<bar rythm="4/4" tempo="60" syncope="0"/>
		<bar rythm="4/4" tempo="60" syncope="0"/>
		<bar rythm="4/4" tempo="60" syncope="0"/>
		<bar rythm="4/4" tempo="60" syncope="0"/>
	</bars>
	<playlist>
	</playlist>
	<partition volume="255" muted="0" chorus="0" instrument="29" capo="0" reverb="0">
		<header>Guitar C#</header>
		<view type="tablature">
			<strings>
				<string pitch="61" notation="top"/>
				<string pitch="56" notation="top"/>
				<string pitch="52" notation="top"/>
				<string pitch="47" notation="down"/>
				<string pitch="42" notation="down"/>
				<string pitch="35" notation="down"/>
			</strings>
		</view>
		<notes>
			<note pitch="45" time="0.0" duration="0.25" volume="204" string="5"/>
			<note pitch="44" time="0.25" duration="0.25" volume="204" string="5"/>
			<note pitch="43" time="0.5" duration="0.25" volume="204" string="5"/>
			<note pitch="43" time="1.0" duration="0.75" volume="204" string="5"/>
			<note pitch="45" time="1.75" duration="0.25" volume="204" string="5"/>
			<note pitch="44" time="2.0" duration="0.25" volume="204" string="5"/>
			<note pitch="43" time="2.25" duration="0.25" volume="204" string="5"/>
			<note pitch="42" time="2.5" duration="0.25" volume="204" string="5"/>
			<note pitch="42" time="3.0" duration="0.75" volume="204" string="5"/>
			<note pitch="44" time="3.75" duration="0.25" volume="204" string="5"/>
			<note pitch="43" time="4.0" duration="0.25" volume="204" string="5"/>
			<note pitch="42" time="4.25" duration="0.25" volume="204" string="5"/>
			<note pitch="41" time="4.5" duration="0.25" volume="204" string="5"/>
			<note pitch="41" time="5.0" duration="0.75" volume="204" string="5"/>
			<note pitch="42" time="5.75" duration="0.25" volume="204" string="5"/>
			<note pitch="41" time="6.0" duration="0.25" volume="204" string="5"/>
			<note pitch="40" time="6.25" duration="0.25" volume="204" string="5"/>
			<note pitch="38" time="6.5" duration="0.25" volume="204" string="5"/>
			<note pitch="35" time="6.75" duration="0.25" volume="204" string="5"/>
			<note pitch="38" time="7.0" duration="0.5" volume="204" string="5"/>
		</notes>
	</partition>
</song>