<?xml version="1.0" encoding="utf-8"?>

<song version="0.12" lang="en">
	<title>Jimmy's song</title>
	<authors>Jimmy</authors>
	<copyright>Copyright 2004 by Jimmy</copyright>
	<comments></comments>
	<bars>
		<bar rythm="4/4" tempo="130" syncope="0"/>
		<bar rythm="4/4" tempo="130" syncope="0"/>
		<bar rythm="4/4" tempo="90" syncope="0"/>
		<bar rythm="4/4" tempo="90" syncope="0"/>
		<bar rythm="2/4" tempo="90" syncope="0"/>
		<bar rythm="4/4" tempo="90" syncope="0"/>
		<bar rythm="4/4" tempo="90" syncope="0"/>
		<bar rythm="4/4" tempo="90" syncope="0"/>
		<bar rythm="4/4" tempo="90" syncope="0"/>
		<bar rythm="2/4" tempo="90" syncope="0"/>
		<bar rythm="4/4" tempo="60" syncope="0"/>
		<bar rythm="4/4" tempo="90" syncope="0"/>
		<bar rythm="3/4" tempo="130" syncope="0"/>
		<bar rythm="3/4" tempo="130" syncope="0"/>
		<bar rythm="3/4" tempo="110" syncope="0"/>
	</bars>
	<playlist>
		<play from="0" to="1"/>
		<play from="0" to="1"/>
		<play from="0" to="1"/>
		<play from="0" to="1"/>
		<play from="2" to="3"/>
		<play from="2" to="3"/>
		<play from="4" to="4"/>
		<play from="5" to="8"/>
		<play from="5" to="8"/>
		<play from="9" to="9"/>
		<play from="10" to="10"/>
		<play from="10" to="10"/>
		<play from="10" to="10"/>
		<play from="10" to="10"/>
		<play from="11" to="11"/>
		<play from="11" to="11"/>
		<play from="5" to="8"/>
		<play from="5" to="8"/>
		<play from="9" to="9"/>
		<play from="10" to="10"/>
		<play from="10" to="10"/>
		<play from="10" to="10"/>
		<play from="10" to="10"/>
		<play from="11" to="11"/>
		<play from="11" to="11"/>
		<play from="12" to="13"/>
		<play from="12" to="13"/>
		<play from="12" to="13"/>
		<play from="12" to="13"/>
	</playlist>
	<partition volume="255" muted="0" chorus="0" instrument="29" capo="0" reverb="0">
		<header>Guitar C#</header>
		<view type="tablature">
			<strings>
				<string pitch="61" notation="top"/>
				<string pitch="56" notation="top"/>
				<string pitch="52" notation="top"/>
				<string pitch="47" notation="down"/>
				<string pitch="42" notation="down"/>
				<string pitch="35" notation="down"/>
			</strings>
		</view>
		<notes>
			<note pitch="41" time="0.0" duration="0.25" volume="204" string="5"/>
			<note pitch="48" time="0.0" duration="0.25" volume="204" string="4"/>
			<note pitch="40" time="0.25" duration="0.25" volume="204" string="5"/>
			<note pitch="47" time="0.25" duration="0.25" volume="204" string="4"/>
			<note pitch="35" time="0.5" duration="0.25" volume="204" string="5"/>
			<note pitch="35" time="0.75" duration="0.25" volume="204" string="5"/>
			<note pitch="35" time="1.0" duration="0.25" volume="204" string="5"/>
			<note pitch="35" time="1.25" duration="0.25" volume="204" string="5"/>
			<note pitch="35" time="1.5" duration="0.25" volume="204" string="5"/>
			<note pitch="35" time="1.75" duration="0.25" volume="204" string="5"/>
			<note pitch="39" time="2.0" duration="0.25" volume="204" string="5"/>
			<note pitch="46" time="2.0" duration="0.25" volume="204" string="4"/>
			<note pitch="38" time="2.25" duration="0.25" volume="204" string="5"/>
			<note pitch="45" time="2.25" duration="0.25" volume="204" string="4"/>
			<note pitch="35" time="2.5" duration="0.25" volume="204" string="5"/>
			<note pitch="35" time="2.75" duration="0.25" volume="204" string="5"/>
			<note pitch="35" time="3.0" duration="0.25" volume="204" string="5"/>
			<note pitch="35" time="3.25" duration="0.25" volume="204" string="5"/>
			<note pitch="35" time="3.5" duration="0.25" volume="204" string="5"/>
			<note pitch="35" time="3.75" duration="0.25" volume="204" string="5"/>
			<note pitch="48" time="4.0" duration="0.25" volume="204" string="4"/>
			<note pitch="41" time="4.0" duration="0.25" volume="204" string="5"/>
			<note pitch="47" time="4.25" duration="0.25" volume="204" string="4"/>
			<note pitch="40" time="4.25" duration="0.25" volume="204" string="5"/>
			<note pitch="35" time="4.5" duration="0.25" volume="204" string="5"/>
			<note pitch="35" time="4.75" duration="0.25" volume="204" string="5"/>
			<note pitch="35" time="5.0" duration="0.25" volume="204" string="5"/>
			<note pitch="35" time="5.25" duration="0.25" volume="204" string="5"/>
			<note pitch="35" time="5.5" duration="0.25" volume="204" string="5"/>
			<note pitch="35" time="5.75" duration="0.25" volume="204" string="5"/>
			<note pitch="46" time="6.0" duration="0.25" volume="204" string="4"/>
			<note pitch="39" time="6.0" duration="0.25" volume="204" string="5"/>
			<note pitch="45" time="6.25" duration="0.25" volume="204" string="4"/>
			<note pitch="38" time="6.25" duration="0.25" volume="204" string="5"/>
			<note pitch="35" time="6.5" duration="0.25" volume="204" string="5"/>
			<note pitch="35" time="6.75" duration="0.25" volume="204" string="5"/>
			<note pitch="36" time="7.0" duration="1.0" volume="204" string="5"/>
			<note pitch="43" time="7.0" duration="1.0" volume="204" string="4"/>
			<note pitch="35" time="8.0" duration="0.5" volume="204" string="5"/>
			<note pitch="42" time="8.0" duration="0.5" volume="204" string="4"/>
			<note pitch="35" time="8.5" duration="0.25" volume="204" string="5"/>
			<note pitch="40" time="8.75" duration="0.25" volume="204" string="5"/>
			<note pitch="47" time="8.75" duration="0.25" volume="204" string="4"/>
			<note pitch="35" time="9.0" duration="0.25" volume="204" string="5"/>
			<note pitch="42" time="9.0" duration="0.25" volume="204" string="4"/>
			<note pitch="47" time="9.25" duration="0.25" volume="204" string="4"/>
			<note pitch="54" time="9.25" duration="0.25" volume="204" string="3"/>
			<note pitch="48" time="9.5" duration="0.25" volume="204" string="4"/>
			<note pitch="55" time="9.5" duration="0.25" volume="204" string="3"/>
			<note pitch="48" time="9.75" duration="0.25" volume="204" string="4"/>
			<note pitch="55" time="9.75" duration="0.25" volume="204" string="3"/>
			<note pitch="42" time="10.0" duration="0.5" volume="204" string="4"/>
			<note pitch="35" time="10.0" duration="0.5" volume="204" string="5"/>
			<note pitch="35" time="10.5" duration="0.25" volume="204" string="5"/>
			<note pitch="45" time="10.75" duration="0.25" volume="204" string="4"/>
			<note pitch="38" time="10.75" duration="0.25" volume="204" string="5"/>
			<note pitch="42" time="11.0" duration="0.25" volume="204" string="4"/>
			<note pitch="35" time="11.0" duration="0.25" volume="204" string="5"/>
			<note pitch="53" time="11.25" duration="0.25" volume="204" string="3"/>
			<note pitch="46" time="11.25" duration="0.25" volume="204" string="4"/>
			<note pitch="54" time="11.5" duration="0.25" volume="204" string="3"/>
			<note pitch="47" time="11.5" duration="0.25" volume="204" string="4"/>
			<note pitch="54" time="11.75" duration="0.25" volume="204" string="3"/>
			<note pitch="47" time="11.75" duration="0.25" volume="204" string="4"/>
			<note pitch="42" time="12.0" duration="0.5" volume="204" string="4"/>
			<note pitch="35" time="12.0" duration="0.5" volume="204" string="5"/>
			<note pitch="35" time="12.5" duration="0.25" volume="204" string="5"/>
			<note pitch="43" time="12.75" duration="0.25" volume="204" string="4"/>
			<note pitch="36" time="12.75" duration="0.25" volume="204" string="5"/>
			<note pitch="42" time="13.0" duration="0.25" volume="204" string="4"/>
			<note pitch="35" time="13.0" duration="0.25" volume="204" string="5"/>
			<note pitch="52" time="13.25" duration="0.25" volume="204" string="3"/>
			<note pitch="45" time="13.25" duration="0.25" volume="204" string="4"/>
			<note pitch="53" time="13.5" duration="0.25" volume="204" string="3"/>
			<note pitch="46" time="13.5" duration="0.25" volume="204" string="4"/>
			<note pitch="53" time="13.75" duration="0.25" volume="204" string="3"/>
			<note pitch="46" time="13.75" duration="0.25" volume="204" string="4"/>
			<note pitch="35" time="14.0" duration="0.5" volume="204" string="5"/>
			<note pitch="42" time="14.0" duration="0.5" volume="204" string="4"/>
			<note pitch="35" time="14.5" duration="0.25" volume="204" string="5"/>
			<note pitch="48" time="14.75" duration="0.25" volume="204" string="4"/>
			<note pitch="41" time="14.75" duration="0.25" volume="204" string="5"/>
			<note pitch="42" time="15.0" duration="0.25" volume="204" string="4"/>
			<note pitch="35" time="15.0" duration="0.25" volume="204" string="5"/>
			<note pitch="45" time="15.25" duration="0.25" volume="204" string="4"/>
			<note pitch="40" time="15.25" duration="0.25" volume="204" string="5"/>
			<note pitch="46" time="15.5" duration="0.25" volume="204" string="4"/>
			<note pitch="41" time="15.5" duration="0.25" volume="204" string="5"/>
			<note pitch="46" time="15.75" duration="0.25" volume="204" string="4"/>
			<note pitch="41" time="15.75" duration="0.25" volume="204" string="5"/>
			<note pitch="39" time="16.0" duration="1.5" volume="204" string="5"/>
			<note pitch="46" time="16.0" duration="1.5" volume="204" string="4"/>
			<note pitch="45" time="17.5" duration="0.25" volume="204" string="4"/>
			<note pitch="38" time="17.5" duration="0.25" volume="204" string="5"/>
			<note pitch="43" time="17.75" duration="0.25" volume="204" string="4"/>
			<note pitch="36" time="17.75" duration="0.25" volume="204" string="5"/>
			<note pitch="42" time="18.0" duration="0.5" volume="204" string="4"/>
			<note pitch="35" time="18.0" duration="0.5" volume="204" string="5"/>
			<note pitch="35" time="18.5" duration="0.25" volume="204" string="5"/>
			<note pitch="47" time="18.75" duration="0.25" volume="204" string="4"/>
			<note pitch="40" time="18.75" duration="0.25" volume="204" string="5"/>
			<note pitch="42" time="19.0" duration="0.25" volume="204" string="4"/>
			<note pitch="35" time="19.0" duration="0.25" volume="204" string="5"/>
			<note pitch="54" time="19.25" duration="0.25" volume="204" string="3"/>
			<note pitch="47" time="19.25" duration="0.25" volume="204" string="4"/>
			<note pitch="55" time="19.5" duration="0.25" volume="204" string="3"/>
			<note pitch="48" time="19.5" duration="0.25" volume="204" string="4"/>
			<note pitch="54" time="19.75" duration="0.25" volume="204" string="3"/>
			<note pitch="47" time="19.75" duration="0.25" volume="204" string="4"/>
			<note pitch="42" time="20.0" duration="0.5" volume="204" string="4"/>
			<note pitch="35" time="20.0" duration="0.5" volume="204" string="5"/>
			<note pitch="35" time="20.5" duration="0.25" volume="204" string="5"/>
			<note pitch="48" time="20.75" duration="0.25" volume="204" string="4"/>
			<note pitch="41" time="20.75" duration="0.25" volume="204" string="5"/>
			<note pitch="42" time="21.0" duration="0.25" volume="204" string="4"/>
			<note pitch="35" time="21.0" duration="0.25" volume="204" string="5"/>
			<note pitch="54" time="21.25" duration="0.25" volume="204" string="3"/>
			<note pitch="47" time="21.25" duration="0.25" volume="204" string="4"/>
			<note pitch="55" time="21.5" duration="0.25" volume="204" string="3"/>
			<note pitch="48" time="21.5" duration="0.25" volume="204" string="4"/>
			<note pitch="54" time="21.75" duration="0.25" volume="204" string="3"/>
			<note pitch="47" time="21.75" duration="0.25" volume="204" string="4"/>
			<note pitch="42" time="22.0" duration="0.5" volume="204" string="4"/>
			<note pitch="35" time="22.0" duration="0.5" volume="204" string="5"/>
			<note pitch="35" time="22.5" duration="0.25" volume="204" string="5"/>
			<note pitch="45" time="22.75" duration="0.25" volume="204" string="4"/>
			<note pitch="38" time="22.75" duration="0.25" volume="204" string="5"/>
			<note pitch="42" time="23.0" duration="0.25" volume="204" string="4"/>
			<note pitch="35" time="23.0" duration="0.25" volume="204" string="5"/>
			<note pitch="54" time="23.25" duration="0.25" volume="204" string="3"/>
			<note pitch="47" time="23.25" duration="0.25" volume="204" string="4"/>
			<note pitch="55" time="23.5" duration="0.25" volume="204" string="3"/>
			<note pitch="48" time="23.5" duration="0.25" volume="204" string="4"/>
			<note pitch="54" time="23.75" duration="0.25" volume="204" string="3"/>
			<note pitch="47" time="23.75" duration="0.25" volume="204" string="4"/>
			<note pitch="35" time="24.0" duration="0.25" volume="204" string="5"/>
			<note pitch="35" time="24.25" duration="0.125" volume="204" string="5"/>
			<note pitch="35" time="24.375" duration="0.25" volume="204" string="5"/>
			<note pitch="35" time="24.5" duration="0.25" volume="204" string="5"/>
			<note pitch="43" time="24.75" duration="0.25" volume="204" string="4"/>
			<note pitch="36" time="24.75" duration="0.25" volume="204" string="5"/>
			<note pitch="35" time="25.0" duration="0.25" volume="204" string="5"/>
			<note pitch="35" time="25.25" duration="0.125" volume="204" string="5"/>
			<note pitch="35" time="25.375" duration="0.25" volume="204" string="5"/>
			<note pitch="35" time="25.5" duration="0.25" volume="204" string="5"/>
			<note pitch="48" time="25.75" duration="0.25" volume="204" string="4"/>
			<note pitch="41" time="25.75" duration="0.25" volume="204" string="5"/>
			<note pitch="42" time="26.0" duration="0.5" volume="204" string="4"/>
			<note pitch="35" time="26.0" duration="0.5" volume="204" string="5"/>
			<note pitch="35" time="26.5" duration="0.25" volume="204" string="5"/>
			<note pitch="47" time="26.75" duration="0.25" volume="204" string="4"/>
			<note pitch="40" time="26.75" duration="0.25" volume="204" string="5"/>
			<note pitch="42" time="27.0" duration="0.25" volume="204" string="4"/>
			<note pitch="35" time="27.0" duration="0.25" volume="204" string="5"/>
			<note pitch="54" time="27.25" duration="0.25" volume="204" string="3"/>
			<note pitch="47" time="27.25" duration="0.25" volume="204" string="4"/>
			<note pitch="55" time="27.5" duration="0.25" volume="204" string="3"/>
			<note pitch="48" time="27.5" duration="0.25" volume="204" string="4"/>
			<note pitch="54" time="27.75" duration="0.25" volume="204" string="3"/>
			<note pitch="47" time="27.75" duration="0.25" volume="204" string="4"/>
			<note pitch="42" time="28.0" duration="0.5" volume="204" string="4"/>
			<note pitch="35" time="28.0" duration="0.5" volume="204" string="5"/>
			<note pitch="35" time="28.5" duration="0.25" volume="204" string="5"/>
			<note pitch="48" time="28.75" duration="0.25" volume="204" string="4"/>
			<note pitch="41" time="28.75" duration="0.25" volume="204" string="5"/>
			<note pitch="42" time="29.0" duration="0.25" volume="204" string="4"/>
			<note pitch="35" time="29.0" duration="0.25" volume="204" string="5"/>
			<note pitch="54" time="29.25" duration="0.25" volume="204" string="3"/>
			<note pitch="47" time="29.25" duration="0.25" volume="204" string="4"/>
			<note pitch="55" time="29.5" duration="0.25" volume="204" string="3"/>
			<note pitch="48" time="29.5" duration="0.25" volume="204" string="4"/>
			<note pitch="47" time="29.75" duration="0.25" volume="204" string="4"/>
			<note pitch="54" time="29.75" duration="0.25" volume="204" string="3"/>
			<note pitch="42" time="30.0" duration="0.5" volume="204" string="4"/>
			<note pitch="35" time="30.0" duration="0.5" volume="204" string="5"/>
			<note pitch="35" time="30.5" duration="0.25" volume="204" string="5"/>
			<note pitch="45" time="30.75" duration="0.25" volume="204" string="4"/>
			<note pitch="38" time="30.75" duration="0.25" volume="204" string="5"/>
			<note pitch="35" time="31.0" duration="0.25" volume="204" string="5"/>
			<note pitch="42" time="31.0" duration="0.25" volume="204" string="4"/>
			<note pitch="54" time="31.25" duration="0.25" volume="204" string="3"/>
			<note pitch="47" time="31.25" duration="0.25" volume="204" string="4"/>
			<note pitch="55" time="31.5" duration="0.25" volume="204" string="3"/>
			<note pitch="48" time="31.5" duration="0.25" volume="204" string="4"/>
			<note pitch="54" time="31.75" duration="0.25" volume="204" string="3"/>
			<note pitch="47" time="31.75" duration="0.25" volume="204" string="4"/>
			<note pitch="42" time="32.0" duration="0.5" volume="204" string="4"/>
			<note pitch="35" time="32.0" duration="0.5" volume="204" string="5"/>
			<note pitch="35" time="32.5" duration="0.25" volume="204" string="5"/>
			<note pitch="45" time="32.75" duration="0.25" volume="204" string="4"/>
			<note pitch="38" time="32.75" duration="0.25" volume="204" string="5"/>
			<note pitch="42" time="33.0" duration="0.25" volume="204" string="4"/>
			<note pitch="35" time="33.0" duration="0.25" volume="204" string="5"/>
			<note pitch="52" time="33.25" duration="0.25" volume="204" string="3"/>
			<note pitch="45" time="33.25" duration="0.25" volume="204" string="4"/>
			<note pitch="53" time="33.5" duration="0.25" volume="204" string="3"/>
			<note pitch="46" time="33.5" duration="0.25" volume="204" string="4"/>
			<note pitch="52" time="33.75" duration="0.25" volume="204" string="3"/>
			<note pitch="45" time="33.75" duration="0.25" volume="204" string="4"/>
			<note pitch="39" time="34.0" duration="1.5" volume="204" string="5"/>
			<note pitch="46" time="34.0" duration="1.5" volume="204" string="4"/>
			<note pitch="45" time="35.5" duration="0.25" volume="204" string="4"/>
			<note pitch="38" time="35.5" duration="0.25" volume="204" string="5"/>
			<note pitch="38" time="35.75" duration="0.25" volume="204" string="5"/>
			<note pitch="45" time="35.75" duration="0.25" volume="204" string="4"/>
			<note pitch="37" time="36.0" duration="0.25" volume="204" string="5"/>
			<note pitch="44" time="36.25" duration="0.25" volume="204" string="4"/>
			<note pitch="52" time="36.5" duration="0.25" volume="204" string="3"/>
			<note pitch="37" time="36.75" duration="0.25" volume="204" string="5"/>
			<note pitch="44" time="37.0" duration="0.25" volume="204" string="4"/>
			<note pitch="52" time="37.25" duration="0.25" volume="204" string="3"/>
			<note pitch="37" time="37.5" duration="0.25" volume="204" string="5"/>
			<note pitch="52" time="37.75" duration="0.25" volume="204" string="3"/>
			<note pitch="38" time="38.0" duration="0.25" volume="204" string="5"/>
			<note pitch="45" time="38.25" duration="0.25" volume="204" string="4"/>
			<note pitch="52" time="38.5" duration="0.25" volume="204" string="3"/>
			<note pitch="38" time="38.75" duration="0.25" volume="204" string="5"/>
			<note pitch="45" time="39.0" duration="0.25" volume="204" string="4"/>
			<note pitch="52" time="39.25" duration="0.25" volume="204" string="3"/>
			<note pitch="38" time="39.5" duration="0.25" volume="204" string="5"/>
			<note pitch="52" time="39.75" duration="0.25" volume="204" string="3"/>
			<note pitch="35" time="40.0" duration="0.5" volume="204" string="5"/>
			<note pitch="35" time="40.5" duration="0.25" volume="204" string="5"/>
			<note pitch="49" time="40.75" duration="0.25" volume="204" string="3"/>
			<note pitch="50" time="41.0" duration="0.25" volume="204" string="3"/>
			<note pitch="49" time="41.2083333333" duration="0.125" volume="204" string="3"/>
			<note pitch="50" time="41.3333333333" duration="0.125" volume="204" string="3"/>
			<note pitch="49" time="41.4583333333" duration="0.25" volume="204" string="3"/>
			<note pitch="47" time="41.5833333333" duration="0.25" volume="204" string="4"/>
			<note pitch="52" time="41.75" duration="0.25" volume="204" string="3"/>
			<note pitch="53" time="42.0" duration="0.25" volume="204" string="3"/>
			<note pitch="52" time="42.2083333333" duration="0.125" volume="204" string="3"/>
			<note pitch="53" time="42.3333333333" duration="0.125" volume="204" string="3"/>
			<note pitch="52" time="42.4583333333" duration="0.25" volume="204" string="3"/>
			<note pitch="49" time="42.5833333333" duration="0.25" volume="204" string="4"/>
			<note pitch="52" time="42.8333333333" duration="0.25" volume="204" string="3"/>
			<note pitch="53" time="43.0833333333" duration="0.25" volume="204" string="3"/>
			<note pitch="56" time="43.3333333333" duration="0.5" volume="204" fx="tremolo" string="3"/>
			<note pitch="47" time="44.0" duration="0.5" volume="204" string="4"/>
			<note pitch="41" time="44.5" duration="0.5" volume="204" string="5"/>
			<note pitch="40" time="45.0" duration="0.5" volume="204" string="5"/>
			<note pitch="46" time="45.5" duration="0.5" volume="204" string="4"/>
			<note pitch="40" time="46.0" duration="0.5" volume="204" string="5"/>
			<note pitch="39" time="46.5" duration="0.5" volume="204" string="5"/>
			<note pitch="38" time="47.0" duration="0.5" volume="204" string="5"/>
			<note pitch="39" time="47.5" duration="0.5" volume="204" string="5"/>
			<note pitch="45" time="48.0" duration="0.5" volume="204" string="4"/>
			<note pitch="44" time="48.5" duration="0.5" volume="204" string="4"/>
			<note pitch="38" time="49.0" duration="0.5" volume="204" string="5"/>
			<note pitch="37" time="49.5" duration="0.5" volume="204" string="5"/>
		</notes>
	</partition>
</song>