<?xml version="1.0" encoding="utf-8"?>

<song version="0.12" lang="en">
	<title>Jimmy's song</title>
	<authors>Jimmy</authors>
	<copyright>Copyright 2005 by Jimmy</copyright>
	<comments></comments>
	<bars>
		<bar rythm="4/4" tempo="60" syncope="0"/>
		<bar rythm="4/4" tempo="60" syncope="0"/>
		<bar rythm="4/4" tempo="60" syncope="0"/>
		<bar rythm="4/4" tempo="60" syncope="0"/>
	</bars>
	<playlist>
	</playlist>
	<partition volume="255" muted="0" chorus="0" instrument="29" capo="0" reverb="0">
		<header>Guitar</header>
		<view type="tablature">
			<strings>
				<string pitch="61" notation="top"/>
				<string pitch="56" notation="top"/>
				<string pitch="52" notation="top"/>
				<string pitch="47" notation="down"/>
				<string pitch="42" notation="down"/>
				<string pitch="35" notation="down"/>
			</strings>
		</view>
		<notes>
			<note pitch="35" time="0.0" duration="1.0" volume="204" string="5"/>
			<note pitch="47" time="1.0" duration="0.25" volume="204" string="4"/>
			<note pitch="54" time="1.25" duration="0.25" volume="204" string="3"/>
			<note pitch="51" time="1.5" duration="0.25" volume="204" string="4"/>
			<note pitch="50" time="1.75" duration="0.25" volume="204" string="4"/>
			<note pitch="53" time="2.0" duration="1.0" volume="204" string="3"/>
			<note pitch="54" time="3.0" duration="0.25" volume="204" string="3"/>
			<note pitch="47" time="3.0" duration="0.25" volume="204" string="4"/>
			<note pitch="55" time="3.25" duration="0.25" volume="204" string="3"/>
			<note pitch="48" time="3.25" duration="0.25" volume="204" string="4"/>
			<note pitch="55" time="3.5" duration="0.5" volume="204" string="3"/>
			<note pitch="48" time="3.5" duration="0.5" volume="204" string="4"/>
			<note pitch="35" time="4.0" duration="1.0" volume="204" string="5"/>
			<note pitch="47" time="5.0" duration="0.25" volume="204" string="4"/>
			<note pitch="54" time="5.25" duration="0.25" volume="204" string="3"/>
			<note pitch="51" time="5.5" duration="0.25" volume="204" string="4"/>
			<note pitch="50" time="5.75" duration="0.25" volume="204" string="4"/>
			<note pitch="53" time="6.0" duration="1.0" volume="204" string="3"/>
			<note pitch="54" time="7.0" duration="0.5" volume="204" string="3"/>
			<note pitch="47" time="7.0" duration="0.5" volume="204" string="4"/>
			<note pitch="53" time="7.5" duration="0.5" volume="204" string="3"/>
			<note pitch="59" time="7.5" duration="0.5" volume="204" string="2"/>
			<note pitch="35" time="8.0" duration="1.0" volume="204" string="5"/>
			<note pitch="47" time="9.0" duration="0.25" volume="204" string="4"/>
			<note pitch="54" time="9.25" duration="0.25" volume="204" string="3"/>
			<note pitch="51" time="9.5" duration="0.25" volume="204" string="4"/>
			<note pitch="50" time="9.75" duration="0.25" volume="204" string="4"/>
			<note pitch="53" time="10.0" duration="1.0" volume="204" string="3"/>
			<note pitch="54" time="11.0" duration="0.25" volume="204" string="3"/>
			<note pitch="47" time="11.0" duration="0.25" volume="204" string="4"/>
			<note pitch="55" time="11.25" duration="0.25" volume="204" string="3"/>
			<note pitch="48" time="11.25" duration="0.25" volume="204" string="4"/>
			<note pitch="55" time="11.5" duration="0.5" volume="204" string="3"/>
			<note pitch="48" time="11.5" duration="0.5" volume="204" string="4"/>
			<note pitch="35" time="12.0" duration="1.0" volume="204" string="5"/>
			<note pitch="47" time="13.0" duration="0.25" volume="204" string="4"/>
			<note pitch="54" time="13.25" duration="0.25" volume="204" string="3"/>
			<note pitch="51" time="13.5" duration="0.25" volume="204" string="4"/>
			<note pitch="50" time="13.75" duration="0.25" volume="204" string="4"/>
			<note pitch="53" time="14.0" duration="0.25" volume="204" string="3"/>
			<note pitch="49" time="14.25" duration="0.25" volume="204" string="4"/>
			<note pitch="48" time="14.5" duration="0.25" volume="204" string="4"/>
			<note pitch="47" time="14.75" duration="0.25" volume="204" string="4"/>
			<note pitch="53" time="15.0" duration="0.25" volume="204" string="3"/>
			<note pitch="59" time="15.25" duration="0.25" volume="204" string="2"/>
			<note pitch="58" time="15.5" duration="0.25" volume="204" string="2"/>
			<note pitch="54" time="15.75" duration="0.25" volume="204" string="3"/>
		</notes>
	</partition>
</song>
