<?xml version="1.0" encoding="utf-8"?>

<song version="0.12" lang="en">
	<title>Jimmy's song</title>
	<authors>Jimmy</authors>
	<copyright>Copyright 2005 by Jimmy</copyright>
	<comments></comments>
	<bars>
		<bar rythm="6/4" tempo="75" syncope="0"/>
		<bar rythm="6/4" tempo="75" syncope="0"/>
		<bar rythm="6/4" tempo="75" syncope="0"/>
		<bar rythm="6/4" tempo="75" syncope="0"/>
		<bar rythm="6/4" tempo="75" syncope="0"/>
	</bars>
	<playlist>
		<play from="0" to="3"/>
		<play from="0" to="3"/>
		<play from="0" to="3"/>
		<play from="0" to="3"/>
	</playlist>
	<partition volume="255" muted="0" chorus="0" instrument="29" capo="0" reverb="0">
		<header>Guitar</header>
		<view type="tablature">
			<strings>
				<string pitch="61" notation="top"/>
				<string pitch="56" notation="top"/>
				<string pitch="52" notation="top"/>
				<string pitch="47" notation="down"/>
				<string pitch="42" notation="down"/>
				<string pitch="35" notation="down"/>
			</strings>
		</view>
		<notes>
			<note pitch="47" time="0.0" duration="0.75" volume="204" string="4"/>
			<note pitch="54" time="0.0" duration="0.75" volume="204" string="3"/>
			<note pitch="47" time="0.75" duration="0.25" volume="204" string="4"/>
			<note pitch="47" time="1.0" duration="0.25" volume="204" string="4"/>
			<note pitch="47" time="1.25" duration="0.25" volume="204" string="4"/>
			<note pitch="54" time="1.5" duration="0.75" volume="204" string="3"/>
			<note pitch="47" time="1.5" duration="0.75" volume="204" string="4"/>
			<note pitch="47" time="2.25" duration="0.25" volume="204" string="4"/>
			<note pitch="47" time="2.5" duration="0.25" volume="204" string="4"/>
			<note pitch="47" time="2.75" duration="0.25" volume="204" string="4"/>
			<note pitch="59" time="3.0" duration="0.25" volume="204" string="2"/>
			<note pitch="58" time="3.25" duration="0.25" volume="204" string="2"/>
			<note pitch="57" time="3.5" duration="0.25" volume="204" string="2"/>
			<note pitch="56" time="3.75" duration="0.25" volume="204" string="2"/>
			<note pitch="55" time="4.0" duration="0.25" volume="204" string="2"/>
			<note pitch="54" time="4.25" duration="0.25" volume="204" string="3"/>
			<note pitch="53" time="4.5" duration="0.25" volume="204" string="3"/>
			<note pitch="52" time="4.75" duration="0.25" volume="204" string="3"/>
			<note pitch="51" time="5.0" duration="0.25" volume="204" string="3"/>
			<note pitch="50" time="5.25" duration="0.25" volume="204" string="3"/>
			<note pitch="47" time="5.5" duration="0.25" volume="204" string="4"/>
			<note pitch="46" time="5.75" duration="0.25" volume="204" string="4"/>
			<note pitch="54" time="6.0" duration="0.75" volume="204" string="3"/>
			<note pitch="47" time="6.0" duration="0.75" volume="204" string="4"/>
			<note pitch="47" time="6.75" duration="0.25" volume="204" string="4"/>
			<note pitch="47" time="7.0" duration="0.25" volume="204" string="4"/>
			<note pitch="47" time="7.25" duration="0.25" volume="204" string="4"/>
			<note pitch="47" time="7.5" duration="0.75" volume="204" string="4"/>
			<note pitch="54" time="7.5" duration="0.75" volume="204" string="3"/>
			<note pitch="47" time="8.25" duration="0.25" volume="204" string="4"/>
			<note pitch="47" time="8.5" duration="0.25" volume="204" string="4"/>
			<note pitch="47" time="8.75" duration="0.25" volume="204" string="4"/>
			<note pitch="59" time="9.0" duration="0.25" volume="204" string="2"/>
			<note pitch="58" time="9.25" duration="0.25" volume="204" string="2"/>
			<note pitch="57" time="9.5" duration="0.25" volume="204" string="2"/>
			<note pitch="56" time="9.75" duration="0.25" volume="204" string="2"/>
			<note pitch="55" time="10.0" duration="0.25" volume="204" string="2"/>
			<note pitch="54" time="10.25" duration="0.25" volume="204" string="3"/>
			<note pitch="53" time="10.5" duration="0.25" volume="204" string="3"/>
			<note pitch="52" time="10.75" duration="0.25" volume="204" string="3"/>
			<note pitch="51" time="11.0" duration="0.25" volume="204" string="3"/>
			<note pitch="50" time="11.25" duration="0.25" volume="204" string="3"/>
			<note pitch="47" time="11.5" duration="0.25" volume="204" string="4"/>
			<note pitch="46" time="11.75" duration="0.25" volume="204" string="4"/>
			<note pitch="54" time="12.0" duration="0.75" volume="204" string="3"/>
			<note pitch="47" time="12.0" duration="0.75" volume="204" string="4"/>
			<note pitch="47" time="12.75" duration="0.25" volume="204" string="4"/>
			<note pitch="47" time="13.0" duration="0.25" volume="204" string="4"/>
			<note pitch="47" time="13.25" duration="0.25" volume="204" string="4"/>
			<note pitch="47" time="13.5" duration="0.75" volume="204" string="4"/>
			<note pitch="54" time="13.5" duration="0.75" volume="204" string="3"/>
			<note pitch="47" time="14.25" duration="0.25" volume="204" string="4"/>
			<note pitch="47" time="14.5" duration="0.25" volume="204" string="4"/>
			<note pitch="47" time="14.75" duration="0.25" volume="204" string="4"/>
			<note pitch="59" time="15.0" duration="0.25" volume="204" string="2"/>
			<note pitch="58" time="15.25" duration="0.25" volume="204" string="2"/>
			<note pitch="57" time="15.5" duration="0.25" volume="204" string="2"/>
			<note pitch="56" time="15.75" duration="0.25" volume="204" string="2"/>
			<note pitch="55" time="16.0" duration="0.25" volume="204" string="2"/>
			<note pitch="54" time="16.25" duration="0.25" volume="204" string="3"/>
			<note pitch="53" time="16.5" duration="0.25" volume="204" string="3"/>
			<note pitch="52" time="16.75" duration="0.25" volume="204" string="3"/>
			<note pitch="51" time="17.0" duration="0.25" volume="204" string="3"/>
			<note pitch="50" time="17.25" duration="0.25" volume="204" string="3"/>
			<note pitch="47" time="17.5" duration="0.25" volume="204" string="4"/>
			<note pitch="46" time="17.75" duration="0.25" volume="204" string="4"/>
			<note pitch="54" time="18.0" duration="0.75" volume="204" string="3"/>
			<note pitch="47" time="18.0" duration="0.75" volume="204" string="4"/>
			<note pitch="47" time="18.75" duration="0.25" volume="204" string="4"/>
			<note pitch="47" time="19.0" duration="0.25" volume="204" string="4"/>
			<note pitch="47" time="19.25" duration="0.25" volume="204" string="4"/>
			<note pitch="60" time="19.5" duration="0.75" volume="204" string="2"/>
			<note pitch="53" time="19.5" duration="0.75" volume="204" string="3"/>
			<note pitch="53" time="20.25" duration="0.25" volume="204" string="3"/>
			<note pitch="53" time="20.5" duration="0.25" volume="204" string="3"/>
			<note pitch="53" time="20.75" duration="0.25" volume="204" string="3"/>
			<note pitch="54" time="21.0" duration="0.25" volume="204" string="3"/>
			<note pitch="53" time="21.25" duration="0.25" volume="204" string="3"/>
			<note pitch="52" time="21.5" duration="0.25" volume="204" string="3"/>
			<note pitch="55" time="21.75" duration="0.75" volume="204" string="3"/>
			<note pitch="49" time="22.5" duration="0.25" volume="204" string="4"/>
			<note pitch="48" time="22.75" duration="0.25" volume="204" string="4"/>
			<note pitch="47" time="23.0" duration="0.25" volume="204" string="4"/>
			<note pitch="50" time="23.25" duration="0.75" volume="204" string="4"/>
		</notes>
	</partition>
</song>