<?xml version="1.0" encoding="utf-8"?>

<song version="0.12" lang="en">
	<title>Jimmy's song</title>
	<authors>Jimmy</authors>
	<copyright>Copyright 2005 by Jimmy</copyright>
	<comments></comments>
	<bars>
		<bar rythm="4/4" tempo="60" syncope="0"/>
		<bar rythm="4/4" tempo="60" syncope="0"/>
		<bar rythm="4/4" tempo="60" syncope="0"/>
		<bar rythm="4/4" tempo="60" syncope="0"/>
		<bar rythm="4/4" tempo="90" syncope="0"/>
		<bar rythm="4/4" tempo="90" syncope="0"/>
		<bar rythm="4/4" tempo="90" syncope="0"/>
		<bar rythm="4/4" tempo="90" syncope="0"/>
		<bar rythm="4/4" tempo="90" syncope="0"/>
		<bar rythm="4/4" tempo="90" syncope="0"/>
		<bar rythm="4/4" tempo="90" syncope="0"/>
		<bar rythm="4/4" tempo="90" syncope="0"/>
		<bar rythm="4/4" tempo="90" syncope="0"/>
		<bar rythm="4/4" tempo="90" syncope="0"/>
		<bar rythm="4/4" tempo="90" syncope="0"/>
		<bar rythm="4/4" tempo="90" syncope="0"/>
		<bar rythm="4/4" tempo="90" syncope="0"/>
		<bar rythm="4/4" tempo="90" syncope="0"/>
		<bar rythm="4/4" tempo="90" syncope="0"/>
		<bar rythm="4/4" tempo="90" syncope="0"/>
		<bar rythm="4/4" tempo="90" syncope="0"/>
		<bar rythm="4/4" tempo="90" syncope="0"/>
		<bar rythm="4/4" tempo="90" syncope="0"/>
		<bar rythm="4/4" tempo="90" syncope="0"/>
		<bar rythm="4/4" tempo="90" syncope="0"/>
		<bar rythm="4/4" tempo="90" syncope="0"/>
		<bar rythm="4/4" tempo="90" syncope="0"/>
		<bar rythm="4/4" tempo="90" syncope="0"/>
		<bar rythm="4/4" tempo="90" syncope="0"/>
		<bar rythm="4/4" tempo="90" syncope="0"/>
		<bar rythm="4/4" tempo="90" syncope="0"/>
		<bar rythm="4/4" tempo="90" syncope="0"/>
		<bar rythm="1/4" tempo="90" syncope="0"/>
		<bar rythm="4/4" tempo="90" syncope="0"/>
		<bar rythm="4/4" tempo="90" syncope="0"/>
		<bar rythm="4/4" tempo="90" syncope="0"/>
		<bar rythm="4/4" tempo="90" syncope="0"/>
		<bar rythm="4/4" tempo="90" syncope="0"/>
		<bar rythm="4/4" tempo="90" syncope="0"/>
		<bar rythm="4/4" tempo="90" syncope="0"/>
		<bar rythm="4/4" tempo="90" syncope="0"/>
		<bar rythm="4/4" tempo="90" syncope="0"/>
		<bar rythm="4/4" tempo="90" syncope="0"/>
		<bar rythm="4/4" tempo="90" syncope="0"/>
		<bar rythm="4/4" tempo="90" syncope="0"/>
		<bar rythm="4/4" tempo="90" syncope="0"/>
	</bars>
	<playlist>
	</playlist>
	<partition volume="255" muted="0" chorus="0" instrument="30" capo="0" reverb="0">
		<header>Guitar</header>
		<view type="tablature">
			<strings>
				<string pitch="61" notation="top"/>
				<string pitch="56" notation="top"/>
				<string pitch="52" notation="top"/>
				<string pitch="47" notation="down"/>
				<string pitch="42" notation="down"/>
				<string pitch="35" notation="down"/>
			</strings>
		</view>
		<notes>
			<note pitch="54" time="0.0" duration="0.25" volume="204" string="3"/>
			<note pitch="47" time="0.25" duration="0.25" volume="204" string="4"/>
			<note pitch="47" time="0.5" duration="0.25" volume="204" string="4"/>
			<note pitch="47" time="0.75" duration="0.25" volume="204" string="4"/>
			<note pitch="47" time="1.0" duration="1.0" volume="204" string="4"/>
			<note pitch="55" time="2.0" duration="0.25" volume="204" string="3"/>
			<note pitch="47" time="2.25" duration="0.25" volume="204" string="4"/>
			<note pitch="47" time="2.5" duration="0.25" volume="204" string="4"/>
			<note pitch="47" time="2.75" duration="0.25" volume="204" string="4"/>
			<note pitch="47" time="3.0" duration="1.0" volume="204" string="4"/>
			<note pitch="53" time="4.0" duration="0.25" volume="204" string="3"/>
			<note pitch="47" time="4.25" duration="0.25" volume="204" string="4"/>
			<note pitch="47" time="4.5" duration="0.25" volume="204" string="4"/>
			<note pitch="47" time="4.75" duration="0.25" volume="204" string="4"/>
			<note pitch="47" time="5.0" duration="1.0" volume="204" string="4"/>
			<note pitch="50" time="6.0" duration="0.25" volume="204" string="4"/>
			<note pitch="47" time="6.25" duration="0.25" volume="204" string="4"/>
			<note pitch="49" time="6.5" duration="0.25" volume="204" string="4"/>
			<note pitch="47" time="6.75" duration="0.25" volume="204" string="4"/>
			<note pitch="48" time="7.0" duration="0.25" volume="204" string="4"/>
			<note pitch="47" time="7.25" duration="0.25" volume="204" string="4"/>
			<note pitch="52" time="7.5" duration="0.5" volume="204" string="3"/>
			<note pitch="54" time="8.0" duration="0.25" volume="204" string="3"/>
			<note pitch="47" time="8.25" duration="0.25" volume="204" string="4"/>
			<note pitch="47" time="8.5" duration="0.25" volume="204" string="4"/>
			<note pitch="47" time="8.75" duration="0.25" volume="204" string="4"/>
			<note pitch="47" time="9.0" duration="1.0" volume="204" string="4"/>
			<note pitch="55" time="10.0" duration="0.25" volume="204" string="3"/>
			<note pitch="47" time="10.25" duration="0.25" volume="204" string="4"/>
			<note pitch="47" time="10.5" duration="0.25" volume="204" string="4"/>
			<note pitch="47" time="10.75" duration="0.25" volume="204" string="4"/>
			<note pitch="47" time="11.0" duration="1.0" volume="204" string="4"/>
			<note pitch="53" time="12.0" duration="0.25" volume="204" string="3"/>
			<note pitch="47" time="12.25" duration="0.25" volume="204" string="4"/>
			<note pitch="47" time="12.5" duration="0.25" volume="204" string="4"/>
			<note pitch="47" time="12.75" duration="0.25" volume="204" string="4"/>
			<note pitch="47" time="13.0" duration="1.0" volume="204" string="4"/>
			<note pitch="50" time="14.0" duration="0.25" volume="204" string="4"/>
			<note pitch="47" time="14.25" duration="0.25" volume="204" string="4"/>
			<note pitch="49" time="14.5" duration="0.25" volume="204" string="4"/>
			<note pitch="47" time="14.75" duration="0.25" volume="204" string="4"/>
			<note pitch="48" time="15.0" duration="0.25" volume="204" string="4"/>
			<note pitch="47" time="15.25" duration="0.25" volume="204" string="4"/>
			<note pitch="52" time="15.5" duration="0.5" volume="204" string="3"/>
			<note pitch="54" time="16.0" duration="0.25" volume="204" string="3"/>
			<note pitch="35" time="16.25" duration="0.125" volume="204" string="5"/>
			<note pitch="35" time="16.375" duration="0.125" volume="204" string="5"/>
			<note pitch="35" time="16.5" duration="0.125" volume="204" string="5"/>
			<note pitch="35" time="16.625" duration="0.125" volume="204" string="5"/>
			<note pitch="35" time="16.75" duration="0.125" volume="204" string="5"/>
			<note pitch="35" time="17.0" duration="0.25" volume="204" string="5"/>
			<note pitch="35" time="17.25" duration="0.125" volume="204" string="5"/>
			<note pitch="35" time="17.375" duration="0.125" volume="204" string="5"/>
			<note pitch="35" time="17.5" duration="0.125" volume="204" string="5"/>
			<note pitch="35" time="17.625" duration="0.125" volume="204" string="5"/>
			<note pitch="35" time="17.75" duration="0.125" volume="204" string="5"/>
			<note pitch="55" time="18.0" duration="0.25" volume="204" string="3"/>
			<note pitch="35" time="18.25" duration="0.125" volume="204" string="5"/>
			<note pitch="35" time="18.375" duration="0.125" volume="204" string="5"/>
			<note pitch="35" time="18.5" duration="0.125" volume="204" string="5"/>
			<note pitch="35" time="18.625" duration="0.125" volume="204" string="5"/>
			<note pitch="35" time="18.75" duration="0.125" volume="204" string="5"/>
			<note pitch="35" time="19.0" duration="0.25" volume="204" string="5"/>
			<note pitch="35" time="19.25" duration="0.125" volume="204" string="5"/>
			<note pitch="35" time="19.375" duration="0.125" volume="204" string="5"/>
			<note pitch="35" time="19.5" duration="0.125" volume="204" string="5"/>
			<note pitch="35" time="19.625" duration="0.125" volume="204" string="5"/>
			<note pitch="35" time="19.75" duration="0.125" volume="204" string="5"/>
			<note pitch="53" time="20.0" duration="0.25" volume="204" string="3"/>
			<note pitch="35" time="20.25" duration="0.125" volume="204" string="5"/>
			<note pitch="35" time="20.375" duration="0.125" volume="204" string="5"/>
			<note pitch="35" time="20.5" duration="0.125" volume="204" string="5"/>
			<note pitch="35" time="20.625" duration="0.125" volume="204" string="5"/>
			<note pitch="35" time="20.75" duration="0.125" volume="204" string="5"/>
			<note pitch="35" time="21.0" duration="0.25" volume="204" string="5"/>
			<note pitch="35" time="21.25" duration="0.125" volume="204" string="5"/>
			<note pitch="35" time="21.375" duration="0.125" volume="204" string="5"/>
			<note pitch="35" time="21.5" duration="0.125" volume="204" string="5"/>
			<note pitch="35" time="21.625" duration="0.125" volume="204" string="5"/>
			<note pitch="35" time="21.75" duration="0.125" volume="204" string="5"/>
			<note pitch="50" time="22.0" duration="0.25" volume="204" string="4"/>
			<note pitch="35" time="22.25" duration="0.125" volume="204" string="5"/>
			<note pitch="35" time="22.375" duration="0.125" volume="204" string="5"/>
			<note pitch="35" time="22.5" duration="0.125" volume="204" string="5"/>
			<note pitch="49" time="22.75" duration="0.25" volume="204" string="4"/>
			<note pitch="35" time="23.0" duration="0.125" volume="204" string="5"/>
			<note pitch="35" time="23.125" duration="0.125" volume="204" string="5"/>
			<note pitch="35" time="23.25" duration="0.125" volume="204" string="5"/>
			<note pitch="48" time="23.5" duration="0.5" volume="204" string="4"/>
			<note pitch="54" time="24.0" duration="0.25" volume="204" string="3"/>
			<note pitch="35" time="24.25" duration="0.125" volume="204" string="5"/>
			<note pitch="35" time="24.375" duration="0.125" volume="204" string="5"/>
			<note pitch="35" time="24.5" duration="0.125" volume="204" string="5"/>
			<note pitch="35" time="24.625" duration="0.125" volume="204" string="5"/>
			<note pitch="35" time="24.75" duration="0.125" volume="204" string="5"/>
			<note pitch="35" time="25.0" duration="0.25" volume="204" string="5"/>
			<note pitch="35" time="25.25" duration="0.125" volume="204" string="5"/>
			<note pitch="35" time="25.375" duration="0.125" volume="204" string="5"/>
			<note pitch="35" time="25.5" duration="0.125" volume="204" string="5"/>
			<note pitch="35" time="25.625" duration="0.125" volume="204" string="5"/>
			<note pitch="35" time="25.75" duration="0.125" volume="204" string="5"/>
			<note pitch="55" time="26.0" duration="0.25" volume="204" string="3"/>
			<note pitch="35" time="26.25" duration="0.125" volume="204" string="5"/>
			<note pitch="35" time="26.375" duration="0.125" volume="204" string="5"/>
			<note pitch="35" time="26.5" duration="0.125" volume="204" string="5"/>
			<note pitch="35" time="26.625" duration="0.125" volume="204" string="5"/>
			<note pitch="35" time="26.75" duration="0.125" volume="204" string="5"/>
			<note pitch="35" time="27.0" duration="0.25" volume="204" string="5"/>
			<note pitch="35" time="27.25" duration="0.125" volume="204" string="5"/>
			<note pitch="35" time="27.375" duration="0.125" volume="204" string="5"/>
			<note pitch="35" time="27.5" duration="0.125" volume="204" string="5"/>
			<note pitch="35" time="27.625" duration="0.125" volume="204" string="5"/>
			<note pitch="35" time="27.75" duration="0.125" volume="204" string="5"/>
			<note pitch="53" time="28.0" duration="0.25" volume="204" string="3"/>
			<note pitch="35" time="28.25" duration="0.125" volume="204" string="5"/>
			<note pitch="35" time="28.375" duration="0.125" volume="204" string="5"/>
			<note pitch="35" time="28.5" duration="0.125" volume="204" string="5"/>
			<note pitch="35" time="28.625" duration="0.125" volume="204" string="5"/>
			<note pitch="35" time="28.75" duration="0.125" volume="204" string="5"/>
			<note pitch="35" time="29.0" duration="0.25" volume="204" string="5"/>
			<note pitch="35" time="29.25" duration="0.125" volume="204" string="5"/>
			<note pitch="35" time="29.375" duration="0.125" volume="204" string="5"/>
			<note pitch="35" time="29.5" duration="0.125" volume="204" string="5"/>
			<note pitch="35" time="29.625" duration="0.125" volume="204" string="5"/>
			<note pitch="35" time="29.75" duration="0.125" volume="204" string="5"/>
			<note pitch="50" time="30.0" duration="0.25" volume="204" string="4"/>
			<note pitch="35" time="30.25" duration="0.125" volume="204" string="5"/>
			<note pitch="35" time="30.375" duration="0.125" volume="204" string="5"/>
			<note pitch="35" time="30.5" duration="0.125" volume="204" string="5"/>
			<note pitch="49" time="30.75" duration="0.25" volume="204" string="4"/>
			<note pitch="35" time="31.0" duration="0.125" volume="204" string="5"/>
			<note pitch="35" time="31.125" duration="0.125" volume="204" string="5"/>
			<note pitch="35" time="31.25" duration="0.125" volume="204" string="5"/>
			<note pitch="48" time="31.5" duration="0.5" volume="204" string="4"/>
			<note pitch="54" time="32.0" duration="0.25" volume="204" string="3"/>
			<note pitch="35" time="32.25" duration="0.125" volume="204" string="5"/>
			<note pitch="35" time="32.375" duration="0.125" volume="204" string="5"/>
			<note pitch="35" time="32.5" duration="0.125" volume="204" string="5"/>
			<note pitch="35" time="32.625" duration="0.125" volume="204" string="5"/>
			<note pitch="35" time="32.75" duration="0.125" volume="204" string="5"/>
			<note pitch="35" time="33.0" duration="0.25" volume="204" string="5"/>
			<note pitch="35" time="33.25" duration="0.125" volume="204" string="5"/>
			<note pitch="35" time="33.375" duration="0.125" volume="204" string="5"/>
			<note pitch="35" time="33.5" duration="0.125" volume="204" string="5"/>
			<note pitch="35" time="33.625" duration="0.125" volume="204" string="5"/>
			<note pitch="35" time="33.75" duration="0.125" volume="204" string="5"/>
			<note pitch="55" time="34.0" duration="0.25" volume="204" string="3"/>
			<note pitch="35" time="34.25" duration="0.125" volume="204" string="5"/>
			<note pitch="35" time="34.375" duration="0.125" volume="204" string="5"/>
			<note pitch="35" time="34.5" duration="0.125" volume="204" string="5"/>
			<note pitch="35" time="34.625" duration="0.125" volume="204" string="5"/>
			<note pitch="35" time="34.75" duration="0.125" volume="204" string="5"/>
			<note pitch="35" time="35.0" duration="0.25" volume="204" string="5"/>
			<note pitch="35" time="35.25" duration="0.125" volume="204" string="5"/>
			<note pitch="35" time="35.375" duration="0.125" volume="204" string="5"/>
			<note pitch="35" time="35.5" duration="0.125" volume="204" string="5"/>
			<note pitch="35" time="35.625" duration="0.125" volume="204" string="5"/>
			<note pitch="35" time="35.75" duration="0.125" volume="204" string="5"/>
			<note pitch="53" time="36.0" duration="0.25" volume="204" string="3"/>
			<note pitch="35" time="36.25" duration="0.125" volume="204" string="5"/>
			<note pitch="35" time="36.375" duration="0.125" volume="204" string="5"/>
			<note pitch="35" time="36.5" duration="0.125" volume="204" string="5"/>
			<note pitch="35" time="36.625" duration="0.125" volume="204" string="5"/>
			<note pitch="35" time="36.75" duration="0.125" volume="204" string="5"/>
			<note pitch="35" time="37.0" duration="0.25" volume="204" string="5"/>
			<note pitch="35" time="37.25" duration="0.125" volume="204" string="5"/>
			<note pitch="35" time="37.375" duration="0.125" volume="204" string="5"/>
			<note pitch="35" time="37.5" duration="0.125" volume="204" string="5"/>
			<note pitch="35" time="37.625" duration="0.125" volume="204" string="5"/>
			<note pitch="35" time="37.75" duration="0.125" volume="204" string="5"/>
			<note pitch="50" time="38.0" duration="0.25" volume="204" string="4"/>
			<note pitch="35" time="38.25" duration="0.125" volume="204" string="5"/>
			<note pitch="35" time="38.375" duration="0.125" volume="204" string="5"/>
			<note pitch="35" time="38.5" duration="0.125" volume="204" string="5"/>
			<note pitch="49" time="38.75" duration="0.25" volume="204" string="4"/>
			<note pitch="35" time="39.0" duration="0.125" volume="204" string="5"/>
			<note pitch="35" time="39.125" duration="0.125" volume="204" string="5"/>
			<note pitch="35" time="39.25" duration="0.125" volume="204" string="5"/>
			<note pitch="48" time="39.5" duration="0.5" volume="204" string="4"/>
			<note pitch="54" time="40.0" duration="0.25" volume="204" string="3"/>
			<note pitch="35" time="40.25" duration="0.125" volume="204" string="5"/>
			<note pitch="35" time="40.375" duration="0.125" volume="204" string="5"/>
			<note pitch="35" time="40.5" duration="0.125" volume="204" string="5"/>
			<note pitch="35" time="40.625" duration="0.125" volume="204" string="5"/>
			<note pitch="35" time="40.75" duration="0.125" volume="204" string="5"/>
			<note pitch="35" time="41.0" duration="0.25" volume="204" string="5"/>
			<note pitch="35" time="41.25" duration="0.125" volume="204" string="5"/>
			<note pitch="35" time="41.375" duration="0.125" volume="204" string="5"/>
			<note pitch="35" time="41.5" duration="0.125" volume="204" string="5"/>
			<note pitch="35" time="41.625" duration="0.125" volume="204" string="5"/>
			<note pitch="35" time="41.75" duration="0.125" volume="204" string="5"/>
			<note pitch="55" time="42.0" duration="0.25" volume="204" string="3"/>
			<note pitch="35" time="42.25" duration="0.125" volume="204" string="5"/>
			<note pitch="35" time="42.375" duration="0.125" volume="204" string="5"/>
			<note pitch="35" time="42.5" duration="0.125" volume="204" string="5"/>
			<note pitch="35" time="42.625" duration="0.125" volume="204" string="5"/>
			<note pitch="35" time="42.75" duration="0.125" volume="204" string="5"/>
			<note pitch="35" time="43.0" duration="0.25" volume="204" string="5"/>
			<note pitch="35" time="43.25" duration="0.125" volume="204" string="5"/>
			<note pitch="35" time="43.375" duration="0.125" volume="204" string="5"/>
			<note pitch="35" time="43.5" duration="0.125" volume="204" string="5"/>
			<note pitch="35" time="43.625" duration="0.125" volume="204" string="5"/>
			<note pitch="35" time="43.75" duration="0.125" volume="204" string="5"/>
			<note pitch="53" time="44.0" duration="0.25" volume="204" string="3"/>
			<note pitch="35" time="44.25" duration="0.125" volume="204" string="5"/>
			<note pitch="35" time="44.375" duration="0.125" volume="204" string="5"/>
			<note pitch="35" time="44.5" duration="0.125" volume="204" string="5"/>
			<note pitch="35" time="44.625" duration="0.125" volume="204" string="5"/>
			<note pitch="35" time="44.75" duration="0.125" volume="204" string="5"/>
			<note pitch="35" time="45.0" duration="0.25" volume="204" string="5"/>
			<note pitch="35" time="45.25" duration="0.125" volume="204" string="5"/>
			<note pitch="35" time="45.375" duration="0.125" volume="204" string="5"/>
			<note pitch="35" time="45.5" duration="0.125" volume="204" string="5"/>
			<note pitch="35" time="45.625" duration="0.125" volume="204" string="5"/>
			<note pitch="35" time="45.75" duration="0.125" volume="204" string="5"/>
			<note pitch="50" time="46.0" duration="0.25" volume="204" string="4"/>
			<note pitch="35" time="46.25" duration="0.125" volume="204" string="5"/>
			<note pitch="35" time="46.375" duration="0.125" volume="204" string="5"/>
			<note pitch="35" time="46.5" duration="0.125" volume="204" string="5"/>
			<note pitch="49" time="46.75" duration="0.25" volume="204" string="4"/>
			<note pitch="35" time="47.0" duration="0.125" volume="204" string="5"/>
			<note pitch="35" time="47.125" duration="0.125" volume="204" string="5"/>
			<note pitch="35" time="47.25" duration="0.125" volume="204" string="5"/>
			<note pitch="48" time="47.5" duration="0.5" volume="204" string="4"/>
			<note pitch="54" time="48.0" duration="0.25" volume="204" string="2"/>
			<note pitch="50" time="48.25" duration="0.25" volume="204" string="3"/>
			<note pitch="35" time="48.5" duration="0.125" volume="204" string="5"/>
			<note pitch="35" time="48.625" duration="0.125" volume="204" string="5"/>
			<note pitch="35" time="48.75" duration="0.125" volume="204" string="5"/>
			<note pitch="49" time="49.0" duration="0.25" volume="204" string="3"/>
			<note pitch="45" time="49.25" duration="0.25" volume="204" string="4"/>
			<note pitch="35" time="49.5" duration="0.125" volume="204" string="5"/>
			<note pitch="35" time="49.625" duration="0.125" volume="204" string="5"/>
			<note pitch="35" time="49.75" duration="0.125" volume="204" string="5"/>
			<note pitch="49" time="50.0" duration="0.25" volume="204" string="3"/>
			<note pitch="50" time="50.25" duration="0.25" volume="204" string="3"/>
			<note pitch="52" time="50.5" duration="0.5" volume="204" string="3"/>
			<note pitch="42" time="51.0" duration="0.25" volume="204" string="4"/>
			<note pitch="43" time="51.25" duration="0.25" volume="204" string="4"/>
			<note pitch="45" time="51.5" duration="0.5" volume="204" string="4"/>
			<note pitch="54" time="52.0" duration="0.25" volume="204" string="2"/>
			<note pitch="50" time="52.25" duration="0.25" volume="204" string="3"/>
			<note pitch="35" time="52.5" duration="0.125" volume="204" string="5"/>
			<note pitch="35" time="52.625" duration="0.125" volume="204" string="5"/>
			<note pitch="35" time="52.75" duration="0.125" volume="204" string="5"/>
			<note pitch="49" time="53.0" duration="0.25" volume="204" string="3"/>
			<note pitch="45" time="53.25" duration="0.25" volume="204" string="4"/>
			<note pitch="35" time="53.5" duration="0.125" volume="204" string="5"/>
			<note pitch="35" time="53.625" duration="0.125" volume="204" string="5"/>
			<note pitch="35" time="53.75" duration="0.125" volume="204" string="5"/>
			<note pitch="49" time="54.0" duration="0.25" volume="204" string="3"/>
			<note pitch="50" time="54.25" duration="0.25" volume="204" string="3"/>
			<note pitch="52" time="54.5" duration="0.5" volume="204" string="3"/>
			<note pitch="42" time="55.0" duration="0.25" volume="204" string="4"/>
			<note pitch="43" time="55.25" duration="0.25" volume="204" string="4"/>
			<note pitch="45" time="55.5" duration="0.5" volume="204" string="4"/>
			<note pitch="54" time="55.875" duration="0.25" volume="204" string="2"/>
			<note pitch="50" time="56.125" duration="0.25" volume="204" string="3"/>
			<note pitch="35" time="56.375" duration="0.125" volume="204" string="5"/>
			<note pitch="35" time="56.5" duration="0.125" volume="204" string="5"/>
			<note pitch="35" time="56.625" duration="0.125" volume="204" string="5"/>
			<note pitch="49" time="56.875" duration="0.25" volume="204" string="3"/>
			<note pitch="45" time="57.125" duration="0.25" volume="204" string="4"/>
			<note pitch="35" time="57.375" duration="0.125" volume="204" string="5"/>
			<note pitch="35" time="57.5" duration="0.125" volume="204" string="5"/>
			<note pitch="35" time="57.625" duration="0.125" volume="204" string="5"/>
			<note pitch="49" time="57.875" duration="0.25" volume="204" string="3"/>
			<note pitch="50" time="58.125" duration="0.25" volume="204" string="3"/>
			<note pitch="52" time="58.375" duration="0.5" volume="204" string="3"/>
			<note pitch="42" time="58.875" duration="0.25" volume="204" string="4"/>
			<note pitch="43" time="59.125" duration="0.25" volume="204" string="4"/>
			<note pitch="45" time="59.375" duration="0.5" volume="204" string="4"/>
			<note pitch="54" time="60.0" duration="0.25" volume="204" string="2"/>
			<note pitch="50" time="60.25" duration="0.25" volume="204" string="3"/>
			<note pitch="35" time="60.5" duration="0.125" volume="204" string="5"/>
			<note pitch="35" time="60.625" duration="0.125" volume="204" string="5"/>
			<note pitch="35" time="60.75" duration="0.125" volume="204" string="5"/>
			<note pitch="49" time="61.0" duration="0.25" volume="204" string="3"/>
			<note pitch="45" time="61.25" duration="0.25" volume="204" string="4"/>
			<note pitch="35" time="61.5" duration="0.125" volume="204" string="5"/>
			<note pitch="35" time="61.625" duration="0.125" volume="204" string="5"/>
			<note pitch="35" time="61.75" duration="0.125" volume="204" string="5"/>
			<note pitch="49" time="62.0" duration="0.25" volume="204" string="3"/>
			<note pitch="50" time="62.25" duration="0.25" volume="204" string="3"/>
			<note pitch="52" time="62.5" duration="0.5" volume="204" string="3"/>
			<note pitch="42" time="63.0" duration="0.25" volume="204" string="4"/>
			<note pitch="43" time="63.25" duration="0.25" volume="204" string="4"/>
			<note pitch="45" time="63.5" duration="0.5" volume="204" string="4"/>
			<note pitch="54" time="64.0" duration="0.25" volume="204" string="3"/>
			<note pitch="35" time="64.25" duration="0.125" volume="204" string="5"/>
			<note pitch="35" time="64.375" duration="0.125" volume="204" string="5"/>
			<note pitch="35" time="64.5" duration="0.125" volume="204" string="5"/>
			<note pitch="35" time="64.625" duration="0.125" volume="204" string="5"/>
			<note pitch="35" time="64.75" duration="0.125" volume="204" string="5"/>
			<note pitch="35" time="65.0" duration="0.25" volume="204" string="5"/>
			<note pitch="35" time="65.25" duration="0.125" volume="204" string="5"/>
			<note pitch="35" time="65.375" duration="0.125" volume="204" string="5"/>
			<note pitch="35" time="65.5" duration="0.125" volume="204" string="5"/>
			<note pitch="35" time="65.625" duration="0.125" volume="204" string="5"/>
			<note pitch="35" time="65.75" duration="0.125" volume="204" string="5"/>
			<note pitch="55" time="66.0" duration="0.25" volume="204" string="3"/>
			<note pitch="35" time="66.25" duration="0.125" volume="204" string="5"/>
			<note pitch="35" time="66.375" duration="0.125" volume="204" string="5"/>
			<note pitch="35" time="66.5" duration="0.125" volume="204" string="5"/>
			<note pitch="35" time="66.625" duration="0.125" volume="204" string="5"/>
			<note pitch="35" time="66.75" duration="0.125" volume="204" string="5"/>
			<note pitch="35" time="67.0" duration="0.25" volume="204" string="5"/>
			<note pitch="35" time="67.25" duration="0.125" volume="204" string="5"/>
			<note pitch="35" time="67.375" duration="0.125" volume="204" string="5"/>
			<note pitch="35" time="67.5" duration="0.125" volume="204" string="5"/>
			<note pitch="35" time="67.625" duration="0.125" volume="204" string="5"/>
			<note pitch="35" time="67.75" duration="0.125" volume="204" string="5"/>
			<note pitch="53" time="68.0" duration="0.25" volume="204" string="3"/>
			<note pitch="35" time="68.25" duration="0.125" volume="204" string="5"/>
			<note pitch="35" time="68.375" duration="0.125" volume="204" string="5"/>
			<note pitch="35" time="68.5" duration="0.125" volume="204" string="5"/>
			<note pitch="35" time="68.625" duration="0.125" volume="204" string="5"/>
			<note pitch="35" time="68.75" duration="0.125" volume="204" string="5"/>
			<note pitch="35" time="69.0" duration="0.25" volume="204" string="5"/>
			<note pitch="35" time="69.25" duration="0.125" volume="204" string="5"/>
			<note pitch="35" time="69.375" duration="0.125" volume="204" string="5"/>
			<note pitch="35" time="69.5" duration="0.125" volume="204" string="5"/>
			<note pitch="35" time="69.625" duration="0.125" volume="204" string="5"/>
			<note pitch="35" time="69.75" duration="0.125" volume="204" string="5"/>
			<note pitch="50" time="70.0" duration="0.25" volume="204" string="4"/>
			<note pitch="35" time="70.25" duration="0.125" volume="204" string="5"/>
			<note pitch="35" time="70.375" duration="0.125" volume="204" string="5"/>
			<note pitch="35" time="70.5" duration="0.125" volume="204" string="5"/>
			<note pitch="49" time="70.75" duration="0.25" volume="204" string="4"/>
			<note pitch="35" time="71.0" duration="0.125" volume="204" string="5"/>
			<note pitch="35" time="71.125" duration="0.125" volume="204" string="5"/>
			<note pitch="35" time="71.25" duration="0.125" volume="204" string="5"/>
			<note pitch="48" time="71.5" duration="0.5" volume="204" string="4"/>
			<note pitch="54" time="72.0" duration="0.25" volume="204" string="3"/>
			<note pitch="35" time="72.25" duration="0.125" volume="204" string="5"/>
			<note pitch="35" time="72.375" duration="0.125" volume="204" string="5"/>
			<note pitch="35" time="72.5" duration="0.125" volume="204" string="5"/>
			<note pitch="35" time="72.625" duration="0.125" volume="204" string="5"/>
			<note pitch="35" time="72.75" duration="0.125" volume="204" string="5"/>
			<note pitch="35" time="73.0" duration="0.25" volume="204" string="5"/>
			<note pitch="35" time="73.25" duration="0.125" volume="204" string="5"/>
			<note pitch="35" time="73.375" duration="0.125" volume="204" string="5"/>
			<note pitch="35" time="73.5" duration="0.125" volume="204" string="5"/>
			<note pitch="35" time="73.625" duration="0.125" volume="204" string="5"/>
			<note pitch="35" time="73.75" duration="0.125" volume="204" string="5"/>
			<note pitch="55" time="74.0" duration="0.25" volume="204" string="3"/>
			<note pitch="35" time="74.25" duration="0.125" volume="204" string="5"/>
			<note pitch="35" time="74.375" duration="0.125" volume="204" string="5"/>
			<note pitch="35" time="74.5" duration="0.125" volume="204" string="5"/>
			<note pitch="35" time="74.625" duration="0.125" volume="204" string="5"/>
			<note pitch="35" time="74.75" duration="0.125" volume="204" string="5"/>
			<note pitch="35" time="75.0" duration="0.25" volume="204" string="5"/>
			<note pitch="35" time="75.25" duration="0.125" volume="204" string="5"/>
			<note pitch="35" time="75.375" duration="0.125" volume="204" string="5"/>
			<note pitch="35" time="75.5" duration="0.125" volume="204" string="5"/>
			<note pitch="35" time="75.625" duration="0.125" volume="204" string="5"/>
			<note pitch="35" time="75.75" duration="0.125" volume="204" string="5"/>
			<note pitch="53" time="76.0" duration="0.25" volume="204" string="3"/>
			<note pitch="35" time="76.25" duration="0.125" volume="204" string="5"/>
			<note pitch="35" time="76.375" duration="0.125" volume="204" string="5"/>
			<note pitch="35" time="76.5" duration="0.125" volume="204" string="5"/>
			<note pitch="35" time="76.625" duration="0.125" volume="204" string="5"/>
			<note pitch="35" time="76.75" duration="0.125" volume="204" string="5"/>
			<note pitch="35" time="77.0" duration="0.25" volume="204" string="5"/>
			<note pitch="35" time="77.25" duration="0.125" volume="204" string="5"/>
			<note pitch="35" time="77.375" duration="0.125" volume="204" string="5"/>
			<note pitch="35" time="77.5" duration="0.125" volume="204" string="5"/>
			<note pitch="35" time="77.625" duration="0.125" volume="204" string="5"/>
			<note pitch="35" time="77.75" duration="0.125" volume="204" string="5"/>
			<note pitch="50" time="78.0" duration="0.25" volume="204" string="4"/>
			<note pitch="35" time="78.25" duration="0.125" volume="204" string="5"/>
			<note pitch="35" time="78.375" duration="0.125" volume="204" string="5"/>
			<note pitch="35" time="78.5" duration="0.125" volume="204" string="5"/>
			<note pitch="49" time="78.75" duration="0.25" volume="204" string="4"/>
			<note pitch="35" time="79.0" duration="0.125" volume="204" string="5"/>
			<note pitch="35" time="79.125" duration="0.125" volume="204" string="5"/>
			<note pitch="35" time="79.25" duration="0.125" volume="204" string="5"/>
			<note pitch="48" time="79.5" duration="0.5" volume="204" string="4"/>
			<note pitch="54" time="80.0" duration="0.25" volume="204" string="3"/>
			<note pitch="35" time="80.25" duration="0.125" volume="204" string="5"/>
			<note pitch="35" time="80.375" duration="0.125" volume="204" string="5"/>
			<note pitch="35" time="80.5" duration="0.125" volume="204" string="5"/>
			<note pitch="35" time="80.625" duration="0.125" volume="204" string="5"/>
			<note pitch="35" time="80.75" duration="0.125" volume="204" string="5"/>
			<note pitch="35" time="81.0" duration="0.25" volume="204" string="5"/>
			<note pitch="35" time="81.25" duration="0.125" volume="204" string="5"/>
			<note pitch="35" time="81.375" duration="0.125" volume="204" string="5"/>
			<note pitch="35" time="81.5" duration="0.125" volume="204" string="5"/>
			<note pitch="35" time="81.625" duration="0.125" volume="204" string="5"/>
			<note pitch="35" time="81.75" duration="0.125" volume="204" string="5"/>
			<note pitch="55" time="82.0" duration="0.25" volume="204" string="3"/>
			<note pitch="35" time="82.25" duration="0.125" volume="204" string="5"/>
			<note pitch="35" time="82.375" duration="0.125" volume="204" string="5"/>
			<note pitch="35" time="82.5" duration="0.125" volume="204" string="5"/>
			<note pitch="35" time="82.625" duration="0.125" volume="204" string="5"/>
			<note pitch="35" time="82.75" duration="0.125" volume="204" string="5"/>
			<note pitch="35" time="83.0" duration="0.25" volume="204" string="5"/>
			<note pitch="35" time="83.25" duration="0.125" volume="204" string="5"/>
			<note pitch="35" time="83.375" duration="0.125" volume="204" string="5"/>
			<note pitch="35" time="83.5" duration="0.125" volume="204" string="5"/>
			<note pitch="35" time="83.625" duration="0.125" volume="204" string="5"/>
			<note pitch="35" time="83.75" duration="0.125" volume="204" string="5"/>
			<note pitch="53" time="84.0" duration="0.25" volume="204" string="3"/>
			<note pitch="35" time="84.25" duration="0.125" volume="204" string="5"/>
			<note pitch="35" time="84.375" duration="0.125" volume="204" string="5"/>
			<note pitch="35" time="84.5" duration="0.125" volume="204" string="5"/>
			<note pitch="35" time="84.625" duration="0.125" volume="204" string="5"/>
			<note pitch="35" time="84.75" duration="0.125" volume="204" string="5"/>
			<note pitch="35" time="85.0" duration="0.25" volume="204" string="5"/>
			<note pitch="35" time="85.25" duration="0.125" volume="204" string="5"/>
			<note pitch="35" time="85.375" duration="0.125" volume="204" string="5"/>
			<note pitch="35" time="85.5" duration="0.125" volume="204" string="5"/>
			<note pitch="35" time="85.625" duration="0.125" volume="204" string="5"/>
			<note pitch="35" time="85.75" duration="0.125" volume="204" string="5"/>
			<note pitch="50" time="86.0" duration="0.25" volume="204" string="4"/>
			<note pitch="35" time="86.25" duration="0.125" volume="204" string="5"/>
			<note pitch="35" time="86.375" duration="0.125" volume="204" string="5"/>
			<note pitch="35" time="86.5" duration="0.125" volume="204" string="5"/>
			<note pitch="49" time="86.75" duration="0.25" volume="204" string="4"/>
			<note pitch="35" time="87.0" duration="0.125" volume="204" string="5"/>
			<note pitch="35" time="87.125" duration="0.125" volume="204" string="5"/>
			<note pitch="35" time="87.25" duration="0.125" volume="204" string="5"/>
			<note pitch="48" time="87.5" duration="0.5" volume="204" string="4"/>
			<note pitch="54" time="88.0" duration="0.25" volume="204" string="3"/>
			<note pitch="35" time="88.25" duration="0.125" volume="204" string="5"/>
			<note pitch="35" time="88.375" duration="0.125" volume="204" string="5"/>
			<note pitch="35" time="88.5" duration="0.125" volume="204" string="5"/>
			<note pitch="35" time="88.625" duration="0.125" volume="204" string="5"/>
			<note pitch="35" time="88.75" duration="0.125" volume="204" string="5"/>
			<note pitch="35" time="89.0" duration="0.25" volume="204" string="5"/>
			<note pitch="35" time="89.25" duration="0.125" volume="204" string="5"/>
			<note pitch="35" time="89.375" duration="0.125" volume="204" string="5"/>
			<note pitch="35" time="89.5" duration="0.125" volume="204" string="5"/>
			<note pitch="35" time="89.625" duration="0.125" volume="204" string="5"/>
			<note pitch="35" time="89.75" duration="0.125" volume="204" string="5"/>
			<note pitch="55" time="90.0" duration="0.25" volume="204" string="3"/>
			<note pitch="35" time="90.25" duration="0.125" volume="204" string="5"/>
			<note pitch="35" time="90.375" duration="0.125" volume="204" string="5"/>
			<note pitch="35" time="90.5" duration="0.125" volume="204" string="5"/>
			<note pitch="35" time="90.625" duration="0.125" volume="204" string="5"/>
			<note pitch="35" time="90.75" duration="0.125" volume="204" string="5"/>
			<note pitch="35" time="91.0" duration="0.25" volume="204" string="5"/>
			<note pitch="35" time="91.25" duration="0.125" volume="204" string="5"/>
			<note pitch="35" time="91.375" duration="0.125" volume="204" string="5"/>
			<note pitch="35" time="91.5" duration="0.125" volume="204" string="5"/>
			<note pitch="35" time="91.625" duration="0.125" volume="204" string="5"/>
			<note pitch="35" time="91.75" duration="0.125" volume="204" string="5"/>
			<note pitch="53" time="92.0" duration="0.25" volume="204" string="3"/>
			<note pitch="35" time="92.25" duration="0.125" volume="204" string="5"/>
			<note pitch="35" time="92.375" duration="0.125" volume="204" string="5"/>
			<note pitch="35" time="92.5" duration="0.125" volume="204" string="5"/>
			<note pitch="35" time="92.625" duration="0.125" volume="204" string="5"/>
			<note pitch="35" time="92.75" duration="0.125" volume="204" string="5"/>
			<note pitch="35" time="93.0" duration="0.25" volume="204" string="5"/>
			<note pitch="35" time="93.25" duration="0.125" volume="204" string="5"/>
			<note pitch="35" time="93.375" duration="0.125" volume="204" string="5"/>
			<note pitch="35" time="93.5" duration="0.125" volume="204" string="5"/>
			<note pitch="35" time="93.625" duration="0.125" volume="204" string="5"/>
			<note pitch="35" time="93.75" duration="0.125" volume="204" string="5"/>
			<note pitch="50" time="94.0" duration="0.25" volume="204" string="4"/>
			<note pitch="35" time="94.25" duration="0.125" volume="204" string="5"/>
			<note pitch="35" time="94.375" duration="0.125" volume="204" string="5"/>
			<note pitch="35" time="94.5" duration="0.125" volume="204" string="5"/>
			<note pitch="49" time="94.75" duration="0.25" volume="204" string="4"/>
			<note pitch="35" time="95.0" duration="0.125" volume="204" string="5"/>
			<note pitch="35" time="95.125" duration="0.125" volume="204" string="5"/>
			<note pitch="35" time="95.25" duration="0.125" volume="204" string="5"/>
			<note pitch="48" time="95.5" duration="0.5" volume="204" string="4"/>
			<note pitch="37" time="96.0" duration="0.125" volume="204" string="5"/>
			<note pitch="44" time="96.0" duration="0.125" volume="204" string="4"/>
			<note pitch="36" time="96.125" duration="0.125" volume="204" string="5"/>
			<note pitch="43" time="96.125" duration="0.125" volume="204" string="4"/>
			<note pitch="35" time="96.25" duration="0.125" volume="204" string="5"/>
			<note pitch="42" time="96.25" duration="0.125" volume="204" string="4"/>
			<note pitch="35" time="96.375" duration="0.125" volume="204" string="5"/>
			<note pitch="42" time="96.375" duration="0.125" volume="204" string="4"/>
			<note pitch="38" time="96.5" duration="0.125" volume="204" string="5"/>
			<note pitch="45" time="96.5" duration="0.125" volume="204" string="4"/>
			<note pitch="37" time="96.625" duration="0.125" volume="204" string="5"/>
			<note pitch="44" time="96.625" duration="0.125" volume="204" string="4"/>
			<note pitch="35" time="96.75" duration="0.125" volume="204" string="5"/>
			<note pitch="42" time="96.75" duration="0.125" volume="204" string="4"/>
			<note pitch="35" time="96.875" duration="0.125" volume="204" string="5"/>
			<note pitch="42" time="96.875" duration="0.125" volume="204" string="4"/>
			<note pitch="37" time="97.0" duration="0.125" volume="204" string="5"/>
			<note pitch="44" time="97.0" duration="0.125" volume="204" string="4"/>
			<note pitch="36" time="97.125" duration="0.125" volume="204" string="5"/>
			<note pitch="43" time="97.125" duration="0.125" volume="204" string="4"/>
			<note pitch="35" time="97.25" duration="0.125" volume="204" string="5"/>
			<note pitch="42" time="97.25" duration="0.125" volume="204" string="4"/>
			<note pitch="35" time="97.375" duration="0.125" volume="204" string="5"/>
			<note pitch="42" time="97.375" duration="0.125" volume="204" string="4"/>
			<note pitch="39" time="97.5" duration="0.125" volume="204" string="5"/>
			<note pitch="46" time="97.5" duration="0.125" volume="204" string="4"/>
			<note pitch="38" time="97.625" duration="0.125" volume="204" string="5"/>
			<note pitch="45" time="97.625" duration="0.125" volume="204" string="4"/>
			<note pitch="35" time="97.75" duration="0.125" volume="204" string="5"/>
			<note pitch="42" time="97.75" duration="0.125" volume="204" string="4"/>
			<note pitch="35" time="97.875" duration="0.125" volume="204" string="5"/>
			<note pitch="42" time="97.875" duration="0.125" volume="204" string="4"/>
			<note pitch="37" time="98.0" duration="0.125" volume="204" string="5"/>
			<note pitch="44" time="98.0" duration="0.125" volume="204" string="4"/>
			<note pitch="36" time="98.125" duration="0.125" volume="204" string="5"/>
			<note pitch="43" time="98.125" duration="0.125" volume="204" string="4"/>
			<note pitch="35" time="98.25" duration="0.125" volume="204" string="5"/>
			<note pitch="42" time="98.25" duration="0.125" volume="204" string="4"/>
			<note pitch="35" time="98.375" duration="0.125" volume="204" string="5"/>
			<note pitch="42" time="98.375" duration="0.125" volume="204" string="4"/>
			<note pitch="38" time="98.5" duration="0.125" volume="204" string="5"/>
			<note pitch="45" time="98.5" duration="0.125" volume="204" string="4"/>
			<note pitch="37" time="98.625" duration="0.125" volume="204" string="5"/>
			<note pitch="44" time="98.625" duration="0.125" volume="204" string="4"/>
			<note pitch="35" time="98.75" duration="0.125" volume="204" string="5"/>
			<note pitch="42" time="98.75" duration="0.125" volume="204" string="4"/>
			<note pitch="35" time="98.875" duration="0.125" volume="204" string="5"/>
			<note pitch="42" time="98.875" duration="0.125" volume="204" string="4"/>
			<note pitch="37" time="99.0" duration="0.125" volume="204" string="5"/>
			<note pitch="44" time="99.0" duration="0.125" volume="204" string="4"/>
			<note pitch="36" time="99.125" duration="0.125" volume="204" string="5"/>
			<note pitch="43" time="99.125" duration="0.125" volume="204" string="4"/>
			<note pitch="35" time="99.25" duration="0.125" volume="204" string="5"/>
			<note pitch="42" time="99.25" duration="0.125" volume="204" string="4"/>
			<note pitch="35" time="99.375" duration="0.125" volume="204" string="5"/>
			<note pitch="42" time="99.375" duration="0.125" volume="204" string="4"/>
			<note pitch="40" time="99.5" duration="0.25" volume="204" string="5"/>
			<note pitch="47" time="99.5" duration="0.25" volume="204" string="4"/>
			<note pitch="39" time="99.75" duration="0.25" volume="204" string="5"/>
			<note pitch="46" time="99.75" duration="0.25" volume="204" string="4"/>
			<note pitch="44" time="100.0" duration="0.125" volume="204" string="4"/>
			<note pitch="37" time="100.0" duration="0.125" volume="204" string="5"/>
			<note pitch="43" time="100.125" duration="0.125" volume="204" string="4"/>
			<note pitch="36" time="100.125" duration="0.125" volume="204" string="5"/>
			<note pitch="42" time="100.25" duration="0.125" volume="204" string="4"/>
			<note pitch="35" time="100.25" duration="0.125" volume="204" string="5"/>
			<note pitch="42" time="100.375" duration="0.125" volume="204" string="4"/>
			<note pitch="35" time="100.375" duration="0.125" volume="204" string="5"/>
			<note pitch="45" time="100.5" duration="0.125" volume="204" string="4"/>
			<note pitch="38" time="100.5" duration="0.125" volume="204" string="5"/>
			<note pitch="44" time="100.625" duration="0.125" volume="204" string="4"/>
			<note pitch="37" time="100.625" duration="0.125" volume="204" string="5"/>
			<note pitch="42" time="100.75" duration="0.125" volume="204" string="4"/>
			<note pitch="35" time="100.75" duration="0.125" volume="204" string="5"/>
			<note pitch="42" time="100.875" duration="0.125" volume="204" string="4"/>
			<note pitch="35" time="100.875" duration="0.125" volume="204" string="5"/>
			<note pitch="44" time="101.0" duration="0.125" volume="204" string="4"/>
			<note pitch="37" time="101.0" duration="0.125" volume="204" string="5"/>
			<note pitch="43" time="101.125" duration="0.125" volume="204" string="4"/>
			<note pitch="36" time="101.125" duration="0.125" volume="204" string="5"/>
			<note pitch="42" time="101.25" duration="0.125" volume="204" string="4"/>
			<note pitch="35" time="101.25" duration="0.125" volume="204" string="5"/>
			<note pitch="42" time="101.375" duration="0.125" volume="204" string="4"/>
			<note pitch="35" time="101.375" duration="0.125" volume="204" string="5"/>
			<note pitch="46" time="101.5" duration="0.125" volume="204" string="4"/>
			<note pitch="39" time="101.5" duration="0.125" volume="204" string="5"/>
			<note pitch="45" time="101.625" duration="0.125" volume="204" string="4"/>
			<note pitch="38" time="101.625" duration="0.125" volume="204" string="5"/>
			<note pitch="42" time="101.75" duration="0.125" volume="204" string="4"/>
			<note pitch="35" time="101.75" duration="0.125" volume="204" string="5"/>
			<note pitch="42" time="101.875" duration="0.125" volume="204" string="4"/>
			<note pitch="35" time="101.875" duration="0.125" volume="204" string="5"/>
			<note pitch="44" time="102.0" duration="0.125" volume="204" string="4"/>
			<note pitch="37" time="102.0" duration="0.125" volume="204" string="5"/>
			<note pitch="43" time="102.125" duration="0.125" volume="204" string="4"/>
			<note pitch="36" time="102.125" duration="0.125" volume="204" string="5"/>
			<note pitch="42" time="102.25" duration="0.125" volume="204" string="4"/>
			<note pitch="35" time="102.25" duration="0.125" volume="204" string="5"/>
			<note pitch="42" time="102.375" duration="0.125" volume="204" string="4"/>
			<note pitch="35" time="102.375" duration="0.125" volume="204" string="5"/>
			<note pitch="45" time="102.5" duration="0.125" volume="204" string="4"/>
			<note pitch="38" time="102.5" duration="0.125" volume="204" string="5"/>
			<note pitch="44" time="102.625" duration="0.125" volume="204" string="4"/>
			<note pitch="37" time="102.625" duration="0.125" volume="204" string="5"/>
			<note pitch="42" time="102.75" duration="0.125" volume="204" string="4"/>
			<note pitch="35" time="102.75" duration="0.125" volume="204" string="5"/>
			<note pitch="42" time="102.875" duration="0.125" volume="204" string="4"/>
			<note pitch="35" time="102.875" duration="0.125" volume="204" string="5"/>
			<note pitch="44" time="103.0" duration="0.125" volume="204" string="4"/>
			<note pitch="37" time="103.0" duration="0.125" volume="204" string="5"/>
			<note pitch="43" time="103.125" duration="0.125" volume="204" string="4"/>
			<note pitch="36" time="103.125" duration="0.125" volume="204" string="5"/>
			<note pitch="42" time="103.25" duration="0.125" volume="204" string="4"/>
			<note pitch="35" time="103.25" duration="0.125" volume="204" string="5"/>
			<note pitch="42" time="103.375" duration="0.125" volume="204" string="4"/>
			<note pitch="35" time="103.375" duration="0.125" volume="204" string="5"/>
			<note pitch="48" time="103.5" duration="0.25" volume="204" string="4"/>
			<note pitch="41" time="103.5" duration="0.25" volume="204" string="5"/>
			<note pitch="47" time="103.75" duration="0.25" volume="204" string="4"/>
			<note pitch="40" time="103.75" duration="0.25" volume="204" string="5"/>
			<note pitch="44" time="104.0" duration="0.125" volume="204" string="4"/>
			<note pitch="37" time="104.0" duration="0.125" volume="204" string="5"/>
			<note pitch="43" time="104.125" duration="0.125" volume="204" string="4"/>
			<note pitch="36" time="104.125" duration="0.125" volume="204" string="5"/>
			<note pitch="35" time="104.25" duration="0.125" volume="204" string="5"/>
			<note pitch="42" time="104.25" duration="0.125" volume="204" string="4"/>
			<note pitch="35" time="104.375" duration="0.125" volume="204" string="5"/>
			<note pitch="42" time="104.375" duration="0.125" volume="204" string="4"/>
			<note pitch="45" time="104.5" duration="0.125" volume="204" string="4"/>
			<note pitch="38" time="104.5" duration="0.125" volume="204" string="5"/>
			<note pitch="37" time="104.625" duration="0.125" volume="204" string="5"/>
			<note pitch="44" time="104.625" duration="0.125" volume="204" string="4"/>
			<note pitch="35" time="104.75" duration="0.125" volume="204" string="5"/>
			<note pitch="42" time="104.75" duration="0.125" volume="204" string="4"/>
			<note pitch="42" time="104.875" duration="0.125" volume="204" string="4"/>
			<note pitch="35" time="104.875" duration="0.125" volume="204" string="5"/>
			<note pitch="44" time="105.0" duration="0.125" volume="204" string="4"/>
			<note pitch="37" time="105.0" duration="0.125" volume="204" string="5"/>
			<note pitch="43" time="105.125" duration="0.125" volume="204" string="4"/>
			<note pitch="36" time="105.125" duration="0.125" volume="204" string="5"/>
			<note pitch="42" time="105.25" duration="0.125" volume="204" string="4"/>
			<note pitch="35" time="105.25" duration="0.125" volume="204" string="5"/>
			<note pitch="35" time="105.375" duration="0.125" volume="204" string="5"/>
			<note pitch="42" time="105.375" duration="0.125" volume="204" string="4"/>
			<note pitch="39" time="105.5" duration="0.125" volume="204" string="5"/>
			<note pitch="46" time="105.5" duration="0.125" volume="204" string="4"/>
			<note pitch="38" time="105.625" duration="0.125" volume="204" string="5"/>
			<note pitch="45" time="105.625" duration="0.125" volume="204" string="4"/>
			<note pitch="42" time="105.75" duration="0.125" volume="204" string="4"/>
			<note pitch="35" time="105.75" duration="0.125" volume="204" string="5"/>
			<note pitch="42" time="105.875" duration="0.125" volume="204" string="4"/>
			<note pitch="35" time="105.875" duration="0.125" volume="204" string="5"/>
			<note pitch="44" time="106.0" duration="0.125" volume="204" string="4"/>
			<note pitch="37" time="106.0" duration="0.125" volume="204" string="5"/>
			<note pitch="43" time="106.125" duration="0.125" volume="204" string="4"/>
			<note pitch="36" time="106.125" duration="0.125" volume="204" string="5"/>
			<note pitch="42" time="106.25" duration="0.125" volume="204" string="4"/>
			<note pitch="35" time="106.25" duration="0.125" volume="204" string="5"/>
			<note pitch="42" time="106.375" duration="0.125" volume="204" string="4"/>
			<note pitch="35" time="106.375" duration="0.125" volume="204" string="5"/>
			<note pitch="38" time="106.5" duration="0.125" volume="204" string="5"/>
			<note pitch="45" time="106.5" duration="0.125" volume="204" string="4"/>
			<note pitch="37" time="106.625" duration="0.125" volume="204" string="5"/>
			<note pitch="44" time="106.625" duration="0.125" volume="204" string="4"/>
			<note pitch="42" time="106.75" duration="0.125" volume="204" string="4"/>
			<note pitch="35" time="106.75" duration="0.125" volume="204" string="5"/>
			<note pitch="42" time="106.875" duration="0.125" volume="204" string="4"/>
			<note pitch="35" time="106.875" duration="0.125" volume="204" string="5"/>
			<note pitch="37" time="107.0" duration="0.125" volume="204" string="5"/>
			<note pitch="44" time="107.0" duration="0.125" volume="204" string="4"/>
			<note pitch="43" time="107.125" duration="0.125" volume="204" string="4"/>
			<note pitch="36" time="107.125" duration="0.125" volume="204" string="5"/>
			<note pitch="42" time="107.25" duration="0.125" volume="204" string="4"/>
			<note pitch="35" time="107.25" duration="0.125" volume="204" string="5"/>
			<note pitch="35" time="107.375" duration="0.125" volume="204" string="5"/>
			<note pitch="42" time="107.375" duration="0.125" volume="204" string="4"/>
			<note pitch="40" time="107.5" duration="0.25" volume="204" string="5"/>
			<note pitch="47" time="107.5" duration="0.25" volume="204" string="4"/>
			<note pitch="39" time="107.75" duration="0.25" volume="204" string="5"/>
			<note pitch="46" time="107.75" duration="0.25" volume="204" string="4"/>
			<note pitch="44" time="108.0" duration="0.125" volume="204" string="4"/>
			<note pitch="37" time="108.0" duration="0.125" volume="204" string="5"/>
			<note pitch="43" time="108.125" duration="0.125" volume="204" string="4"/>
			<note pitch="36" time="108.125" duration="0.125" volume="204" string="5"/>
			<note pitch="35" time="108.25" duration="0.125" volume="204" string="5"/>
			<note pitch="42" time="108.25" duration="0.125" volume="204" string="4"/>
			<note pitch="35" time="108.375" duration="0.125" volume="204" string="5"/>
			<note pitch="42" time="108.375" duration="0.125" volume="204" string="4"/>
			<note pitch="38" time="108.5" duration="0.125" volume="204" string="5"/>
			<note pitch="45" time="108.5" duration="0.125" volume="204" string="4"/>
			<note pitch="44" time="108.625" duration="0.125" volume="204" string="4"/>
			<note pitch="37" time="108.625" duration="0.125" volume="204" string="5"/>
			<note pitch="35" time="108.75" duration="0.125" volume="204" string="5"/>
			<note pitch="42" time="108.75" duration="0.125" volume="204" string="4"/>
			<note pitch="42" time="108.875" duration="0.125" volume="204" string="4"/>
			<note pitch="35" time="108.875" duration="0.125" volume="204" string="5"/>
			<note pitch="37" time="109.0" duration="0.125" volume="204" string="5"/>
			<note pitch="44" time="109.0" duration="0.125" volume="204" string="4"/>
			<note pitch="36" time="109.125" duration="0.125" volume="204" string="5"/>
			<note pitch="43" time="109.125" duration="0.125" volume="204" string="4"/>
			<note pitch="42" time="109.25" duration="0.125" volume="204" string="4"/>
			<note pitch="35" time="109.25" duration="0.125" volume="204" string="5"/>
			<note pitch="42" time="109.375" duration="0.125" volume="204" string="4"/>
			<note pitch="35" time="109.375" duration="0.125" volume="204" string="5"/>
			<note pitch="39" time="109.5" duration="0.125" volume="204" string="5"/>
			<note pitch="46" time="109.5" duration="0.125" volume="204" string="4"/>
			<note pitch="45" time="109.625" duration="0.125" volume="204" string="4"/>
			<note pitch="38" time="109.625" duration="0.125" volume="204" string="5"/>
			<note pitch="35" time="109.75" duration="0.125" volume="204" string="5"/>
			<note pitch="42" time="109.75" duration="0.125" volume="204" string="4"/>
			<note pitch="42" time="109.875" duration="0.125" volume="204" string="4"/>
			<note pitch="35" time="109.875" duration="0.125" volume="204" string="5"/>
			<note pitch="44" time="110.0" duration="0.125" volume="204" string="4"/>
			<note pitch="37" time="110.0" duration="0.125" volume="204" string="5"/>
			<note pitch="43" time="110.125" duration="0.125" volume="204" string="4"/>
			<note pitch="36" time="110.125" duration="0.125" volume="204" string="5"/>
			<note pitch="35" time="110.25" duration="0.125" volume="204" string="5"/>
			<note pitch="42" time="110.25" duration="0.125" volume="204" string="4"/>
			<note pitch="42" time="110.375" duration="0.125" volume="204" string="4"/>
			<note pitch="35" time="110.375" duration="0.125" volume="204" string="5"/>
			<note pitch="45" time="110.5" duration="0.125" volume="204" string="4"/>
			<note pitch="38" time="110.5" duration="0.125" volume="204" string="5"/>
			<note pitch="44" time="110.625" duration="0.125" volume="204" string="4"/>
			<note pitch="37" time="110.625" duration="0.125" volume="204" string="5"/>
			<note pitch="42" time="110.75" duration="0.125" volume="204" string="4"/>
			<note pitch="35" time="110.75" duration="0.125" volume="204" string="5"/>
			<note pitch="42" time="110.875" duration="0.125" volume="204" string="4"/>
			<note pitch="35" time="110.875" duration="0.125" volume="204" string="5"/>
			<note pitch="37" time="111.0" duration="0.125" volume="204" string="5"/>
			<note pitch="44" time="111.0" duration="0.125" volume="204" string="4"/>
			<note pitch="43" time="111.125" duration="0.125" volume="204" string="4"/>
			<note pitch="36" time="111.125" duration="0.125" volume="204" string="5"/>
			<note pitch="42" time="111.25" duration="0.125" volume="204" string="4"/>
			<note pitch="35" time="111.25" duration="0.125" volume="204" string="5"/>
			<note pitch="35" time="111.375" duration="0.125" volume="204" string="5"/>
			<note pitch="42" time="111.375" duration="0.125" volume="204" string="4"/>
			<note pitch="41" time="111.5" duration="0.25" volume="204" string="5"/>
			<note pitch="48" time="111.5" duration="0.25" volume="204" string="4"/>
			<note pitch="47" time="111.75" duration="0.25" volume="204" string="4"/>
			<note pitch="40" time="111.75" duration="0.25" volume="204" string="5"/>
			<note pitch="38" time="112.0" duration="0.125" volume="204" string="5"/>
			<note pitch="45" time="112.0" duration="0.125" volume="204" string="4"/>
			<note pitch="36" time="112.125" duration="0.125" volume="204" string="5"/>
			<note pitch="43" time="112.125" duration="0.125" volume="204" string="4"/>
			<note pitch="35" time="112.25" duration="0.125" volume="204" string="5"/>
			<note pitch="42" time="112.25" duration="0.125" volume="204" string="4"/>
			<note pitch="35" time="112.375" duration="0.125" volume="204" string="5"/>
			<note pitch="42" time="112.375" duration="0.125" volume="204" string="4"/>
			<note pitch="35" time="112.5" duration="0.125" volume="204" string="5"/>
			<note pitch="42" time="112.5" duration="0.125" volume="204" string="4"/>
			<note pitch="35" time="112.625" duration="0.125" volume="204" string="5"/>
			<note pitch="42" time="112.625" duration="0.125" volume="204" string="4"/>
			<note pitch="35" time="112.75" duration="0.125" volume="204" string="5"/>
			<note pitch="42" time="112.75" duration="0.125" volume="204" string="4"/>
			<note pitch="35" time="112.875" duration="0.125" volume="204" string="5"/>
			<note pitch="42" time="112.875" duration="0.125" volume="204" string="4"/>
			<note pitch="38" time="113.0" duration="0.125" volume="204" string="5"/>
			<note pitch="45" time="113.0" duration="0.125" volume="204" string="4"/>
			<note pitch="36" time="113.125" duration="0.125" volume="204" string="5"/>
			<note pitch="43" time="113.125" duration="0.125" volume="204" string="4"/>
			<note pitch="35" time="113.25" duration="0.125" volume="204" string="5"/>
			<note pitch="42" time="113.25" duration="0.125" volume="204" string="4"/>
			<note pitch="35" time="113.375" duration="0.125" volume="204" string="5"/>
			<note pitch="42" time="113.375" duration="0.125" volume="204" string="4"/>
			<note pitch="35" time="113.5" duration="0.125" volume="204" string="5"/>
			<note pitch="42" time="113.5" duration="0.125" volume="204" string="4"/>
			<note pitch="35" time="113.625" duration="0.125" volume="204" string="5"/>
			<note pitch="42" time="113.625" duration="0.125" volume="204" string="4"/>
			<note pitch="35" time="113.75" duration="0.125" volume="204" string="5"/>
			<note pitch="42" time="113.75" duration="0.125" volume="204" string="4"/>
			<note pitch="35" time="113.875" duration="0.125" volume="204" string="5"/>
			<note pitch="42" time="113.875" duration="0.125" volume="204" string="4"/>
			<note pitch="38" time="114.0" duration="0.125" volume="204" string="5"/>
			<note pitch="45" time="114.0" duration="0.125" volume="204" string="4"/>
			<note pitch="36" time="114.125" duration="0.125" volume="204" string="5"/>
			<note pitch="43" time="114.125" duration="0.125" volume="204" string="4"/>
			<note pitch="35" time="114.25" duration="0.125" volume="204" string="5"/>
			<note pitch="42" time="114.25" duration="0.125" volume="204" string="4"/>
			<note pitch="35" time="114.375" duration="0.125" volume="204" string="5"/>
			<note pitch="42" time="114.375" duration="0.125" volume="204" string="4"/>
			<note pitch="35" time="114.5" duration="0.125" volume="204" string="5"/>
			<note pitch="42" time="114.5" duration="0.125" volume="204" string="4"/>
			<note pitch="35" time="114.625" duration="0.125" volume="204" string="5"/>
			<note pitch="42" time="114.625" duration="0.125" volume="204" string="4"/>
			<note pitch="35" time="114.75" duration="0.125" volume="204" string="5"/>
			<note pitch="42" time="114.75" duration="0.125" volume="204" string="4"/>
			<note pitch="35" time="114.875" duration="0.125" volume="204" string="5"/>
			<note pitch="42" time="114.875" duration="0.125" volume="204" string="4"/>
			<note pitch="44" time="115.0" duration="0.25" volume="204" string="5"/>
			<note pitch="51" time="115.0" duration="0.25" volume="204" string="4"/>
			<note pitch="43" time="115.25" duration="0.25" volume="204" string="5"/>
			<note pitch="50" time="115.25" duration="0.25" volume="204" string="4"/>
			<note pitch="47" time="115.5" duration="0.25" volume="204" string="5"/>
			<note pitch="54" time="115.5" duration="0.25" volume="204" string="4"/>
			<note pitch="46" time="115.75" duration="0.25" volume="204" string="5"/>
			<note pitch="53" time="115.75" duration="0.25" volume="204" string="4"/>
			<note pitch="45" time="116.0" duration="0.125" volume="204" string="4"/>
			<note pitch="38" time="116.0" duration="0.125" volume="204" string="5"/>
			<note pitch="43" time="116.125" duration="0.125" volume="204" string="4"/>
			<note pitch="36" time="116.125" duration="0.125" volume="204" string="5"/>
			<note pitch="35" time="116.25" duration="0.125" volume="204" string="5"/>
			<note pitch="42" time="116.25" duration="0.125" volume="204" string="4"/>
			<note pitch="42" time="116.375" duration="0.125" volume="204" string="4"/>
			<note pitch="35" time="116.375" duration="0.125" volume="204" string="5"/>
			<note pitch="42" time="116.5" duration="0.125" volume="204" string="4"/>
			<note pitch="35" time="116.5" duration="0.125" volume="204" string="5"/>
			<note pitch="35" time="116.625" duration="0.125" volume="204" string="5"/>
			<note pitch="42" time="116.625" duration="0.125" volume="204" string="4"/>
			<note pitch="42" time="116.75" duration="0.125" volume="204" string="4"/>
			<note pitch="35" time="116.75" duration="0.125" volume="204" string="5"/>
			<note pitch="42" time="116.875" duration="0.125" volume="204" string="4"/>
			<note pitch="35" time="116.875" duration="0.125" volume="204" string="5"/>
			<note pitch="45" time="117.0" duration="0.125" volume="204" string="4"/>
			<note pitch="38" time="117.0" duration="0.125" volume="204" string="5"/>
			<note pitch="43" time="117.125" duration="0.125" volume="204" string="4"/>
			<note pitch="36" time="117.125" duration="0.125" volume="204" string="5"/>
			<note pitch="35" time="117.25" duration="0.125" volume="204" string="5"/>
			<note pitch="42" time="117.25" duration="0.125" volume="204" string="4"/>
			<note pitch="42" time="117.375" duration="0.125" volume="204" string="4"/>
			<note pitch="35" time="117.375" duration="0.125" volume="204" string="5"/>
			<note pitch="42" time="117.5" duration="0.125" volume="204" string="4"/>
			<note pitch="35" time="117.5" duration="0.125" volume="204" string="5"/>
			<note pitch="42" time="117.625" duration="0.125" volume="204" string="4"/>
			<note pitch="35" time="117.625" duration="0.125" volume="204" string="5"/>
			<note pitch="42" time="117.75" duration="0.125" volume="204" string="4"/>
			<note pitch="35" time="117.75" duration="0.125" volume="204" string="5"/>
			<note pitch="42" time="117.875" duration="0.125" volume="204" string="4"/>
			<note pitch="35" time="117.875" duration="0.125" volume="204" string="5"/>
			<note pitch="45" time="118.0" duration="0.125" volume="204" string="4"/>
			<note pitch="38" time="118.0" duration="0.125" volume="204" string="5"/>
			<note pitch="36" time="118.125" duration="0.125" volume="204" string="5"/>
			<note pitch="43" time="118.125" duration="0.125" volume="204" string="4"/>
			<note pitch="42" time="118.25" duration="0.125" volume="204" string="4"/>
			<note pitch="35" time="118.25" duration="0.125" volume="204" string="5"/>
			<note pitch="35" time="118.375" duration="0.125" volume="204" string="5"/>
			<note pitch="42" time="118.375" duration="0.125" volume="204" string="4"/>
			<note pitch="42" time="118.5" duration="0.125" volume="204" string="4"/>
			<note pitch="35" time="118.5" duration="0.125" volume="204" string="5"/>
			<note pitch="35" time="118.625" duration="0.125" volume="204" string="5"/>
			<note pitch="42" time="118.625" duration="0.125" volume="204" string="4"/>
			<note pitch="42" time="118.75" duration="0.125" volume="204" string="4"/>
			<note pitch="35" time="118.75" duration="0.125" volume="204" string="5"/>
			<note pitch="42" time="118.875" duration="0.125" volume="204" string="4"/>
			<note pitch="35" time="118.875" duration="0.125" volume="204" string="5"/>
			<note pitch="44" time="119.0" duration="0.25" volume="204" string="5"/>
			<note pitch="51" time="119.0" duration="0.25" volume="204" string="4"/>
			<note pitch="50" time="119.25" duration="0.25" volume="204" string="4"/>
			<note pitch="43" time="119.25" duration="0.25" volume="204" string="5"/>
			<note pitch="54" time="119.5" duration="0.25" volume="204" string="4"/>
			<note pitch="47" time="119.5" duration="0.25" volume="204" string="5"/>
			<note pitch="53" time="119.75" duration="0.25" volume="204" string="4"/>
			<note pitch="46" time="119.75" duration="0.25" volume="204" string="5"/>
			<note pitch="45" time="120.0" duration="0.125" volume="204" string="4"/>
			<note pitch="38" time="120.0" duration="0.125" volume="204" string="5"/>
			<note pitch="43" time="120.125" duration="0.125" volume="204" string="4"/>
			<note pitch="36" time="120.125" duration="0.125" volume="204" string="5"/>
			<note pitch="35" time="120.25" duration="0.125" volume="204" string="5"/>
			<note pitch="42" time="120.25" duration="0.125" volume="204" string="4"/>
			<note pitch="42" time="120.375" duration="0.125" volume="204" string="4"/>
			<note pitch="35" time="120.375" duration="0.125" volume="204" string="5"/>
			<note pitch="42" time="120.5" duration="0.125" volume="204" string="4"/>
			<note pitch="35" time="120.5" duration="0.125" volume="204" string="5"/>
			<note pitch="35" time="120.625" duration="0.125" volume="204" string="5"/>
			<note pitch="42" time="120.625" duration="0.125" volume="204" string="4"/>
			<note pitch="42" time="120.75" duration="0.125" volume="204" string="4"/>
			<note pitch="35" time="120.75" duration="0.125" volume="204" string="5"/>
			<note pitch="42" time="120.875" duration="0.125" volume="204" string="4"/>
			<note pitch="35" time="120.875" duration="0.125" volume="204" string="5"/>
			<note pitch="45" time="121.0" duration="0.125" volume="204" string="4"/>
			<note pitch="38" time="121.0" duration="0.125" volume="204" string="5"/>
			<note pitch="43" time="121.125" duration="0.125" volume="204" string="4"/>
			<note pitch="36" time="121.125" duration="0.125" volume="204" string="5"/>
			<note pitch="35" time="121.25" duration="0.125" volume="204" string="5"/>
			<note pitch="42" time="121.25" duration="0.125" volume="204" string="4"/>
			<note pitch="42" time="121.375" duration="0.125" volume="204" string="4"/>
			<note pitch="35" time="121.375" duration="0.125" volume="204" string="5"/>
			<note pitch="42" time="121.5" duration="0.125" volume="204" string="4"/>
			<note pitch="35" time="121.5" duration="0.125" volume="204" string="5"/>
			<note pitch="42" time="121.625" duration="0.125" volume="204" string="4"/>
			<note pitch="35" time="121.625" duration="0.125" volume="204" string="5"/>
			<note pitch="42" time="121.75" duration="0.125" volume="204" string="4"/>
			<note pitch="35" time="121.75" duration="0.125" volume="204" string="5"/>
			<note pitch="42" time="121.875" duration="0.125" volume="204" string="4"/>
			<note pitch="35" time="121.875" duration="0.125" volume="204" string="5"/>
			<note pitch="45" time="122.0" duration="0.125" volume="204" string="4"/>
			<note pitch="38" time="122.0" duration="0.125" volume="204" string="5"/>
			<note pitch="36" time="122.125" duration="0.125" volume="204" string="5"/>
			<note pitch="43" time="122.125" duration="0.125" volume="204" string="4"/>
			<note pitch="42" time="122.25" duration="0.125" volume="204" string="4"/>
			<note pitch="35" time="122.25" duration="0.125" volume="204" string="5"/>
			<note pitch="35" time="122.375" duration="0.125" volume="204" string="5"/>
			<note pitch="42" time="122.375" duration="0.125" volume="204" string="4"/>
			<note pitch="42" time="122.5" duration="0.125" volume="204" string="4"/>
			<note pitch="35" time="122.5" duration="0.125" volume="204" string="5"/>
			<note pitch="35" time="122.625" duration="0.125" volume="204" string="5"/>
			<note pitch="42" time="122.625" duration="0.125" volume="204" string="4"/>
			<note pitch="42" time="122.75" duration="0.125" volume="204" string="4"/>
			<note pitch="35" time="122.75" duration="0.125" volume="204" string="5"/>
			<note pitch="42" time="122.875" duration="0.125" volume="204" string="4"/>
			<note pitch="35" time="122.875" duration="0.125" volume="204" string="5"/>
			<note pitch="44" time="123.0" duration="0.25" volume="204" string="5"/>
			<note pitch="51" time="123.0" duration="0.25" volume="204" string="4"/>
			<note pitch="50" time="123.25" duration="0.25" volume="204" string="4"/>
			<note pitch="43" time="123.25" duration="0.25" volume="204" string="5"/>
			<note pitch="54" time="123.5" duration="0.25" volume="204" string="4"/>
			<note pitch="47" time="123.5" duration="0.25" volume="204" string="5"/>
			<note pitch="53" time="123.75" duration="0.25" volume="204" string="4"/>
			<note pitch="46" time="123.75" duration="0.25" volume="204" string="5"/>
			<note pitch="45" time="124.0" duration="0.125" volume="204" string="4"/>
			<note pitch="38" time="124.0" duration="0.125" volume="204" string="5"/>
			<note pitch="43" time="124.125" duration="0.125" volume="204" string="4"/>
			<note pitch="36" time="124.125" duration="0.125" volume="204" string="5"/>
			<note pitch="35" time="124.25" duration="0.125" volume="204" string="5"/>
			<note pitch="42" time="124.25" duration="0.125" volume="204" string="4"/>
			<note pitch="42" time="124.375" duration="0.125" volume="204" string="4"/>
			<note pitch="35" time="124.375" duration="0.125" volume="204" string="5"/>
			<note pitch="42" time="124.5" duration="0.125" volume="204" string="4"/>
			<note pitch="35" time="124.5" duration="0.125" volume="204" string="5"/>
			<note pitch="35" time="124.625" duration="0.125" volume="204" string="5"/>
			<note pitch="42" time="124.625" duration="0.125" volume="204" string="4"/>
			<note pitch="42" time="124.75" duration="0.125" volume="204" string="4"/>
			<note pitch="35" time="124.75" duration="0.125" volume="204" string="5"/>
			<note pitch="42" time="124.875" duration="0.125" volume="204" string="4"/>
			<note pitch="35" time="124.875" duration="0.125" volume="204" string="5"/>
			<note pitch="45" time="125.0" duration="0.125" volume="204" string="4"/>
			<note pitch="38" time="125.0" duration="0.125" volume="204" string="5"/>
			<note pitch="43" time="125.125" duration="0.125" volume="204" string="4"/>
			<note pitch="36" time="125.125" duration="0.125" volume="204" string="5"/>
			<note pitch="35" time="125.25" duration="0.125" volume="204" string="5"/>
			<note pitch="42" time="125.25" duration="0.125" volume="204" string="4"/>
			<note pitch="42" time="125.375" duration="0.125" volume="204" string="4"/>
			<note pitch="35" time="125.375" duration="0.125" volume="204" string="5"/>
			<note pitch="42" time="125.5" duration="0.125" volume="204" string="4"/>
			<note pitch="35" time="125.5" duration="0.125" volume="204" string="5"/>
			<note pitch="42" time="125.625" duration="0.125" volume="204" string="4"/>
			<note pitch="35" time="125.625" duration="0.125" volume="204" string="5"/>
			<note pitch="42" time="125.75" duration="0.125" volume="204" string="4"/>
			<note pitch="35" time="125.75" duration="0.125" volume="204" string="5"/>
			<note pitch="42" time="125.875" duration="0.125" volume="204" string="4"/>
			<note pitch="35" time="125.875" duration="0.125" volume="204" string="5"/>
			<note pitch="45" time="126.0" duration="0.125" volume="204" string="4"/>
			<note pitch="38" time="126.0" duration="0.125" volume="204" string="5"/>
			<note pitch="36" time="126.125" duration="0.125" volume="204" string="5"/>
			<note pitch="43" time="126.125" duration="0.125" volume="204" string="4"/>
			<note pitch="42" time="126.25" duration="0.125" volume="204" string="4"/>
			<note pitch="35" time="126.25" duration="0.125" volume="204" string="5"/>
			<note pitch="35" time="126.375" duration="0.125" volume="204" string="5"/>
			<note pitch="42" time="126.375" duration="0.125" volume="204" string="4"/>
			<note pitch="42" time="126.5" duration="0.125" volume="204" string="4"/>
			<note pitch="35" time="126.5" duration="0.125" volume="204" string="5"/>
			<note pitch="35" time="126.625" duration="0.125" volume="204" string="5"/>
			<note pitch="42" time="126.625" duration="0.125" volume="204" string="4"/>
			<note pitch="42" time="126.75" duration="0.125" volume="204" string="4"/>
			<note pitch="35" time="126.75" duration="0.125" volume="204" string="5"/>
			<note pitch="42" time="126.875" duration="0.125" volume="204" string="4"/>
			<note pitch="35" time="126.875" duration="0.125" volume="204" string="5"/>
			<note pitch="49" time="127.0" duration="0.5" volume="204" string="4"/>
			<note pitch="42" time="127.0" duration="0.5" volume="204" string="5"/>
			<note pitch="48" time="127.5" duration="0.5" volume="204" string="4"/>
			<note pitch="41" time="127.5" duration="0.5" volume="204" string="5"/>
			<note pitch="50" time="128.0" duration="1.0" volume="204" string="4"/>
			<note pitch="43" time="128.0" duration="1.0" volume="204" string="5"/>
			<note pitch="35" time="129.0" duration="0.125" volume="204" string="5"/>
			<note pitch="35" time="129.125" duration="0.125" volume="204" string="5"/>
			<note pitch="35" time="129.25" duration="0.125" volume="204" string="5"/>
			<note pitch="35" time="129.5" duration="0.125" volume="204" string="5"/>
			<note pitch="35" time="129.625" duration="0.125" volume="204" string="5"/>
			<note pitch="35" time="129.75" duration="0.125" volume="204" string="5"/>
			<note pitch="35" time="130.0" duration="0.125" volume="204" string="5"/>
			<note pitch="38" time="130.125" duration="0.125" volume="204" string="5"/>
			<note pitch="41" time="130.25" duration="0.125" volume="204" string="5"/>
			<note pitch="35" time="130.5" duration="0.125" volume="204" string="5"/>
			<note pitch="35" time="130.625" duration="0.125" volume="204" string="5"/>
			<note pitch="35" time="130.75" duration="0.125" volume="204" string="5"/>
			<note pitch="35" time="131.0" duration="0.125" volume="204" string="5"/>
			<note pitch="41" time="131.125" duration="0.125" volume="204" string="5"/>
			<note pitch="44" time="131.25" duration="0.125" volume="204" string="5"/>
			<note pitch="35" time="131.5" duration="0.125" volume="204" string="5"/>
			<note pitch="35" time="131.625" duration="0.125" volume="204" string="5"/>
			<note pitch="35" time="131.75" duration="0.125" volume="204" string="5"/>
			<note pitch="35" time="132.0" duration="0.125" volume="204" string="5"/>
			<note pitch="44" time="132.125" duration="0.125" volume="204" string="5"/>
			<note pitch="47" time="132.25" duration="0.125" volume="204" string="5"/>
			<note pitch="35" time="132.5" duration="0.125" volume="204" string="5"/>
			<note pitch="35" time="132.625" duration="0.125" volume="204" string="5"/>
			<note pitch="35" time="132.75" duration="0.125" volume="204" string="5"/>
			<note pitch="35" time="133.0" duration="0.5" volume="204" string="5"/>
			<note pitch="35" time="133.5" duration="0.125" volume="204" string="5"/>
			<note pitch="35" time="133.625" duration="0.125" volume="204" string="5"/>
			<note pitch="35" time="133.75" duration="0.125" volume="204" string="5"/>
			<note pitch="35" time="134.0" duration="0.125" volume="204" string="5"/>
			<note pitch="38" time="134.125" duration="0.125" volume="204" string="5"/>
			<note pitch="41" time="134.25" duration="0.125" volume="204" string="5"/>
			<note pitch="35" time="134.5" duration="0.125" volume="204" string="5"/>
			<note pitch="35" time="134.625" duration="0.125" volume="204" string="5"/>
			<note pitch="35" time="134.75" duration="0.125" volume="204" string="5"/>
			<note pitch="35" time="135.0" duration="0.125" volume="204" string="5"/>
			<note pitch="41" time="135.125" duration="0.125" volume="204" string="5"/>
			<note pitch="44" time="135.25" duration="0.125" volume="204" string="5"/>
			<note pitch="35" time="135.5" duration="0.125" volume="204" string="5"/>
			<note pitch="35" time="135.625" duration="0.125" volume="204" string="5"/>
			<note pitch="35" time="135.75" duration="0.125" volume="204" string="5"/>
			<note pitch="35" time="136.0" duration="0.125" volume="204" string="5"/>
			<note pitch="44" time="136.125" duration="0.125" volume="204" string="5"/>
			<note pitch="47" time="136.25" duration="0.125" volume="204" string="5"/>
			<note pitch="35" time="136.5" duration="0.125" volume="204" string="5"/>
			<note pitch="35" time="136.625" duration="0.125" volume="204" string="5"/>
			<note pitch="35" time="136.75" duration="0.125" volume="204" string="5"/>
			<note pitch="35" time="137.0" duration="0.5" volume="204" string="5"/>
			<note pitch="35" time="137.5" duration="0.125" volume="204" string="5"/>
			<note pitch="35" time="137.625" duration="0.125" volume="204" string="5"/>
			<note pitch="35" time="137.75" duration="0.125" volume="204" string="5"/>
			<note pitch="35" time="138.0" duration="0.125" volume="204" string="5"/>
			<note pitch="38" time="138.125" duration="0.125" volume="204" string="5"/>
			<note pitch="41" time="138.25" duration="0.125" volume="204" string="5"/>
			<note pitch="35" time="138.5" duration="0.125" volume="204" string="5"/>
			<note pitch="35" time="138.625" duration="0.125" volume="204" string="5"/>
			<note pitch="35" time="138.75" duration="0.125" volume="204" string="5"/>
			<note pitch="35" time="139.0" duration="0.125" volume="204" string="5"/>
			<note pitch="41" time="139.125" duration="0.125" volume="204" string="5"/>
			<note pitch="44" time="139.25" duration="0.125" volume="204" string="5"/>
			<note pitch="35" time="139.5" duration="0.125" volume="204" string="5"/>
			<note pitch="35" time="139.625" duration="0.125" volume="204" string="5"/>
			<note pitch="35" time="139.75" duration="0.125" volume="204" string="5"/>
			<note pitch="35" time="140.0" duration="0.125" volume="204" string="5"/>
			<note pitch="44" time="140.125" duration="0.125" volume="204" string="5"/>
			<note pitch="47" time="140.25" duration="0.125" volume="204" string="5"/>
			<note pitch="35" time="140.5" duration="0.125" volume="204" string="5"/>
			<note pitch="35" time="140.625" duration="0.125" volume="204" string="5"/>
			<note pitch="35" time="140.75" duration="0.125" volume="204" string="5"/>
			<note pitch="35" time="141.0" duration="0.5" volume="204" string="5"/>
			<note pitch="35" time="141.5" duration="0.125" volume="204" string="5"/>
			<note pitch="35" time="141.625" duration="0.125" volume="204" string="5"/>
			<note pitch="35" time="141.75" duration="0.125" volume="204" string="5"/>
			<note pitch="35" time="142.0" duration="0.125" volume="204" string="5"/>
			<note pitch="38" time="142.125" duration="0.125" volume="204" string="5"/>
			<note pitch="41" time="142.25" duration="0.125" volume="204" string="5"/>
			<note pitch="35" time="142.5" duration="0.125" volume="204" string="5"/>
			<note pitch="35" time="142.625" duration="0.125" volume="204" string="5"/>
			<note pitch="35" time="142.75" duration="0.125" volume="204" string="5"/>
			<note pitch="35" time="143.0" duration="0.125" volume="204" string="5"/>
			<note pitch="41" time="143.125" duration="0.125" volume="204" string="5"/>
			<note pitch="44" time="143.25" duration="0.125" volume="204" string="5"/>
			<note pitch="35" time="143.5" duration="0.125" volume="204" string="5"/>
			<note pitch="35" time="143.625" duration="0.125" volume="204" string="5"/>
			<note pitch="35" time="143.75" duration="0.125" volume="204" string="5"/>
			<note pitch="35" time="144.0" duration="0.125" volume="204" string="5"/>
			<note pitch="44" time="144.125" duration="0.125" volume="204" string="5"/>
			<note pitch="47" time="144.25" duration="0.125" volume="204" string="5"/>
			<note pitch="35" time="144.5" duration="0.125" volume="204" string="5"/>
			<note pitch="35" time="144.625" duration="0.125" volume="204" string="5"/>
			<note pitch="35" time="144.75" duration="0.125" volume="204" string="5"/>
			<note pitch="47" time="145.0" duration="0.25" volume="204" string="4"/>
			<note pitch="54" time="145.0" duration="0.25" volume="204" string="3"/>
			<note pitch="41" time="145.25" duration="0.125" volume="204" string="5"/>
			<note pitch="48" time="145.25" duration="0.125" volume="204" string="4"/>
			<note pitch="41" time="145.375" duration="0.125" volume="204" string="5"/>
			<note pitch="48" time="145.375" duration="0.125" volume="204" string="4"/>
			<note pitch="41" time="145.5" duration="0.125" volume="204" string="5"/>
			<note pitch="48" time="145.5" duration="0.125" volume="204" string="4"/>
			<note pitch="41" time="145.625" duration="0.125" volume="204" string="5"/>
			<note pitch="48" time="145.625" duration="0.125" volume="204" string="4"/>
			<note pitch="41" time="145.75" duration="0.125" volume="204" string="5"/>
			<note pitch="48" time="145.75" duration="0.125" volume="204" string="4"/>
			<note pitch="51" time="146.0" duration="0.25" volume="204" string="3"/>
			<note pitch="44" time="146.0" duration="0.25" volume="204" string="4"/>
			<note pitch="45" time="146.25" duration="0.125" volume="204" string="4"/>
			<note pitch="38" time="146.25" duration="0.125" volume="204" string="5"/>
			<note pitch="45" time="146.375" duration="0.125" volume="204" string="4"/>
			<note pitch="38" time="146.375" duration="0.125" volume="204" string="5"/>
			<note pitch="38" time="146.5" duration="0.125" volume="204" string="5"/>
			<note pitch="45" time="146.5" duration="0.125" volume="204" string="4"/>
			<note pitch="45" time="146.625" duration="0.125" volume="204" string="4"/>
			<note pitch="38" time="146.625" duration="0.125" volume="204" string="5"/>
			<note pitch="38" time="146.75" duration="0.125" volume="204" string="5"/>
			<note pitch="45" time="146.75" duration="0.125" volume="204" string="4"/>
			<note pitch="36" time="147.0" duration="0.25" volume="204" string="5"/>
			<note pitch="43" time="147.0" duration="0.25" volume="204" string="4"/>
			<note pitch="36" time="147.25" duration="0.125" volume="204" string="5"/>
			<note pitch="43" time="147.25" duration="0.125" volume="204" string="4"/>
			<note pitch="43" time="147.375" duration="0.125" volume="204" string="4"/>
			<note pitch="36" time="147.375" duration="0.125" volume="204" string="5"/>
			<note pitch="36" time="147.5" duration="0.125" volume="204" string="5"/>
			<note pitch="43" time="147.5" duration="0.125" volume="204" string="4"/>
			<note pitch="43" time="147.625" duration="0.125" volume="204" string="4"/>
			<note pitch="36" time="147.625" duration="0.125" volume="204" string="5"/>
			<note pitch="36" time="147.75" duration="0.125" volume="204" string="5"/>
			<note pitch="43" time="147.75" duration="0.125" volume="204" string="4"/>
			<note pitch="43" time="148.0" duration="0.25" volume="204" string="4"/>
			<note pitch="36" time="148.0" duration="0.25" volume="204" string="5"/>
			<note pitch="36" time="148.25" duration="0.125" volume="204" string="5"/>
			<note pitch="43" time="148.25" duration="0.125" volume="204" string="4"/>
			<note pitch="43" time="148.375" duration="0.125" volume="204" string="4"/>
			<note pitch="36" time="148.375" duration="0.125" volume="204" string="5"/>
			<note pitch="36" time="148.5" duration="0.125" volume="204" string="5"/>
			<note pitch="43" time="148.5" duration="0.125" volume="204" string="4"/>
			<note pitch="43" time="148.625" duration="0.125" volume="204" string="4"/>
			<note pitch="36" time="148.625" duration="0.125" volume="204" string="5"/>
			<note pitch="43" time="148.75" duration="0.125" volume="204" string="4"/>
			<note pitch="36" time="148.75" duration="0.125" volume="204" string="5"/>
			<note pitch="54" time="149.0" duration="0.25" volume="204" string="3"/>
			<note pitch="47" time="149.0" duration="0.25" volume="204" string="4"/>
			<note pitch="48" time="149.25" duration="0.125" volume="204" string="4"/>
			<note pitch="41" time="149.25" duration="0.125" volume="204" string="5"/>
			<note pitch="48" time="149.375" duration="0.125" volume="204" string="4"/>
			<note pitch="41" time="149.375" duration="0.125" volume="204" string="5"/>
			<note pitch="41" time="149.5" duration="0.125" volume="204" string="5"/>
			<note pitch="48" time="149.5" duration="0.125" volume="204" string="4"/>
			<note pitch="48" time="149.625" duration="0.125" volume="204" string="4"/>
			<note pitch="41" time="149.625" duration="0.125" volume="204" string="5"/>
			<note pitch="41" time="149.75" duration="0.125" volume="204" string="5"/>
			<note pitch="48" time="149.75" duration="0.125" volume="204" string="4"/>
			<note pitch="51" time="150.0" duration="0.25" volume="204" string="3"/>
			<note pitch="44" time="150.0" duration="0.25" volume="204" string="4"/>
			<note pitch="38" time="150.25" duration="0.125" volume="204" string="5"/>
			<note pitch="45" time="150.25" duration="0.125" volume="204" string="4"/>
			<note pitch="45" time="150.375" duration="0.125" volume="204" string="4"/>
			<note pitch="38" time="150.375" duration="0.125" volume="204" string="5"/>
			<note pitch="45" time="150.5" duration="0.125" volume="204" string="4"/>
			<note pitch="38" time="150.5" duration="0.125" volume="204" string="5"/>
			<note pitch="38" time="150.625" duration="0.125" volume="204" string="5"/>
			<note pitch="45" time="150.625" duration="0.125" volume="204" string="4"/>
			<note pitch="45" time="150.75" duration="0.125" volume="204" string="4"/>
			<note pitch="38" time="150.75" duration="0.125" volume="204" string="5"/>
			<note pitch="36" time="151.0" duration="0.25" volume="204" string="5"/>
			<note pitch="43" time="151.0" duration="0.25" volume="204" string="4"/>
			<note pitch="43" time="151.25" duration="0.125" volume="204" string="4"/>
			<note pitch="36" time="151.25" duration="0.125" volume="204" string="5"/>
			<note pitch="36" time="151.375" duration="0.125" volume="204" string="5"/>
			<note pitch="43" time="151.375" duration="0.125" volume="204" string="4"/>
			<note pitch="43" time="151.5" duration="0.125" volume="204" string="4"/>
			<note pitch="36" time="151.5" duration="0.125" volume="204" string="5"/>
			<note pitch="36" time="151.625" duration="0.125" volume="204" string="5"/>
			<note pitch="43" time="151.625" duration="0.125" volume="204" string="4"/>
			<note pitch="43" time="151.75" duration="0.125" volume="204" string="4"/>
			<note pitch="36" time="151.75" duration="0.125" volume="204" string="5"/>
			<note pitch="36" time="152.0" duration="0.25" volume="204" string="5"/>
			<note pitch="43" time="152.0" duration="0.25" volume="204" string="4"/>
			<note pitch="36" time="152.25" duration="0.125" volume="204" string="5"/>
			<note pitch="43" time="152.25" duration="0.125" volume="204" string="4"/>
			<note pitch="36" time="152.375" duration="0.125" volume="204" string="5"/>
			<note pitch="43" time="152.375" duration="0.125" volume="204" string="4"/>
			<note pitch="43" time="152.5" duration="0.125" volume="204" string="4"/>
			<note pitch="36" time="152.5" duration="0.125" volume="204" string="5"/>
			<note pitch="36" time="152.625" duration="0.125" volume="204" string="5"/>
			<note pitch="43" time="152.625" duration="0.125" volume="204" string="4"/>
			<note pitch="43" time="152.75" duration="0.125" volume="204" string="4"/>
			<note pitch="36" time="152.75" duration="0.125" volume="204" string="5"/>
			<note pitch="54" time="153.0" duration="0.25" volume="204" string="3"/>
			<note pitch="47" time="153.0" duration="0.25" volume="204" string="4"/>
			<note pitch="48" time="153.25" duration="0.125" volume="204" string="4"/>
			<note pitch="41" time="153.25" duration="0.125" volume="204" string="5"/>
			<note pitch="48" time="153.375" duration="0.125" volume="204" string="4"/>
			<note pitch="41" time="153.375" duration="0.125" volume="204" string="5"/>
			<note pitch="41" time="153.5" duration="0.125" volume="204" string="5"/>
			<note pitch="48" time="153.5" duration="0.125" volume="204" string="4"/>
			<note pitch="48" time="153.625" duration="0.125" volume="204" string="4"/>
			<note pitch="41" time="153.625" duration="0.125" volume="204" string="5"/>
			<note pitch="41" time="153.75" duration="0.125" volume="204" string="5"/>
			<note pitch="48" time="153.75" duration="0.125" volume="204" string="4"/>
			<note pitch="51" time="154.0" duration="0.25" volume="204" string="3"/>
			<note pitch="44" time="154.0" duration="0.25" volume="204" string="4"/>
			<note pitch="38" time="154.25" duration="0.125" volume="204" string="5"/>
			<note pitch="45" time="154.25" duration="0.125" volume="204" string="4"/>
			<note pitch="45" time="154.375" duration="0.125" volume="204" string="4"/>
			<note pitch="38" time="154.375" duration="0.125" volume="204" string="5"/>
			<note pitch="45" time="154.5" duration="0.125" volume="204" string="4"/>
			<note pitch="38" time="154.5" duration="0.125" volume="204" string="5"/>
			<note pitch="38" time="154.625" duration="0.125" volume="204" string="5"/>
			<note pitch="45" time="154.625" duration="0.125" volume="204" string="4"/>
			<note pitch="45" time="154.75" duration="0.125" volume="204" string="4"/>
			<note pitch="38" time="154.75" duration="0.125" volume="204" string="5"/>
			<note pitch="36" time="155.0" duration="0.25" volume="204" string="5"/>
			<note pitch="43" time="155.0" duration="0.25" volume="204" string="4"/>
			<note pitch="43" time="155.25" duration="0.125" volume="204" string="4"/>
			<note pitch="36" time="155.25" duration="0.125" volume="204" string="5"/>
			<note pitch="36" time="155.375" duration="0.125" volume="204" string="5"/>
			<note pitch="43" time="155.375" duration="0.125" volume="204" string="4"/>
			<note pitch="43" time="155.5" duration="0.125" volume="204" string="4"/>
			<note pitch="36" time="155.5" duration="0.125" volume="204" string="5"/>
			<note pitch="36" time="155.625" duration="0.125" volume="204" string="5"/>
			<note pitch="43" time="155.625" duration="0.125" volume="204" string="4"/>
			<note pitch="43" time="155.75" duration="0.125" volume="204" string="4"/>
			<note pitch="36" time="155.75" duration="0.125" volume="204" string="5"/>
			<note pitch="36" time="156.0" duration="0.25" volume="204" string="5"/>
			<note pitch="43" time="156.0" duration="0.25" volume="204" string="4"/>
			<note pitch="36" time="156.25" duration="0.125" volume="204" string="5"/>
			<note pitch="43" time="156.25" duration="0.125" volume="204" string="4"/>
			<note pitch="36" time="156.375" duration="0.125" volume="204" string="5"/>
			<note pitch="43" time="156.375" duration="0.125" volume="204" string="4"/>
			<note pitch="43" time="156.5" duration="0.125" volume="204" string="4"/>
			<note pitch="36" time="156.5" duration="0.125" volume="204" string="5"/>
			<note pitch="36" time="156.625" duration="0.125" volume="204" string="5"/>
			<note pitch="43" time="156.625" duration="0.125" volume="204" string="4"/>
			<note pitch="43" time="156.75" duration="0.125" volume="204" string="4"/>
			<note pitch="36" time="156.75" duration="0.125" volume="204" string="5"/>
			<note pitch="54" time="157.0" duration="0.25" volume="204" string="3"/>
			<note pitch="47" time="157.0" duration="0.25" volume="204" string="4"/>
			<note pitch="48" time="157.25" duration="0.125" volume="204" string="4"/>
			<note pitch="41" time="157.25" duration="0.125" volume="204" string="5"/>
			<note pitch="48" time="157.375" duration="0.125" volume="204" string="4"/>
			<note pitch="41" time="157.375" duration="0.125" volume="204" string="5"/>
			<note pitch="41" time="157.5" duration="0.125" volume="204" string="5"/>
			<note pitch="48" time="157.5" duration="0.125" volume="204" string="4"/>
			<note pitch="48" time="157.625" duration="0.125" volume="204" string="4"/>
			<note pitch="41" time="157.625" duration="0.125" volume="204" string="5"/>
			<note pitch="41" time="157.75" duration="0.125" volume="204" string="5"/>
			<note pitch="48" time="157.75" duration="0.125" volume="204" string="4"/>
			<note pitch="51" time="158.0" duration="0.25" volume="204" string="3"/>
			<note pitch="44" time="158.0" duration="0.25" volume="204" string="4"/>
			<note pitch="38" time="158.25" duration="0.125" volume="204" string="5"/>
			<note pitch="45" time="158.25" duration="0.125" volume="204" string="4"/>
			<note pitch="45" time="158.375" duration="0.125" volume="204" string="4"/>
			<note pitch="38" time="158.375" duration="0.125" volume="204" string="5"/>
			<note pitch="45" time="158.5" duration="0.125" volume="204" string="4"/>
			<note pitch="38" time="158.5" duration="0.125" volume="204" string="5"/>
			<note pitch="38" time="158.625" duration="0.125" volume="204" string="5"/>
			<note pitch="45" time="158.625" duration="0.125" volume="204" string="4"/>
			<note pitch="45" time="158.75" duration="0.125" volume="204" string="4"/>
			<note pitch="38" time="158.75" duration="0.125" volume="204" string="5"/>
			<note pitch="36" time="159.0" duration="0.25" volume="204" string="5"/>
			<note pitch="43" time="159.0" duration="0.25" volume="204" string="4"/>
			<note pitch="43" time="159.25" duration="0.125" volume="204" string="4"/>
			<note pitch="36" time="159.25" duration="0.125" volume="204" string="5"/>
			<note pitch="36" time="159.375" duration="0.125" volume="204" string="5"/>
			<note pitch="43" time="159.375" duration="0.125" volume="204" string="4"/>
			<note pitch="43" time="159.5" duration="0.125" volume="204" string="4"/>
			<note pitch="36" time="159.5" duration="0.125" volume="204" string="5"/>
			<note pitch="36" time="159.625" duration="0.125" volume="204" string="5"/>
			<note pitch="43" time="159.625" duration="0.125" volume="204" string="4"/>
			<note pitch="43" time="159.75" duration="0.125" volume="204" string="4"/>
			<note pitch="36" time="159.75" duration="0.125" volume="204" string="5"/>
			<note pitch="36" time="160.0" duration="0.25" volume="204" string="5"/>
			<note pitch="43" time="160.0" duration="0.25" volume="204" string="4"/>
			<note pitch="36" time="160.25" duration="0.125" volume="204" string="5"/>
			<note pitch="43" time="160.25" duration="0.125" volume="204" string="4"/>
			<note pitch="36" time="160.375" duration="0.125" volume="204" string="5"/>
			<note pitch="43" time="160.375" duration="0.125" volume="204" string="4"/>
			<note pitch="43" time="160.5" duration="0.125" volume="204" string="4"/>
			<note pitch="36" time="160.5" duration="0.125" volume="204" string="5"/>
			<note pitch="36" time="160.625" duration="0.125" volume="204" string="5"/>
			<note pitch="43" time="160.625" duration="0.125" volume="204" string="4"/>
			<note pitch="43" time="160.75" duration="0.125" volume="204" string="4"/>
			<note pitch="36" time="160.75" duration="0.125" volume="204" string="5"/>
			<note pitch="35" time="161.0" duration="0.25" volume="204" string="5"/>
			<note pitch="35" time="161.25" duration="0.25" volume="204" string="5"/>
			<note pitch="35" time="161.5" duration="0.25" volume="204" string="5"/>
			<note pitch="35" time="161.75" duration="0.25" volume="204" string="5"/>
			<note pitch="59" time="162.0" duration="0.25" volume="204" string="2"/>
			<note pitch="53" time="162.25" duration="0.25" volume="204" string="3"/>
			<note pitch="47" time="162.5" duration="0.25" volume="204" string="4"/>
			<note pitch="41" time="162.75" duration="0.25" volume="204" string="5"/>
			<note pitch="46" time="163.0" duration="1.0" volume="204" string="4"/>
			<note pitch="45" time="164.0" duration="0.25" volume="204" string="4"/>
			<note pitch="39" time="164.25" duration="0.25" volume="204" string="5"/>
			<note pitch="37" time="164.5" duration="0.5" volume="204" string="5"/>
			<note pitch="35" time="165.0" duration="0.25" volume="204" string="5"/>
			<note pitch="35" time="165.25" duration="0.25" volume="204" string="5"/>
			<note pitch="35" time="165.5" duration="0.25" volume="204" string="5"/>
			<note pitch="35" time="165.75" duration="0.25" volume="204" string="5"/>
			<note pitch="59" time="166.0" duration="0.25" volume="204" string="2"/>
			<note pitch="53" time="166.25" duration="0.25" volume="204" string="3"/>
			<note pitch="47" time="166.5" duration="0.25" volume="204" string="4"/>
			<note pitch="41" time="166.75" duration="0.25" volume="204" string="5"/>
			<note pitch="46" time="167.0" duration="1.0" volume="204" string="4"/>
			<note pitch="45" time="168.0" duration="0.25" volume="204" string="4"/>
			<note pitch="39" time="168.25" duration="0.25" volume="204" string="5"/>
			<note pitch="37" time="168.5" duration="0.5" volume="204" string="5"/>
			<note pitch="35" time="169.0" duration="0.25" volume="204" string="5"/>
			<note pitch="35" time="169.25" duration="0.25" volume="204" string="5"/>
			<note pitch="35" time="169.5" duration="0.25" volume="204" string="5"/>
			<note pitch="35" time="169.75" duration="0.25" volume="204" string="5"/>
			<note pitch="59" time="170.0" duration="0.25" volume="204" string="2"/>
			<note pitch="53" time="170.25" duration="0.25" volume="204" string="3"/>
			<note pitch="47" time="170.5" duration="0.25" volume="204" string="4"/>
			<note pitch="41" time="170.75" duration="0.25" volume="204" string="5"/>
			<note pitch="46" time="171.0" duration="1.0" volume="204" string="4"/>
			<note pitch="45" time="172.0" duration="0.25" volume="204" string="4"/>
			<note pitch="39" time="172.25" duration="0.25" volume="204" string="5"/>
			<note pitch="37" time="172.5" duration="0.5" volume="204" string="5"/>
			<note pitch="35" time="173.0" duration="0.25" volume="204" string="5"/>
			<note pitch="35" time="173.25" duration="0.25" volume="204" string="5"/>
			<note pitch="35" time="173.5" duration="0.25" volume="204" string="5"/>
			<note pitch="35" time="173.75" duration="0.25" volume="204" string="5"/>
			<note pitch="59" time="174.0" duration="0.25" volume="204" string="2"/>
			<note pitch="53" time="174.25" duration="0.25" volume="204" string="3"/>
			<note pitch="47" time="174.5" duration="0.25" volume="204" string="4"/>
			<note pitch="41" time="174.75" duration="0.25" volume="204" string="5"/>
			<note pitch="46" time="175.0" duration="1.0" volume="204" string="4"/>
			<note pitch="45" time="176.0" duration="0.25" volume="204" string="4"/>
			<note pitch="39" time="176.25" duration="0.25" volume="204" string="5"/>
			<note pitch="37" time="176.5" duration="0.5" volume="204" string="5"/>
		</notes>
	</partition>
</song>