<?xml version="1.0" encoding="utf-8"?>

<song version="0.12" lang="en">
	<title>Jimmy's song</title>
	<authors>Jimmy</authors>
	<copyright>Copyright 2005 by Jimmy</copyright>
	<comments></comments>
	<bars>
		<bar rythm="4/4" tempo="60" syncope="0"/>
		<bar rythm="4/4" tempo="60" syncope="0"/>
		<bar rythm="4/4" tempo="60" syncope="0"/>
		<bar rythm="4/4" tempo="60" syncope="0"/>
		<bar rythm="4/4" tempo="90" syncope="0"/>
		<bar rythm="4/4" tempo="90" syncope="0"/>
		<bar rythm="4/4" tempo="90" syncope="0"/>
		<bar rythm="4/4" tempo="90" syncope="0"/>
		<bar rythm="4/4" tempo="90" syncope="0"/>
		<bar rythm="4/4" tempo="90" syncope="0"/>
		<bar rythm="4/4" tempo="90" syncope="0"/>
		<bar rythm="4/4" tempo="90" syncope="0"/>
		<bar rythm="4/4" tempo="90" syncope="0"/>
		<bar rythm="4/4" tempo="90" syncope="0"/>
		<bar rythm="4/4" tempo="90" syncope="0"/>
		<bar rythm="4/4" tempo="90" syncope="0"/>
		<bar rythm="4/4" tempo="90" syncope="0"/>
		<bar rythm="4/4" tempo="90" syncope="0"/>
		<bar rythm="4/4" tempo="90" syncope="0"/>
		<bar rythm="4/4" tempo="90" syncope="0"/>
		<bar rythm="4/4" tempo="90" syncope="0"/>
		<bar rythm="4/4" tempo="90" syncope="0"/>
		<bar rythm="4/4" tempo="90" syncope="0"/>
		<bar rythm="4/4" tempo="90" syncope="0"/>
		<bar rythm="4/4" tempo="90" syncope="0"/>
		<bar rythm="4/4" tempo="90" syncope="0"/>
		<bar rythm="4/4" tempo="90" syncope="0"/>
		<bar rythm="4/4" tempo="90" syncope="0"/>
		<bar rythm="4/4" tempo="90" syncope="0"/>
		<bar rythm="4/4" tempo="90" syncope="0"/>
		<bar rythm="4/4" tempo="90" syncope="0"/>
		<bar rythm="4/4" tempo="90" syncope="0"/>
		<bar rythm="4/4" tempo="90" syncope="0"/>
		<bar rythm="4/4" tempo="90" syncope="0"/>
		<bar rythm="4/4" tempo="90" syncope="0"/>
		<bar rythm="4/4" tempo="90" syncope="0"/>
		<bar rythm="4/4" tempo="90" syncope="0"/>
		<bar rythm="4/4" tempo="90" syncope="0"/>
		<bar rythm="4/4" tempo="90" syncope="0"/>
		<bar rythm="4/4" tempo="90" syncope="0"/>
		<bar rythm="1/4" tempo="90" syncope="0"/>
		<bar rythm="4/4" tempo="90" syncope="0"/>
		<bar rythm="4/4" tempo="90" syncope="0"/>
		<bar rythm="4/4" tempo="90" syncope="0"/>
		<bar rythm="4/4" tempo="90" syncope="0"/>
		<bar rythm="4/4" tempo="90" syncope="0"/>
		<bar rythm="4/4" tempo="90" syncope="0"/>
		<bar rythm="4/4" tempo="90" syncope="0"/>
		<bar rythm="4/4" tempo="90" syncope="0"/>
		<bar rythm="4/4" tempo="90" syncope="0"/>
		<bar rythm="4/4" tempo="90" syncope="0"/>
		<bar rythm="4/4" tempo="90" syncope="0"/>
		<bar rythm="4/4" tempo="90" syncope="0"/>
		<bar rythm="4/4" tempo="90" syncope="0"/>
	</bars>
	<playlist>
	</playlist>
	<partition volume="255" muted="0" chorus="0" instrument="30" capo="0" reverb="0">
		<header>Guitar</header>
		<view type="tablature">
			<strings>
				<string pitch="61" notation="top"/>
				<string pitch="56" notation="top"/>
				<string pitch="52" notation="top"/>
				<string pitch="47" notation="down"/>
				<string pitch="42" notation="down"/>
				<string pitch="35" notation="down"/>
			</strings>
		</view>
		<notes>
			<note pitch="35" time="0.0" duration="1.0" volume="204" string="5"/>
			<note pitch="71" time="1.0" duration="0.25" volume="204" string="1"/>
			<note pitch="70" time="1.25" duration="0.25" volume="204" string="1"/>
			<note pitch="69" time="1.5" duration="0.5" volume="204" string="1"/>
			<note pitch="69" time="2.0" duration="0.25" volume="204" string="1"/>
			<note pitch="68" time="2.25" duration="0.25" volume="204" string="1"/>
			<note pitch="67" time="2.5" duration="0.5" volume="204" string="1"/>
			<note pitch="67" time="3.0" duration="0.25" volume="204" string="1"/>
			<note pitch="66" time="3.25" duration="0.25" volume="204" string="1"/>
			<note pitch="65" time="3.5" duration="0.5" volume="204" string="1"/>
			<note pitch="35" time="4.0" duration="1.0" volume="204" string="5"/>
			<note pitch="71" time="5.0" duration="0.25" volume="204" string="1"/>
			<note pitch="70" time="5.25" duration="0.25" volume="204" string="1"/>
			<note pitch="69" time="5.5" duration="0.5" volume="204" string="1"/>
			<note pitch="69" time="6.0" duration="0.25" volume="204" string="1"/>
			<note pitch="68" time="6.25" duration="0.25" volume="204" string="1"/>
			<note pitch="67" time="6.5" duration="0.5" volume="204" string="1"/>
			<note pitch="67" time="7.0" duration="0.25" volume="204" string="1"/>
			<note pitch="66" time="7.25" duration="0.25" volume="204" string="1"/>
			<note pitch="65" time="7.5" duration="0.5" volume="204" string="1"/>
			<note pitch="35" time="8.0" duration="1.0" volume="204" string="5"/>
			<note pitch="71" time="9.0" duration="0.25" volume="204" string="1"/>
			<note pitch="70" time="9.25" duration="0.25" volume="204" string="1"/>
			<note pitch="69" time="9.5" duration="0.5" volume="204" string="1"/>
			<note pitch="69" time="10.0" duration="0.25" volume="204" string="1"/>
			<note pitch="68" time="10.25" duration="0.25" volume="204" string="1"/>
			<note pitch="67" time="10.5" duration="0.5" volume="204" string="1"/>
			<note pitch="67" time="11.0" duration="0.25" volume="204" string="1"/>
			<note pitch="66" time="11.25" duration="0.25" volume="204" string="1"/>
			<note pitch="65" time="11.5" duration="0.5" volume="204" string="1"/>
			<note pitch="35" time="12.0" duration="1.0" volume="204" string="5"/>
			<note pitch="71" time="13.0" duration="0.25" volume="204" string="1"/>
			<note pitch="70" time="13.25" duration="0.25" volume="204" string="1"/>
			<note pitch="69" time="13.5" duration="0.5" volume="204" string="1"/>
			<note pitch="69" time="14.0" duration="0.25" volume="204" string="1"/>
			<note pitch="68" time="14.25" duration="0.25" volume="204" string="1"/>
			<note pitch="67" time="14.5" duration="0.5" volume="204" string="1"/>
			<note pitch="67" time="15.0" duration="0.25" volume="204" string="1"/>
			<note pitch="66" time="15.25" duration="0.25" volume="204" string="1"/>
			<note pitch="65" time="15.5" duration="0.5" volume="204" string="1"/>
			<note pitch="35" time="16.0" duration="0.25" volume="204" string="5"/>
			<note pitch="42" time="16.0" duration="0.25" volume="204" string="4"/>
			<note pitch="35" time="16.25" duration="0.25" volume="204" string="5"/>
			<note pitch="42" time="16.25" duration="0.25" volume="204" string="4"/>
			<note pitch="35" time="16.5" duration="0.25" volume="204" string="5"/>
			<note pitch="42" time="16.5" duration="0.25" volume="204" string="4"/>
			<note pitch="35" time="16.75" duration="0.25" volume="204" string="5"/>
			<note pitch="42" time="16.75" duration="0.25" volume="204" string="4"/>
			<note pitch="38" time="17.0" duration="0.25" volume="204" string="5"/>
			<note pitch="45" time="17.0" duration="0.25" volume="204" string="4"/>
			<note pitch="37" time="17.25" duration="0.25" volume="204" string="5"/>
			<note pitch="44" time="17.25" duration="0.25" volume="204" string="4"/>
			<note pitch="36" time="17.5" duration="0.5" volume="204" string="5"/>
			<note pitch="43" time="17.5" duration="0.5" volume="204" string="4"/>
			<note pitch="40" time="18.0" duration="0.25" volume="204" string="5"/>
			<note pitch="47" time="18.0" duration="0.25" volume="204" string="4"/>
			<note pitch="39" time="18.25" duration="0.25" volume="204" string="5"/>
			<note pitch="46" time="18.25" duration="0.25" volume="204" string="4"/>
			<note pitch="38" time="18.5" duration="0.5" volume="204" string="5"/>
			<note pitch="45" time="18.5" duration="0.5" volume="204" string="4"/>
			<note pitch="42" time="19.0" duration="0.25" volume="204" string="5"/>
			<note pitch="49" time="19.0" duration="0.25" volume="204" string="4"/>
			<note pitch="41" time="19.25" duration="0.25" volume="204" string="5"/>
			<note pitch="48" time="19.25" duration="0.25" volume="204" string="4"/>
			<note pitch="40" time="19.5" duration="0.5" volume="204" string="5"/>
			<note pitch="47" time="19.5" duration="0.5" volume="204" string="4"/>
			<note pitch="42" time="20.0" duration="0.25" volume="204" string="4"/>
			<note pitch="35" time="20.0" duration="0.25" volume="204" string="5"/>
			<note pitch="42" time="20.25" duration="0.25" volume="204" string="4"/>
			<note pitch="35" time="20.25" duration="0.25" volume="204" string="5"/>
			<note pitch="42" time="20.5" duration="0.25" volume="204" string="4"/>
			<note pitch="35" time="20.5" duration="0.25" volume="204" string="5"/>
			<note pitch="42" time="20.75" duration="0.25" volume="204" string="4"/>
			<note pitch="35" time="20.75" duration="0.25" volume="204" string="5"/>
			<note pitch="45" time="21.0" duration="0.25" volume="204" string="4"/>
			<note pitch="38" time="21.0" duration="0.25" volume="204" string="5"/>
			<note pitch="44" time="21.25" duration="0.25" volume="204" string="4"/>
			<note pitch="37" time="21.25" duration="0.25" volume="204" string="5"/>
			<note pitch="43" time="21.5" duration="0.5" volume="204" string="4"/>
			<note pitch="36" time="21.5" duration="0.5" volume="204" string="5"/>
			<note pitch="47" time="22.0" duration="0.25" volume="204" string="4"/>
			<note pitch="40" time="22.0" duration="0.25" volume="204" string="5"/>
			<note pitch="46" time="22.25" duration="0.25" volume="204" string="4"/>
			<note pitch="39" time="22.25" duration="0.25" volume="204" string="5"/>
			<note pitch="45" time="22.5" duration="0.5" volume="204" string="4"/>
			<note pitch="38" time="22.5" duration="0.5" volume="204" string="5"/>
			<note pitch="49" time="23.0" duration="0.25" volume="204" string="4"/>
			<note pitch="42" time="23.0" duration="0.25" volume="204" string="5"/>
			<note pitch="48" time="23.25" duration="0.25" volume="204" string="4"/>
			<note pitch="41" time="23.25" duration="0.25" volume="204" string="5"/>
			<note pitch="47" time="23.5" duration="0.5" volume="204" string="4"/>
			<note pitch="40" time="23.5" duration="0.5" volume="204" string="5"/>
			<note pitch="42" time="24.0" duration="0.25" volume="204" string="4"/>
			<note pitch="35" time="24.0" duration="0.25" volume="204" string="5"/>
			<note pitch="42" time="24.25" duration="0.25" volume="204" string="4"/>
			<note pitch="35" time="24.25" duration="0.25" volume="204" string="5"/>
			<note pitch="42" time="24.5" duration="0.25" volume="204" string="4"/>
			<note pitch="35" time="24.5" duration="0.25" volume="204" string="5"/>
			<note pitch="42" time="24.75" duration="0.25" volume="204" string="4"/>
			<note pitch="35" time="24.75" duration="0.25" volume="204" string="5"/>
			<note pitch="45" time="25.0" duration="0.25" volume="204" string="4"/>
			<note pitch="38" time="25.0" duration="0.25" volume="204" string="5"/>
			<note pitch="44" time="25.25" duration="0.25" volume="204" string="4"/>
			<note pitch="37" time="25.25" duration="0.25" volume="204" string="5"/>
			<note pitch="43" time="25.5" duration="0.5" volume="204" string="4"/>
			<note pitch="36" time="25.5" duration="0.5" volume="204" string="5"/>
			<note pitch="47" time="26.0" duration="0.25" volume="204" string="4"/>
			<note pitch="40" time="26.0" duration="0.25" volume="204" string="5"/>
			<note pitch="46" time="26.25" duration="0.25" volume="204" string="4"/>
			<note pitch="39" time="26.25" duration="0.25" volume="204" string="5"/>
			<note pitch="45" time="26.5" duration="0.5" volume="204" string="4"/>
			<note pitch="38" time="26.5" duration="0.5" volume="204" string="5"/>
			<note pitch="49" time="27.0" duration="0.25" volume="204" string="4"/>
			<note pitch="42" time="27.0" duration="0.25" volume="204" string="5"/>
			<note pitch="48" time="27.25" duration="0.25" volume="204" string="4"/>
			<note pitch="41" time="27.25" duration="0.25" volume="204" string="5"/>
			<note pitch="47" time="27.5" duration="0.5" volume="204" string="4"/>
			<note pitch="40" time="27.5" duration="0.5" volume="204" string="5"/>
			<note pitch="42" time="28.0" duration="0.25" volume="204" string="4"/>
			<note pitch="35" time="28.0" duration="0.25" volume="204" string="5"/>
			<note pitch="42" time="28.25" duration="0.25" volume="204" string="4"/>
			<note pitch="35" time="28.25" duration="0.25" volume="204" string="5"/>
			<note pitch="42" time="28.5" duration="0.25" volume="204" string="4"/>
			<note pitch="35" time="28.5" duration="0.25" volume="204" string="5"/>
			<note pitch="42" time="28.75" duration="0.25" volume="204" string="4"/>
			<note pitch="35" time="28.75" duration="0.25" volume="204" string="5"/>
			<note pitch="45" time="29.0" duration="0.25" volume="204" string="4"/>
			<note pitch="38" time="29.0" duration="0.25" volume="204" string="5"/>
			<note pitch="44" time="29.25" duration="0.25" volume="204" string="4"/>
			<note pitch="37" time="29.25" duration="0.25" volume="204" string="5"/>
			<note pitch="43" time="29.5" duration="0.5" volume="204" string="4"/>
			<note pitch="36" time="29.5" duration="0.5" volume="204" string="5"/>
			<note pitch="47" time="30.0" duration="0.25" volume="204" string="4"/>
			<note pitch="40" time="30.0" duration="0.25" volume="204" string="5"/>
			<note pitch="46" time="30.25" duration="0.25" volume="204" string="4"/>
			<note pitch="39" time="30.25" duration="0.25" volume="204" string="5"/>
			<note pitch="45" time="30.5" duration="0.5" volume="204" string="4"/>
			<note pitch="38" time="30.5" duration="0.5" volume="204" string="5"/>
			<note pitch="49" time="31.0" duration="0.25" volume="204" string="4"/>
			<note pitch="42" time="31.0" duration="0.25" volume="204" string="5"/>
			<note pitch="48" time="31.25" duration="0.25" volume="204" string="4"/>
			<note pitch="41" time="31.25" duration="0.25" volume="204" string="5"/>
			<note pitch="47" time="31.5" duration="0.5" volume="204" string="4"/>
			<note pitch="40" time="31.5" duration="0.5" volume="204" string="5"/>
			<note pitch="35" time="32.0" duration="0.25" volume="204" string="5"/>
			<note pitch="42" time="32.0" duration="0.25" volume="204" string="4"/>
			<note pitch="35" time="32.25" duration="0.25" volume="204" string="5"/>
			<note pitch="42" time="32.25" duration="0.25" volume="204" string="4"/>
			<note pitch="35" time="32.5" duration="0.25" volume="204" string="5"/>
			<note pitch="42" time="32.5" duration="0.25" volume="204" string="4"/>
			<note pitch="35" time="32.75" duration="0.25" volume="204" string="5"/>
			<note pitch="42" time="32.75" duration="0.25" volume="204" string="4"/>
			<note pitch="71" time="33.0" duration="0.25" volume="204" string="1"/>
			<note pitch="70" time="33.25" duration="0.25" volume="204" string="1"/>
			<note pitch="69" time="33.5" duration="0.5" volume="204" string="1"/>
			<note pitch="69" time="34.0" duration="0.25" volume="204" string="1"/>
			<note pitch="68" time="34.25" duration="0.25" volume="204" string="1"/>
			<note pitch="67" time="34.5" duration="0.5" volume="204" string="1"/>
			<note pitch="67" time="35.0" duration="0.25" volume="204" string="1"/>
			<note pitch="66" time="35.25" duration="0.25" volume="204" string="1"/>
			<note pitch="65" time="35.5" duration="0.5" volume="204" string="1"/>
			<note pitch="35" time="36.0" duration="0.25" volume="204" string="5"/>
			<note pitch="42" time="36.0" duration="0.25" volume="204" string="4"/>
			<note pitch="35" time="36.25" duration="0.25" volume="204" string="5"/>
			<note pitch="42" time="36.25" duration="0.25" volume="204" string="4"/>
			<note pitch="35" time="36.5" duration="0.25" volume="204" string="5"/>
			<note pitch="42" time="36.5" duration="0.25" volume="204" string="4"/>
			<note pitch="35" time="36.75" duration="0.25" volume="204" string="5"/>
			<note pitch="42" time="36.75" duration="0.25" volume="204" string="4"/>
			<note pitch="71" time="37.0" duration="0.25" volume="204" string="1"/>
			<note pitch="70" time="37.25" duration="0.25" volume="204" string="1"/>
			<note pitch="69" time="37.5" duration="0.5" volume="204" string="1"/>
			<note pitch="66" time="38.0" duration="0.25" volume="204" string="2"/>
			<note pitch="65" time="38.25" duration="0.25" volume="204" string="2"/>
			<note pitch="64" time="38.5" duration="0.5" volume="204" string="2"/>
			<note pitch="65" time="39.0" duration="0.25" volume="204" string="2"/>
			<note pitch="64" time="39.25" duration="0.25" volume="204" string="2"/>
			<note pitch="63" time="39.5" duration="0.5" volume="204" string="2"/>
			<note pitch="35" time="40.0" duration="0.25" volume="204" string="5"/>
			<note pitch="42" time="40.0" duration="0.25" volume="204" string="4"/>
			<note pitch="35" time="40.25" duration="0.25" volume="204" string="5"/>
			<note pitch="42" time="40.25" duration="0.25" volume="204" string="4"/>
			<note pitch="35" time="40.5" duration="0.25" volume="204" string="5"/>
			<note pitch="42" time="40.5" duration="0.25" volume="204" string="4"/>
			<note pitch="35" time="40.75" duration="0.25" volume="204" string="5"/>
			<note pitch="42" time="40.75" duration="0.25" volume="204" string="4"/>
			<note pitch="71" time="41.0" duration="0.25" volume="204" string="1"/>
			<note pitch="70" time="41.25" duration="0.25" volume="204" string="1"/>
			<note pitch="69" time="41.5" duration="0.5" volume="204" string="1"/>
			<note pitch="69" time="42.0" duration="0.25" volume="204" string="1"/>
			<note pitch="68" time="42.25" duration="0.25" volume="204" string="1"/>
			<note pitch="67" time="42.5" duration="0.5" volume="204" string="1"/>
			<note pitch="67" time="43.0" duration="0.25" volume="204" string="1"/>
			<note pitch="66" time="43.25" duration="0.25" volume="204" string="1"/>
			<note pitch="65" time="43.5" duration="0.5" volume="204" string="1"/>
			<note pitch="35" time="44.0" duration="0.25" volume="204" string="5"/>
			<note pitch="42" time="44.0" duration="0.25" volume="204" string="4"/>
			<note pitch="35" time="44.25" duration="0.25" volume="204" string="5"/>
			<note pitch="42" time="44.25" duration="0.25" volume="204" string="4"/>
			<note pitch="35" time="44.5" duration="0.25" volume="204" string="5"/>
			<note pitch="42" time="44.5" duration="0.25" volume="204" string="4"/>
			<note pitch="35" time="44.75" duration="0.25" volume="204" string="5"/>
			<note pitch="42" time="44.75" duration="0.25" volume="204" string="4"/>
			<note pitch="71" time="45.0" duration="0.25" volume="204" string="1"/>
			<note pitch="70" time="45.25" duration="0.25" volume="204" string="1"/>
			<note pitch="69" time="45.5" duration="0.5" volume="204" string="1"/>
			<note pitch="66" time="46.0" duration="0.25" volume="204" string="2"/>
			<note pitch="65" time="46.25" duration="0.25" volume="204" string="2"/>
			<note pitch="64" time="46.5" duration="0.5" volume="204" string="2"/>
			<note pitch="65" time="47.0" duration="0.25" volume="204" string="2"/>
			<note pitch="64" time="47.25" duration="0.25" volume="204" string="2"/>
			<note pitch="63" time="47.5" duration="0.5" volume="204" string="2"/>
			<note pitch="35" time="48.0" duration="0.25" volume="204" string="5"/>
			<note pitch="42" time="48.0" duration="0.25" volume="204" string="4"/>
			<note pitch="35" time="48.25" duration="0.25" volume="204" string="5"/>
			<note pitch="42" time="48.25" duration="0.25" volume="204" string="4"/>
			<note pitch="35" time="48.5" duration="0.25" volume="204" string="5"/>
			<note pitch="42" time="48.5" duration="0.25" volume="204" string="4"/>
			<note pitch="35" time="48.75" duration="0.25" volume="204" string="5"/>
			<note pitch="42" time="48.75" duration="0.25" volume="204" string="4"/>
			<note pitch="35" time="49.0" duration="0.25" volume="204" fx="hammer" linked_to="1" string="5"/>
			<note pitch="42" time="49.0" duration="0.25" volume="204" fx="hammer" linked_to="2" string="4"/>
			<note pitch="36" time="49.25" duration="0.75" volume="204" id="1" string="5"/>
			<note pitch="43" time="49.25" duration="0.75" volume="204" id="2" string="4"/>
			<note pitch="35" time="50.0" duration="0.25" volume="204" string="5"/>
			<note pitch="42" time="50.0" duration="0.25" volume="204" string="4"/>
			<note pitch="35" time="50.25" duration="0.25" volume="204" string="5"/>
			<note pitch="42" time="50.25" duration="0.25" volume="204" string="4"/>
			<note pitch="35" time="50.5" duration="0.25" volume="204" string="5"/>
			<note pitch="42" time="50.5" duration="0.25" volume="204" string="4"/>
			<note pitch="38" time="50.75" duration="0.25" volume="204" fx="slide" linked_to="3" string="5"/>
			<note pitch="45" time="50.75" duration="0.25" volume="204" fx="slide" linked_to="4" string="4"/>
			<note pitch="39" time="51.0" duration="0.25" volume="204" fx="slide" linked_to="5" id="3" string="5"/>
			<note pitch="46" time="51.0" duration="0.25" volume="204" fx="slide" linked_to="6" id="4" string="4"/>
			<note pitch="38" time="51.25" duration="0.25" volume="204" id="5" string="5"/>
			<note pitch="45" time="51.25" duration="0.25" volume="204" id="6" string="4"/>
			<note pitch="37" time="51.5" duration="0.5" volume="204" string="5"/>
			<note pitch="44" time="51.5" duration="0.5" volume="204" string="4"/>
			<note pitch="42" time="52.0" duration="0.25" volume="204" string="4"/>
			<note pitch="35" time="52.0" duration="0.25" volume="204" string="5"/>
			<note pitch="42" time="52.25" duration="0.25" volume="204" string="4"/>
			<note pitch="35" time="52.25" duration="0.25" volume="204" string="5"/>
			<note pitch="42" time="52.5" duration="0.25" volume="204" string="4"/>
			<note pitch="35" time="52.5" duration="0.25" volume="204" string="5"/>
			<note pitch="42" time="52.75" duration="0.25" volume="204" string="4"/>
			<note pitch="35" time="52.75" duration="0.25" volume="204" string="5"/>
			<note pitch="42" time="53.0" duration="0.25" volume="204" fx="hammer" linked_to="7" string="4"/>
			<note pitch="35" time="53.0" duration="0.25" volume="204" fx="hammer" linked_to="8" string="5"/>
			<note pitch="43" time="53.25" duration="0.75" volume="204" id="7" string="4"/>
			<note pitch="36" time="53.25" duration="0.75" volume="204" id="8" string="5"/>
			<note pitch="42" time="54.0" duration="0.25" volume="204" string="4"/>
			<note pitch="35" time="54.0" duration="0.25" volume="204" string="5"/>
			<note pitch="42" time="54.25" duration="0.25" volume="204" string="4"/>
			<note pitch="35" time="54.25" duration="0.25" volume="204" string="5"/>
			<note pitch="42" time="54.5" duration="0.25" volume="204" string="4"/>
			<note pitch="35" time="54.5" duration="0.25" volume="204" string="5"/>
			<note pitch="45" time="54.75" duration="0.25" volume="204" fx="slide" linked_to="9" string="4"/>
			<note pitch="38" time="54.75" duration="0.25" volume="204" fx="slide" linked_to="10" string="5"/>
			<note pitch="46" time="55.0" duration="0.25" volume="204" fx="slide" linked_to="11" id="9" string="4"/>
			<note pitch="39" time="55.0" duration="0.25" volume="204" fx="slide" linked_to="12" id="10" string="5"/>
			<note pitch="45" time="55.25" duration="0.25" volume="204" id="11" string="4"/>
			<note pitch="38" time="55.25" duration="0.25" volume="204" id="12" string="5"/>
			<note pitch="44" time="55.5" duration="0.5" volume="204" string="4"/>
			<note pitch="37" time="55.5" duration="0.5" volume="204" string="5"/>
			<note pitch="42" time="56.0" duration="0.25" volume="204" string="4"/>
			<note pitch="35" time="56.0" duration="0.25" volume="204" string="5"/>
			<note pitch="42" time="56.25" duration="0.25" volume="204" string="4"/>
			<note pitch="35" time="56.25" duration="0.25" volume="204" string="5"/>
			<note pitch="42" time="56.5" duration="0.25" volume="204" string="4"/>
			<note pitch="35" time="56.5" duration="0.25" volume="204" string="5"/>
			<note pitch="42" time="56.75" duration="0.25" volume="204" string="4"/>
			<note pitch="35" time="56.75" duration="0.25" volume="204" string="5"/>
			<note pitch="42" time="57.0" duration="0.25" volume="204" fx="hammer" linked_to="13" string="4"/>
			<note pitch="35" time="57.0" duration="0.25" volume="204" fx="hammer" linked_to="14" string="5"/>
			<note pitch="43" time="57.25" duration="0.75" volume="204" id="13" string="4"/>
			<note pitch="36" time="57.25" duration="0.75" volume="204" id="14" string="5"/>
			<note pitch="42" time="58.0" duration="0.25" volume="204" string="4"/>
			<note pitch="35" time="58.0" duration="0.25" volume="204" string="5"/>
			<note pitch="42" time="58.25" duration="0.25" volume="204" string="4"/>
			<note pitch="35" time="58.25" duration="0.25" volume="204" string="5"/>
			<note pitch="42" time="58.5" duration="0.25" volume="204" string="4"/>
			<note pitch="35" time="58.5" duration="0.25" volume="204" string="5"/>
			<note pitch="45" time="58.75" duration="0.25" volume="204" fx="slide" linked_to="15" string="4"/>
			<note pitch="38" time="58.75" duration="0.25" volume="204" fx="slide" linked_to="16" string="5"/>
			<note pitch="46" time="59.0" duration="0.25" volume="204" fx="slide" linked_to="17" id="15" string="4"/>
			<note pitch="39" time="59.0" duration="0.25" volume="204" fx="slide" linked_to="18" id="16" string="5"/>
			<note pitch="45" time="59.25" duration="0.25" volume="204" id="17" string="4"/>
			<note pitch="38" time="59.25" duration="0.25" volume="204" id="18" string="5"/>
			<note pitch="44" time="59.5" duration="0.5" volume="204" string="4"/>
			<note pitch="37" time="59.5" duration="0.5" volume="204" string="5"/>
			<note pitch="42" time="60.0" duration="0.25" volume="204" string="4"/>
			<note pitch="35" time="60.0" duration="0.25" volume="204" string="5"/>
			<note pitch="42" time="60.25" duration="0.25" volume="204" string="4"/>
			<note pitch="35" time="60.25" duration="0.25" volume="204" string="5"/>
			<note pitch="42" time="60.5" duration="0.25" volume="204" string="4"/>
			<note pitch="35" time="60.5" duration="0.25" volume="204" string="5"/>
			<note pitch="42" time="60.75" duration="0.25" volume="204" string="4"/>
			<note pitch="35" time="60.75" duration="0.25" volume="204" string="5"/>
			<note pitch="42" time="61.0" duration="0.25" volume="204" fx="hammer" linked_to="19" string="4"/>
			<note pitch="35" time="61.0" duration="0.25" volume="204" fx="hammer" linked_to="20" string="5"/>
			<note pitch="43" time="61.25" duration="0.75" volume="204" id="19" string="4"/>
			<note pitch="36" time="61.25" duration="0.75" volume="204" id="20" string="5"/>
			<note pitch="42" time="62.0" duration="0.25" volume="204" string="4"/>
			<note pitch="35" time="62.0" duration="0.25" volume="204" string="5"/>
			<note pitch="42" time="62.25" duration="0.25" volume="204" string="4"/>
			<note pitch="35" time="62.25" duration="0.25" volume="204" string="5"/>
			<note pitch="42" time="62.5" duration="0.25" volume="204" string="4"/>
			<note pitch="35" time="62.5" duration="0.25" volume="204" string="5"/>
			<note pitch="45" time="62.75" duration="0.25" volume="204" fx="slide" linked_to="21" string="4"/>
			<note pitch="38" time="62.75" duration="0.25" volume="204" fx="slide" linked_to="22" string="5"/>
			<note pitch="46" time="63.0" duration="0.25" volume="204" fx="slide" linked_to="23" id="21" string="4"/>
			<note pitch="39" time="63.0" duration="0.25" volume="204" fx="slide" linked_to="24" id="22" string="5"/>
			<note pitch="45" time="63.25" duration="0.25" volume="204" id="23" string="4"/>
			<note pitch="38" time="63.25" duration="0.25" volume="204" id="24" string="5"/>
			<note pitch="44" time="63.5" duration="0.5" volume="204" string="4"/>
			<note pitch="37" time="63.5" duration="0.5" volume="204" string="5"/>
		</notes>
	</partition>
	<partition volume="255" muted="0" chorus="0" instrument="30" capo="0" reverb="0">
		<header>Guitar</header>
		<view type="tablature">
			<strings>
				<string pitch="61" notation="top"/>
				<string pitch="56" notation="top"/>
				<string pitch="52" notation="top"/>
				<string pitch="47" notation="down"/>
				<string pitch="42" notation="down"/>
				<string pitch="35" notation="down"/>
			</strings>
		</view>
		<notes>
		</notes>
	</partition>
</song>