<?xml version="1.0" encoding="utf-8"?>

<song version="0.12" lang="en">
	<title>Jimmy's song</title>
	<authors>Jimmy</authors>
	<copyright>Copyright 2004 by Jimmy</copyright>
	<comments></comments>
	<bars>
		<bar rythm="4/4" tempo="60" syncope="0"/>
		<bar rythm="4/4" tempo="60" syncope="0"/>
	</bars>
	<playlist>
	</playlist>
	<partition volume="255" muted="0" chorus="0" instrument="29" capo="0" reverb="0">
		<header>Guitar C#</header>
		<view type="tablature">
			<strings>
				<string pitch="61" notation="top"/>
				<string pitch="56" notation="top"/>
				<string pitch="52" notation="top"/>
				<string pitch="47" notation="down"/>
				<string pitch="42" notation="down"/>
				<string pitch="35" notation="down"/>
			</strings>
		</view>
		<notes>
			<note pitch="49" time="0.0" duration="0.25" volume="204" string="3"/>
			<note pitch="52" time="0.25" duration="0.25" volume="204" string="2"/>
			<note pitch="59" time="0.5" duration="0.25" volume="204" string="1"/>
			<note pitch="61" time="0.75" duration="0.25" volume="204" string="0"/>
			<note pitch="59" time="1.0" duration="0.25" volume="204" string="1"/>
			<note pitch="52" time="1.25" duration="0.25" volume="204" string="2"/>
			<note pitch="49" time="1.5" duration="0.25" volume="204" string="3"/>
			<note pitch="52" time="1.75" duration="0.25" volume="204" string="2"/>
			<note pitch="45" time="2.0" duration="0.25" volume="204" string="4"/>
			<note pitch="47" time="2.25" duration="0.25" volume="204" string="4"/>
			<note pitch="59" time="2.5" duration="0.25" volume="204" string="1"/>
			<note pitch="61" time="2.75" duration="0.75" volume="204" string="1"/>
			<note pitch="59" time="3.5" duration="0.5" volume="204" string="1"/>
			<note pitch="35" time="4.0" duration="0.25" volume="204" string="5"/>
			<note pitch="37" time="4.25" duration="0.25" volume="204" string="5"/>
			<note pitch="59" time="4.5" duration="0.25" volume="204" string="1"/>
			<note pitch="52" time="4.75" duration="0.25" volume="204" string="2"/>
			<note pitch="56" time="5.0" duration="0.5" volume="204" string="2"/>
			<note pitch="35" time="5.5" duration="0.25" volume="204" string="5"/>
			<note pitch="37" time="5.75" duration="0.25" volume="204" string="5"/>
			<note pitch="59" time="6.0" duration="0.25" volume="204" string="1"/>
			<note pitch="52" time="6.25" duration="0.25" volume="204" string="2"/>
			<note pitch="56" time="6.5" duration="0.5" volume="204" string="2"/>
			<note pitch="35" time="7.0" duration="0.25" volume="204" string="5"/>
			<note pitch="37" time="7.25" duration="0.25" volume="204" string="5"/>
			<note pitch="59" time="7.5" duration="0.25" volume="204" string="1"/>
			<note pitch="56" time="7.75" duration="0.25" volume="204" string="2"/>
		</notes>
	</partition>
</song>