<?xml version="1.0" encoding="utf-8"?>

<song version="0.12" lang="en">
	<title>Jimmy's song</title>
	<authors>Jimmy</authors>
	<copyright>Copyright 2005 by Jimmy</copyright>
	<comments></comments>
	<bars>
		<bar rythm="4/4" tempo="60" syncope="0"/>
		<bar rythm="4/4" tempo="60" syncope="0"/>
		<bar rythm="4/4" tempo="60" syncope="0"/>
		<bar rythm="4/4" tempo="60" syncope="0"/>
		<bar rythm="4/4" tempo="60" syncope="0"/>
		<bar rythm="4/4" tempo="60" syncope="0"/>
		<bar rythm="4/4" tempo="60" syncope="0"/>
		<bar rythm="4/4" tempo="60" syncope="0"/>
		<bar rythm="4/4" tempo="60" syncope="0"/>
	</bars>
	<playlist>
		<play from="0" to="1"/>
		<play from="0" to="1"/>
		<play from="2" to="3"/>
		<play from="2" to="3"/>
		<play from="4" to="5"/>
		<play from="4" to="5"/>
		<play from="6" to="7"/>
		<play from="6" to="7"/>
	</playlist>
	<partition volume="255" muted="0" chorus="0" instrument="24" capo="0" reverb="0">
		<header>Guitar</header>
		<view type="tablature">
			<strings>
				<string pitch="64" notation="top"/>
				<string pitch="59" notation="top"/>
				<string pitch="55" notation="top"/>
				<string pitch="50" notation="down"/>
				<string pitch="45" notation="down"/>
				<string pitch="40" notation="down"/>
			</strings>
		</view>
		<notes>
			<note pitch="47" time="0.0" duration="0.25" volume="204" string="4"/>
			<note pitch="54" time="0.25" duration="0.25" volume="204" string="3"/>
			<note pitch="55" time="0.5" duration="0.25" volume="204" string="2"/>
			<note pitch="47" time="0.75" duration="0.25" volume="204" string="4"/>
			<note pitch="54" time="1.0" duration="0.25" volume="204" string="3"/>
			<note pitch="55" time="1.25" duration="0.25" volume="204" string="2"/>
			<note pitch="47" time="1.5" duration="0.25" volume="204" string="4"/>
			<note pitch="54" time="1.75" duration="0.25" volume="204" string="3"/>
			<note pitch="45" time="2.0" duration="0.25" volume="204" string="4"/>
			<note pitch="54" time="2.25" duration="0.25" volume="204" string="3"/>
			<note pitch="55" time="2.5" duration="0.25" volume="204" string="2"/>
			<note pitch="45" time="2.75" duration="0.25" volume="204" string="4"/>
			<note pitch="54" time="3.0" duration="0.25" volume="204" string="3"/>
			<note pitch="55" time="3.25" duration="0.25" volume="204" string="2"/>
			<note pitch="45" time="3.5" duration="0.25" volume="204" string="4"/>
			<note pitch="54" time="3.75" duration="0.25" volume="204" string="3"/>
			<note pitch="43" time="4.0" duration="0.25" volume="204" string="5"/>
			<note pitch="54" time="4.25" duration="0.25" volume="204" string="3"/>
			<note pitch="55" time="4.5" duration="0.25" volume="204" string="2"/>
			<note pitch="43" time="4.75" duration="0.25" volume="204" string="5"/>
			<note pitch="54" time="5.0" duration="0.25" volume="204" string="3"/>
			<note pitch="55" time="5.25" duration="0.25" volume="204" string="2"/>
			<note pitch="43" time="5.5" duration="0.25" volume="204" string="5"/>
			<note pitch="54" time="5.75" duration="0.25" volume="204" string="3"/>
			<note pitch="40" time="6.0" duration="0.25" volume="204" string="5"/>
			<note pitch="54" time="6.25" duration="0.25" volume="204" string="3"/>
			<note pitch="55" time="6.5" duration="0.25" volume="204" string="2"/>
			<note pitch="40" time="6.75" duration="0.25" volume="204" string="5"/>
			<note pitch="54" time="7.0" duration="0.25" volume="204" string="3"/>
			<note pitch="55" time="7.25" duration="0.25" volume="204" string="2"/>
			<note pitch="40" time="7.5" duration="0.25" volume="204" string="5"/>
			<note pitch="54" time="7.75" duration="0.25" volume="204" string="3"/>
			<note pitch="47" time="8.0" duration="0.25" volume="204" string="4"/>
			<note pitch="54" time="8.25" duration="0.25" volume="204" string="3"/>
			<note pitch="55" time="8.5" duration="0.25" volume="204" string="2"/>
			<note pitch="47" time="8.75" duration="0.25" volume="204" string="4"/>
			<note pitch="54" time="9.0" duration="0.25" volume="204" string="3"/>
			<note pitch="55" time="9.25" duration="0.25" volume="204" string="2"/>
			<note pitch="47" time="9.5" duration="0.25" volume="204" string="4"/>
			<note pitch="54" time="9.75" duration="0.25" volume="204" string="3"/>
			<note pitch="49" time="10.0" duration="0.25" volume="204" string="4"/>
			<note pitch="54" time="10.25" duration="0.25" volume="204" string="3"/>
			<note pitch="55" time="10.5" duration="0.25" volume="204" string="2"/>
			<note pitch="49" time="10.75" duration="0.25" volume="204" string="4"/>
			<note pitch="54" time="11.0" duration="0.25" volume="204" string="3"/>
			<note pitch="55" time="11.25" duration="0.25" volume="204" string="2"/>
			<note pitch="49" time="11.5" duration="0.25" volume="204" string="4"/>
			<note pitch="54" time="11.75" duration="0.25" volume="204" string="3"/>
			<note pitch="50" time="12.0" duration="0.25" volume="204" string="4"/>
			<note pitch="54" time="12.25" duration="0.25" volume="204" string="3"/>
			<note pitch="55" time="12.5" duration="0.25" volume="204" string="2"/>
			<note pitch="50" time="12.75" duration="0.25" volume="204" string="4"/>
			<note pitch="54" time="13.0" duration="0.25" volume="204" string="3"/>
			<note pitch="55" time="13.25" duration="0.25" volume="204" string="2"/>
			<note pitch="50" time="13.5" duration="0.25" volume="204" string="4"/>
			<note pitch="54" time="13.75" duration="0.25" volume="204" string="3"/>
			<note pitch="52" time="14.0" duration="0.25" volume="204" string="4"/>
			<note pitch="54" time="14.25" duration="0.25" volume="204" string="3"/>
			<note pitch="55" time="14.5" duration="0.25" volume="204" string="2"/>
			<note pitch="50" time="14.75" duration="0.25" volume="204" string="4"/>
			<note pitch="54" time="15.0" duration="0.25" volume="204" string="3"/>
			<note pitch="55" time="15.25" duration="0.25" volume="204" string="2"/>
			<note pitch="49" time="15.5" duration="0.25" volume="204" string="4"/>
			<note pitch="54" time="15.75" duration="0.25" volume="204" string="3"/>
			<note pitch="47" time="16.0" duration="0.25" volume="204" string="4"/>
			<note pitch="54" time="16.25" duration="0.25" volume="204" string="3"/>
			<note pitch="55" time="16.5" duration="0.25" volume="204" string="2"/>
			<note pitch="47" time="16.75" duration="0.25" volume="204" string="4"/>
			<note pitch="59" time="17.0" duration="0.25" volume="204" string="2"/>
			<note pitch="54" time="17.25" duration="0.25" volume="204" string="3"/>
			<note pitch="47" time="17.5" duration="0.25" volume="204" string="4"/>
			<note pitch="54" time="17.75" duration="0.25" volume="204" string="3"/>
			<note pitch="45" time="18.0" duration="0.25" volume="204" string="4"/>
			<note pitch="54" time="18.25" duration="0.25" volume="204" string="3"/>
			<note pitch="55" time="18.5" duration="0.25" volume="204" string="2"/>
			<note pitch="45" time="18.75" duration="0.25" volume="204" string="4"/>
			<note pitch="57" time="19.0" duration="0.25" volume="204" string="2"/>
			<note pitch="54" time="19.25" duration="0.25" volume="204" string="3"/>
			<note pitch="45" time="19.5" duration="0.25" volume="204" string="4"/>
			<note pitch="54" time="19.75" duration="0.25" volume="204" string="3"/>
			<note pitch="43" time="20.0" duration="0.25" volume="204" string="5"/>
			<note pitch="54" time="20.25" duration="0.25" volume="204" string="3"/>
			<note pitch="55" time="20.5" duration="0.25" volume="204" string="2"/>
			<note pitch="43" time="20.75" duration="0.25" volume="204" string="5"/>
			<note pitch="59" time="21.0" duration="0.25" volume="204" string="1"/>
			<note pitch="54" time="21.25" duration="0.25" volume="204" string="3"/>
			<note pitch="43" time="21.5" duration="0.25" volume="204" string="5"/>
			<note pitch="54" time="21.75" duration="0.25" volume="204" string="3"/>
			<note pitch="40" time="22.0" duration="0.25" volume="204" string="5"/>
			<note pitch="54" time="22.25" duration="0.25" volume="204" string="3"/>
			<note pitch="55" time="22.5" duration="0.25" volume="204" string="2"/>
			<note pitch="40" time="22.75" duration="0.25" volume="204" string="5"/>
			<note pitch="62" time="23.0" duration="0.25" volume="204" string="1"/>
			<note pitch="54" time="23.25" duration="0.25" volume="204" string="3"/>
			<note pitch="40" time="23.5" duration="0.25" volume="204" string="5"/>
			<note pitch="54" time="23.75" duration="0.25" volume="204" string="3"/>
			<note pitch="47" time="24.0" duration="0.25" volume="204" string="4"/>
			<note pitch="54" time="24.25" duration="0.25" volume="204" string="3"/>
			<note pitch="55" time="24.5" duration="0.25" volume="204" string="2"/>
			<note pitch="47" time="24.75" duration="0.25" volume="204" string="4"/>
			<note pitch="54" time="25.0" duration="0.25" volume="204" string="3"/>
			<note pitch="55" time="25.25" duration="0.25" volume="204" string="2"/>
			<note pitch="47" time="25.5" duration="0.25" volume="204" string="4"/>
			<note pitch="54" time="25.75" duration="0.25" volume="204" string="3"/>
			<note pitch="49" time="26.0" duration="0.25" volume="204" string="4"/>
			<note pitch="54" time="26.25" duration="0.25" volume="204" string="3"/>
			<note pitch="55" time="26.5" duration="0.25" volume="204" string="2"/>
			<note pitch="49" time="26.75" duration="0.25" volume="204" string="4"/>
			<note pitch="54" time="27.0" duration="0.25" volume="204" string="3"/>
			<note pitch="55" time="27.25" duration="0.25" volume="204" string="2"/>
			<note pitch="49" time="27.5" duration="0.25" volume="204" string="4"/>
			<note pitch="54" time="27.75" duration="0.25" volume="204" string="3"/>
			<note pitch="50" time="28.0" duration="0.25" volume="204" string="4"/>
			<note pitch="54" time="28.25" duration="0.25" volume="204" string="3"/>
			<note pitch="55" time="28.5" duration="0.25" volume="204" string="2"/>
			<note pitch="50" time="28.75" duration="0.25" volume="204" string="4"/>
			<note pitch="54" time="29.0" duration="0.25" volume="204" string="3"/>
			<note pitch="55" time="29.25" duration="0.25" volume="204" string="2"/>
			<note pitch="50" time="29.5" duration="0.25" volume="204" string="4"/>
			<note pitch="54" time="29.75" duration="0.25" volume="204" string="3"/>
			<note pitch="52" time="30.0" duration="0.25" volume="204" string="4"/>
			<note pitch="54" time="30.25" duration="0.25" volume="204" string="3"/>
			<note pitch="55" time="30.5" duration="0.25" volume="204" string="2"/>
			<note pitch="50" time="30.75" duration="0.25" volume="204" string="4"/>
			<note pitch="54" time="31.0" duration="0.25" volume="204" string="3"/>
			<note pitch="55" time="31.25" duration="0.25" volume="204" string="2"/>
			<note pitch="49" time="31.5" duration="0.25" volume="204" string="4"/>
			<note pitch="54" time="31.75" duration="0.25" volume="204" string="3"/>
		</notes>
	</partition>
	<partition volume="255" muted="0" chorus="0" instrument="25" capo="0" reverb="0">
		<header>Guitar</header>
		<view type="tablature">
			<strings>
				<string pitch="64" notation="top"/>
				<string pitch="59" notation="top"/>
				<string pitch="55" notation="top"/>
				<string pitch="50" notation="down"/>
				<string pitch="45" notation="down"/>
				<string pitch="40" notation="down"/>
			</strings>
		</view>
		<notes>
			<note pitch="52" time="24.0" duration="0.25" volume="204" string="4"/>
			<note pitch="59" time="24.25" duration="0.25" volume="204" string="3"/>
			<note pitch="55" time="24.5" duration="0.25" volume="204" string="2"/>
			<note pitch="52" time="24.75" duration="0.25" volume="204" string="4"/>
			<note pitch="59" time="25.0" duration="0.25" volume="204" string="3"/>
			<note pitch="55" time="25.25" duration="0.25" volume="204" string="2"/>
			<note pitch="52" time="25.5" duration="0.25" volume="204" string="4"/>
			<note pitch="59" time="25.75" duration="0.25" volume="204" string="3"/>
			<note pitch="54" time="26.0" duration="0.25" volume="204" string="4"/>
			<note pitch="59" time="26.25" duration="0.25" volume="204" string="3"/>
			<note pitch="55" time="26.5" duration="0.25" volume="204" string="2"/>
			<note pitch="54" time="26.75" duration="0.25" volume="204" string="4"/>
			<note pitch="59" time="27.0" duration="0.25" volume="204" string="3"/>
			<note pitch="55" time="27.25" duration="0.25" volume="204" string="2"/>
			<note pitch="54" time="27.5" duration="0.25" volume="204" string="4"/>
			<note pitch="59" time="27.75" duration="0.25" volume="204" string="3"/>
			<note pitch="55" time="28.0" duration="0.25" volume="204" string="4"/>
			<note pitch="59" time="28.25" duration="0.25" volume="204" string="3"/>
			<note pitch="55" time="28.5" duration="0.25" volume="204" string="2"/>
			<note pitch="55" time="28.75" duration="0.25" volume="204" string="4"/>
			<note pitch="59" time="29.0" duration="0.25" volume="204" string="3"/>
			<note pitch="55" time="29.25" duration="0.25" volume="204" string="2"/>
			<note pitch="55" time="29.5" duration="0.25" volume="204" string="4"/>
			<note pitch="59" time="29.75" duration="0.25" volume="204" string="3"/>
			<note pitch="57" time="30.0" duration="0.25" volume="204" string="4"/>
			<note pitch="59" time="30.25" duration="0.25" volume="204" string="3"/>
			<note pitch="55" time="30.5" duration="0.25" volume="204" string="2"/>
			<note pitch="55" time="30.75" duration="0.25" volume="204" string="4"/>
			<note pitch="59" time="31.0" duration="0.25" volume="204" string="3"/>
			<note pitch="55" time="31.25" duration="0.25" volume="204" string="2"/>
			<note pitch="54" time="31.5" duration="0.25" volume="204" string="4"/>
			<note pitch="59" time="31.75" duration="0.25" volume="204" string="3"/>
		</notes>
	</partition>
</song>