<?xml version="1.0" encoding="utf-8"?>

<song version="0.12" lang="en">
	<title>Jimmy's song</title>
	<authors>Jimmy</authors>
	<copyright>Copyright 2004 by Jimmy</copyright>
	<comments></comments>
	<bars>
		<bar rythm="4/4" tempo="80" syncope="0"/>
		<bar rythm="4/4" tempo="80" syncope="0"/>
		<bar rythm="4/4" tempo="80" syncope="0"/>
		<bar rythm="4/4" tempo="80" syncope="0"/>
		<bar rythm="4/4" tempo="80" syncope="0"/>
	</bars>
	<playlist>
	</playlist>
	<partition volume="255" muted="0" chorus="0" instrument="29" capo="0" reverb="0">
		<header>Guitar C#</header>
		<view type="tablature">
			<strings>
				<string pitch="61" notation="top"/>
				<string pitch="56" notation="top"/>
				<string pitch="52" notation="top"/>
				<string pitch="47" notation="down"/>
				<string pitch="42" notation="down"/>
				<string pitch="35" notation="down"/>
			</strings>
		</view>
		<notes>
			<note pitch="35" time="0.0" duration="0.5" volume="204" string="5"/>
			<note pitch="42" time="0.0" duration="0.5" volume="204" string="4"/>
			<note pitch="35" time="0.5" duration="0.25" volume="204" string="5"/>
			<note pitch="42" time="0.5" duration="0.25" volume="204" string="4"/>
			<note pitch="35" time="0.75" duration="0.25" volume="204" string="5"/>
			<note pitch="42" time="0.75" duration="0.25" volume="204" string="4"/>
			<note pitch="38" time="1.0" duration="0.5" volume="204" string="5"/>
			<note pitch="45" time="1.0" duration="0.5" volume="204" string="4"/>
			<note pitch="35" time="1.5" duration="0.25" volume="204" string="5"/>
			<note pitch="42" time="1.5" duration="0.25" volume="204" string="4"/>
			<note pitch="35" time="1.75" duration="0.25" volume="204" string="5"/>
			<note pitch="42" time="1.75" duration="0.25" volume="204" string="4"/>
			<note pitch="43" time="2.0" duration="0.5" volume="204" string="5"/>
			<note pitch="50" time="2.0" duration="0.5" volume="204" string="4"/>
			<note pitch="43" time="2.5" duration="0.25" volume="204" string="5"/>
			<note pitch="50" time="2.5" duration="0.25" volume="204" string="4"/>
			<note pitch="43" time="2.75" duration="0.25" volume="204" string="5"/>
			<note pitch="50" time="2.75" duration="0.25" volume="204" string="4"/>
			<note pitch="42" time="3.0" duration="0.5" volume="204" string="5"/>
			<note pitch="49" time="3.0" duration="0.5" volume="204" string="4"/>
			<note pitch="42" time="3.5" duration="0.25" volume="204" string="5"/>
			<note pitch="49" time="3.5" duration="0.25" volume="204" string="4"/>
			<note pitch="42" time="3.75" duration="0.25" volume="204" string="5"/>
			<note pitch="49" time="3.75" duration="0.25" volume="204" string="4"/>
			<note pitch="42" time="4.0" duration="1.0" volume="204" string="4"/>
			<note pitch="35" time="4.0" duration="0.5" volume="204" string="5"/>
			<note pitch="35" time="4.5" duration="0.25" volume="204" string="5"/>
			<note pitch="35" time="4.75" duration="0.25" volume="204" string="5"/>
			<note pitch="35" time="5.0" duration="0.25" volume="204" string="5"/>
			<note pitch="35" time="5.25" duration="0.25" volume="204" string="5"/>
			<note pitch="35" time="5.5" duration="0.25" volume="204" string="5"/>
			<note pitch="35" time="5.75" duration="0.25" volume="204" string="5"/>
			<note pitch="35" time="6.0" duration="0.25" volume="204" string="5"/>
			<note pitch="38" time="6.25" duration="0.125" volume="204" string="5"/>
			<note pitch="37" time="6.375" duration="0.125" volume="204" string="5"/>
			<note pitch="36" time="6.5" duration="0.125" volume="204" string="5"/>
			<note pitch="35" time="6.625" duration="0.125" volume="204" string="5"/>
			<note pitch="43" time="6.75" duration="0.125" volume="204" string="5"/>
			<note pitch="42" time="6.875" duration="0.125" volume="204" string="5"/>
			<note pitch="41" time="7.0" duration="0.125" volume="204" string="5"/>
			<note pitch="35" time="7.125" duration="0.125" volume="204" string="5"/>
			<note pitch="42" time="7.25" duration="0.125" volume="204" string="5"/>
			<note pitch="41" time="7.375" duration="0.125" volume="204" string="5"/>
			<note pitch="40" time="7.5" duration="0.125" volume="204" string="5"/>
			<note pitch="35" time="7.625" duration="0.125" volume="204" string="5"/>
			<note pitch="40" time="7.75" duration="0.125" volume="204" string="5"/>
			<note pitch="39" time="7.875" duration="0.125" volume="204" string="5"/>
			<note pitch="38" time="8.0" duration="0.125" volume="204" string="5"/>
			<note pitch="35" time="8.125" duration="0.125" volume="204" string="5"/>
			<note pitch="35" time="8.25" duration="0.25" volume="204" string="5"/>
			<note pitch="42" time="8.25" duration="0.25" volume="204" string="4"/>
			<note pitch="42" time="8.5" duration="0.25" volume="204" string="4"/>
			<note pitch="35" time="8.5" duration="0.25" volume="204" string="5"/>
			<note pitch="42" time="8.75" duration="0.25" volume="204" string="4"/>
			<note pitch="35" time="8.75" duration="0.25" volume="204" string="5"/>
			<note pitch="45" time="9.0" duration="0.5" volume="204" string="4"/>
			<note pitch="38" time="9.0" duration="0.5" volume="204" string="5"/>
			<note pitch="42" time="9.5" duration="0.25" volume="204" string="4"/>
			<note pitch="35" time="9.5" duration="0.25" volume="204" string="5"/>
			<note pitch="42" time="9.75" duration="0.25" volume="204" string="4"/>
			<note pitch="35" time="9.75" duration="0.25" volume="204" string="5"/>
			<note pitch="50" time="10.0" duration="0.5" volume="204" string="4"/>
			<note pitch="43" time="10.0" duration="0.5" volume="204" string="5"/>
			<note pitch="50" time="10.5" duration="0.25" volume="204" string="4"/>
			<note pitch="43" time="10.5" duration="0.25" volume="204" string="5"/>
			<note pitch="50" time="10.75" duration="0.25" volume="204" string="4"/>
			<note pitch="43" time="10.75" duration="0.25" volume="204" string="5"/>
			<note pitch="49" time="11.0" duration="0.5" volume="204" string="4"/>
			<note pitch="42" time="11.0" duration="0.5" volume="204" string="5"/>
			<note pitch="49" time="11.5" duration="0.25" volume="204" string="4"/>
			<note pitch="42" time="11.5" duration="0.25" volume="204" string="5"/>
			<note pitch="49" time="11.75" duration="0.25" volume="204" string="4"/>
			<note pitch="42" time="11.75" duration="0.25" volume="204" string="5"/>
			<note pitch="35" time="12.0" duration="0.375" volume="204" string="5"/>
			<note pitch="42" time="12.0" duration="0.375" volume="204" string="4"/>
			<note pitch="50" time="12.375" duration="0.125" volume="204" string="4"/>
			<note pitch="49" time="12.5" duration="0.125" volume="204" string="4"/>
			<note pitch="50" time="12.625" duration="0.25" volume="204" string="4"/>
			<note pitch="52" time="12.875" duration="0.25" volume="204" string="4"/>
			<note pitch="43" time="13.375" duration="0.125" volume="204" string="5"/>
			<note pitch="42" time="13.5" duration="0.125" volume="204" string="5"/>
			<note pitch="43" time="13.625" duration="0.25" volume="204" string="5"/>
			<note pitch="45" time="13.875" duration="0.375" volume="204" string="5"/>
			<note pitch="40" time="14.25" duration="0.125" volume="204" string="5"/>
			<note pitch="42" time="14.375" duration="0.125" volume="204" string="5"/>
			<note pitch="43" time="14.5" duration="0.25" volume="204" string="5"/>
			<note pitch="52" time="14.75" duration="0.25" volume="204" string="3"/>
			<note pitch="55" time="15.0" duration="0.25" volume="204" string="3"/>
			<note pitch="47" time="15.25" duration="0.25" volume="204" string="4"/>
			<note pitch="49" time="15.5" duration="0.25" volume="204" string="4"/>
			<note pitch="50" time="15.75" duration="0.25" volume="204" string="4"/>
		</notes>
	</partition>
</song>