<?xml version="1.0" encoding="utf-8"?>

<song version="0.12" lang="en">
	<title>Jimmy's song</title>
	<authors>Jimmy</authors>
	<copyright>Copyright 2004 by Jimmy</copyright>
	<comments></comments>
	<bars>
		<bar rythm="4/4" tempo="50" syncope="0"/>
		<bar rythm="4/4" tempo="50" syncope="0"/>
		<bar rythm="4/4" tempo="50" syncope="0"/>
		<bar rythm="4/4" tempo="50" syncope="0"/>
		<bar rythm="4/4" tempo="50" syncope="0"/>
		<bar rythm="4/4" tempo="50" syncope="0"/>
		<bar rythm="4/4" tempo="50" syncope="0"/>
	</bars>
	<playlist>
		<play from="0" to="1"/>
		<play from="0" to="1"/>
		<play from="0" to="1"/>
		<play from="0" to="1"/>
		<play from="2" to="5"/>
	</playlist>
	<partition volume="255" muted="0" chorus="0" instrument="24" capo="0" reverb="0">
		<header>Guitar</header>
		<view type="tablature">
			<strings>
				<string pitch="64" notation="top"/>
				<string pitch="59" notation="top"/>
				<string pitch="55" notation="top"/>
				<string pitch="50" notation="down"/>
				<string pitch="45" notation="down"/>
				<string pitch="40" notation="down"/>
			</strings>
		</view>
		<notes>
			<note pitch="50" time="0.0" duration="0.25" volume="204" string="4"/>
			<note pitch="62" time="0.25" duration="0.25" volume="204" string="2"/>
			<note pitch="65" time="0.5" duration="0.25" volume="204" string="1"/>
			<note pitch="50" time="0.75" duration="0.25" volume="204" string="4"/>
			<note pitch="64" time="1.0" duration="0.25" volume="204" string="0"/>
			<note pitch="65" time="1.25" duration="0.25" volume="204" string="1"/>
			<note pitch="62" time="1.5" duration="0.25" volume="204" string="2"/>
			<note pitch="65" time="1.75" duration="0.25" volume="204" string="1"/>
			<note pitch="51" time="2.0" duration="0.25" volume="204" string="4"/>
			<note pitch="62" time="2.25" duration="0.25" volume="204" string="2"/>
			<note pitch="65" time="2.5" duration="0.25" volume="204" string="1"/>
			<note pitch="51" time="2.75" duration="0.25" volume="204" string="4"/>
			<note pitch="64" time="3.0" duration="0.25" volume="204" string="0"/>
			<note pitch="65" time="3.25" duration="0.25" volume="204" string="1"/>
			<note pitch="62" time="3.5" duration="0.25" volume="204" string="2"/>
			<note pitch="65" time="3.75" duration="0.25" volume="204" string="1"/>
			<note pitch="46" time="4.0" duration="0.25" volume="204" string="5"/>
			<note pitch="50" time="4.25" duration="0.25" volume="204" string="3"/>
			<note pitch="62" time="4.5" duration="0.25" volume="204" string="2"/>
			<note pitch="46" time="4.75" duration="0.25" volume="204" string="5"/>
			<note pitch="65" time="5.0" duration="0.25" volume="204" string="1"/>
			<note pitch="62" time="5.25" duration="0.25" volume="204" string="2"/>
			<note pitch="50" time="5.5" duration="0.25" volume="204" string="3"/>
			<note pitch="62" time="5.75" duration="0.25" volume="204" string="2"/>
			<note pitch="46" time="6.0" duration="0.25" volume="204" string="5"/>
			<note pitch="62" time="6.25" duration="0.25" volume="204" string="2"/>
			<note pitch="65" time="6.5" duration="0.25" volume="204" string="1"/>
			<note pitch="46" time="6.75" duration="0.25" volume="204" string="5"/>
			<note pitch="64" time="7.0" duration="0.25" volume="204" string="0"/>
			<note pitch="65" time="7.25" duration="0.25" volume="204" string="1"/>
			<note pitch="62" time="7.5" duration="0.25" volume="204" string="2"/>
			<note pitch="65" time="7.75" duration="0.25" volume="204" string="1"/>
			<note pitch="48" time="8.0" duration="0.25" volume="204" string="4"/>
			<note pitch="57" time="8.25" duration="0.25" volume="204" string="2"/>
			<note pitch="59" time="8.5" duration="0.25" volume="204" string="1"/>
			<note pitch="48" time="8.75" duration="0.25" volume="204" string="4"/>
			<note pitch="64" time="9.0" duration="0.25" volume="204" string="0"/>
			<note pitch="59" time="9.25" duration="0.25" volume="204" string="1"/>
			<note pitch="57" time="9.5" duration="0.25" volume="204" string="2"/>
			<note pitch="59" time="9.75" duration="0.25" volume="204" string="1"/>
			<note pitch="45" time="10.0" duration="0.25" volume="204" string="4"/>
			<note pitch="57" time="10.25" duration="0.25" volume="204" string="2"/>
			<note pitch="59" time="10.5" duration="0.25" volume="204" string="1"/>
			<note pitch="45" time="10.75" duration="0.25" volume="204" string="4"/>
			<note pitch="64" time="11.0" duration="0.25" volume="204" string="0"/>
			<note pitch="59" time="11.25" duration="0.25" volume="204" string="1"/>
			<note pitch="57" time="11.5" duration="0.25" volume="204" string="2"/>
			<note pitch="59" time="11.75" duration="0.25" volume="204" string="1"/>
			<note pitch="40" time="12.0" duration="0.25" volume="204" string="5"/>
			<note pitch="57" time="12.25" duration="0.25" volume="204" string="2"/>
			<note pitch="59" time="12.5" duration="0.25" volume="204" string="1"/>
			<note pitch="40" time="12.75" duration="0.25" volume="204" string="5"/>
			<note pitch="64" time="13.0" duration="0.25" volume="204" string="0"/>
			<note pitch="59" time="13.25" duration="0.25" volume="204" string="1"/>
			<note pitch="57" time="13.5" duration="0.25" volume="204" string="2"/>
			<note pitch="59" time="13.75" duration="0.25" volume="204" string="1"/>
			<note pitch="43" time="14.0" duration="0.25" volume="204" string="5"/>
			<note pitch="57" time="14.25" duration="0.25" volume="204" string="2"/>
			<note pitch="59" time="14.5" duration="0.25" volume="204" string="1"/>
			<note pitch="43" time="14.75" duration="0.25" volume="204" string="5"/>
			<note pitch="64" time="15.0" duration="0.25" volume="204" string="0"/>
			<note pitch="59" time="15.25" duration="0.25" volume="204" string="1"/>
			<note pitch="57" time="15.5" duration="0.25" volume="204" string="2"/>
			<note pitch="59" time="15.75" duration="0.25" volume="204" string="1"/>
			<note pitch="48" time="16.0" duration="0.25" volume="204" string="4"/>
			<note pitch="57" time="16.25" duration="0.25" volume="204" string="2"/>
			<note pitch="59" time="16.5" duration="0.25" volume="204" string="1"/>
			<note pitch="48" time="16.75" duration="0.25" volume="204" string="4"/>
			<note pitch="64" time="17.0" duration="0.25" volume="204" string="0"/>
			<note pitch="59" time="17.25" duration="0.25" volume="204" string="1"/>
			<note pitch="57" time="17.5" duration="0.25" volume="204" string="2"/>
			<note pitch="59" time="17.75" duration="0.25" volume="204" string="1"/>
			<note pitch="45" time="18.0" duration="0.25" volume="204" string="4"/>
			<note pitch="57" time="18.25" duration="0.25" volume="204" string="2"/>
			<note pitch="59" time="18.5" duration="0.25" volume="204" string="1"/>
			<note pitch="45" time="18.75" duration="0.25" volume="204" string="4"/>
			<note pitch="64" time="19.0" duration="0.25" volume="204" string="0"/>
			<note pitch="59" time="19.25" duration="0.25" volume="204" string="1"/>
			<note pitch="57" time="19.5" duration="0.25" volume="204" string="2"/>
			<note pitch="59" time="19.75" duration="0.25" volume="204" string="1"/>
			<note pitch="40" time="20.0" duration="0.25" volume="204" string="5"/>
			<note pitch="57" time="20.25" duration="0.25" volume="204" string="2"/>
			<note pitch="59" time="20.5" duration="0.25" volume="204" string="1"/>
			<note pitch="40" time="20.75" duration="0.25" volume="204" string="5"/>
			<note pitch="64" time="21.0" duration="0.25" volume="204" string="0"/>
			<note pitch="59" time="21.25" duration="0.25" volume="204" string="1"/>
			<note pitch="57" time="21.5" duration="0.25" volume="204" string="2"/>
			<note pitch="59" time="21.75" duration="0.25" volume="204" string="1"/>
			<note pitch="43" time="22.0" duration="0.25" volume="204" string="5"/>
			<note pitch="57" time="22.25" duration="0.25" volume="204" string="2"/>
			<note pitch="59" time="22.5" duration="0.25" volume="204" string="1"/>
			<note pitch="43" time="22.75" duration="0.25" volume="204" string="5"/>
			<note pitch="64" time="23.0" duration="0.25" volume="204" string="0"/>
			<note pitch="59" time="23.25" duration="0.25" volume="204" string="1"/>
			<note pitch="57" time="23.5" duration="0.25" volume="204" string="2"/>
			<note pitch="59" time="23.75" duration="0.25" volume="204" string="1"/>
		</notes>
	</partition>
	<partition volume="255" muted="0" chorus="0" instrument="81" capo="0" reverb="0">
		<header>Guitar C#</header>
		<view type="tablature">
			<strings>
				<string pitch="61" notation="top"/>
				<string pitch="56" notation="top"/>
				<string pitch="52" notation="top"/>
				<string pitch="47" notation="down"/>
				<string pitch="42" notation="down"/>
				<string pitch="37" notation="down"/>
			</strings>
		</view>
		<notes>
			<note pitch="48" time="9.0" duration="1.0" volume="204" string="4"/>
			<note pitch="50" time="10.0" duration="1.0" volume="204" string="4"/>
			<note pitch="48" time="11.0" duration="0.5" volume="204" string="4"/>
			<note pitch="47" time="11.5" duration="2.0" volume="204" string="4"/>
			<note pitch="45" time="13.5" duration="0.5" volume="204" string="5"/>
			<note pitch="47" time="14.0" duration="0.5" volume="204" string="4"/>
			<note pitch="45" time="14.5" duration="0.25" volume="204" string="5"/>
			<note pitch="43" time="14.75" duration="0.5" volume="204" string="5"/>
			<note pitch="45" time="15.25" duration="0.5" volume="204" string="5"/>
			<note pitch="48" time="15.75" duration="0.5" volume="204" string="4"/>
			<note pitch="48" time="17.0" duration="1.0" volume="204" string="4"/>
			<note pitch="50" time="18.0" duration="1.0" volume="204" string="4"/>
			<note pitch="48" time="19.0" duration="0.5" volume="204" string="4"/>
			<note pitch="47" time="19.5" duration="2.0" volume="204" string="4"/>
			<note pitch="45" time="21.5" duration="0.5" volume="204" string="5"/>
			<note pitch="47" time="22.0" duration="0.5" volume="204" string="4"/>
			<note pitch="45" time="22.5" duration="0.25" volume="204" string="5"/>
			<note pitch="43" time="22.75" duration="0.5" volume="204" string="5"/>
			<note pitch="45" time="23.25" duration="0.5" volume="204" string="5"/>
			<note pitch="40" time="23.75" duration="0.5" volume="204" string="5"/>
		</notes>
	</partition>
	<lyrics>
		<header>Lyrics</header>
		<view type="lyrics"/>
		<text>
These	things	I've	done	For-	got-	ten-	be-	fore	long	These	things	I've	said	Will	fade	be-	fore	the	dawn
		</text>
	</lyrics>
</song>