<?xml version="1.0" encoding="utf-8"?>

<song version="0.12" lang="en">
	<title>Jimmy's song</title>
	<authors>Jimmy</authors>
	<copyright>Copyright 2005 by Jimmy</copyright>
	<comments></comments>
	<bars>
		<bar rythm="4/4" tempo="50" syncope="0"/>
		<bar rythm="4/4" tempo="50" syncope="0"/>
		<bar rythm="4/4" tempo="50" syncope="0"/>
		<bar rythm="4/4" tempo="50" syncope="0"/>
		<bar rythm="4/4" tempo="50" syncope="0"/>
		<bar rythm="4/4" tempo="50" syncope="0"/>
		<bar rythm="4/4" tempo="50" syncope="0"/>
		<bar rythm="4/4" tempo="50" syncope="0"/>
		<bar rythm="4/4" tempo="50" syncope="0"/>
		<bar rythm="4/4" tempo="50" syncope="0"/>
		<bar rythm="4/4" tempo="50" syncope="0"/>
		<bar rythm="4/4" tempo="50" syncope="0"/>
		<bar rythm="4/4" tempo="50" syncope="0"/>
	</bars>
	<playlist>
	</playlist>
	<partition volume="255" muted="0" chorus="0" instrument="24" capo="0" reverb="0">
		<header>Guitar</header>
		<view type="tablature">
			<strings>
				<string pitch="64" notation="top"/>
				<string pitch="59" notation="top"/>
				<string pitch="55" notation="top"/>
				<string pitch="50" notation="down"/>
				<string pitch="45" notation="down"/>
				<string pitch="40" notation="down"/>
			</strings>
		</view>
		<notes>
			<note pitch="59" time="0.0" duration="0.25" volume="204" string="3"/>
			<note pitch="67" time="0.25" duration="0.25" volume="204" string="2"/>
			<note pitch="59" time="0.5" duration="0.25" volume="204" string="3"/>
			<note pitch="66" time="0.75" duration="0.25" volume="204" string="2"/>
			<note pitch="59" time="1.0" duration="0.25" volume="204" string="3"/>
			<note pitch="64" time="1.25" duration="0.25" volume="204" string="2"/>
			<note pitch="59" time="1.5" duration="0.25" volume="204" string="3"/>
			<note pitch="62" time="1.75" duration="0.25" volume="204" string="3"/>
			<note pitch="55" time="2.0" duration="0.25" volume="204" string="4"/>
			<note pitch="66" time="2.25" duration="0.25" volume="204" string="2"/>
			<note pitch="55" time="2.5" duration="0.25" volume="204" string="4"/>
			<note pitch="62" time="2.75" duration="0.25" volume="204" string="3"/>
			<note pitch="55" time="3.0" duration="0.25" volume="204" string="4"/>
			<note pitch="64" time="3.25" duration="0.25" volume="204" string="2"/>
			<note pitch="55" time="3.5" duration="0.25" volume="204" string="4"/>
			<note pitch="61" time="3.75" duration="0.25" volume="204" string="3"/>
			<note pitch="59" time="4.0" duration="0.25" volume="204" string="3"/>
			<note pitch="67" time="4.25" duration="0.25" volume="204" string="2"/>
			<note pitch="59" time="4.5" duration="0.25" volume="204" string="3"/>
			<note pitch="66" time="4.75" duration="0.25" volume="204" string="2"/>
			<note pitch="59" time="5.0" duration="0.25" volume="204" string="3"/>
			<note pitch="64" time="5.25" duration="0.25" volume="204" string="2"/>
			<note pitch="59" time="5.5" duration="0.25" volume="204" string="3"/>
			<note pitch="62" time="5.75" duration="0.25" volume="204" string="3"/>
			<note pitch="55" time="6.0" duration="0.25" volume="204" string="4"/>
			<note pitch="66" time="6.25" duration="0.25" volume="204" string="2"/>
			<note pitch="55" time="6.5" duration="0.25" volume="204" string="4"/>
			<note pitch="62" time="6.75" duration="0.25" volume="204" string="3"/>
			<note pitch="55" time="7.0" duration="0.25" volume="204" string="4"/>
			<note pitch="64" time="7.25" duration="0.25" volume="204" string="2"/>
			<note pitch="55" time="7.5" duration="0.25" volume="204" string="4"/>
			<note pitch="61" time="7.75" duration="0.25" volume="204" string="3"/>
			<note pitch="59" time="8.0" duration="0.25" volume="204" string="3"/>
			<note pitch="67" time="8.25" duration="0.25" volume="204" string="2"/>
			<note pitch="59" time="8.5" duration="0.25" volume="204" string="3"/>
			<note pitch="66" time="8.75" duration="0.25" volume="204" string="2"/>
			<note pitch="59" time="9.0" duration="0.25" volume="204" string="3"/>
			<note pitch="64" time="9.25" duration="0.25" volume="204" string="2"/>
			<note pitch="59" time="9.5" duration="0.25" volume="204" string="3"/>
			<note pitch="62" time="9.75" duration="0.25" volume="204" string="3"/>
			<note pitch="55" time="10.0" duration="0.25" volume="204" string="4"/>
			<note pitch="66" time="10.25" duration="0.25" volume="204" string="2"/>
			<note pitch="55" time="10.5" duration="0.25" volume="204" string="4"/>
			<note pitch="62" time="10.75" duration="0.25" volume="204" string="3"/>
			<note pitch="55" time="11.0" duration="0.25" volume="204" string="4"/>
			<note pitch="64" time="11.25" duration="0.25" volume="204" string="2"/>
			<note pitch="55" time="11.5" duration="0.25" volume="204" string="4"/>
			<note pitch="61" time="11.75" duration="0.25" volume="204" string="3"/>
			<note pitch="59" time="12.0" duration="0.25" volume="204" string="3"/>
			<note pitch="67" time="12.25" duration="0.25" volume="204" string="2"/>
			<note pitch="59" time="12.5" duration="0.25" volume="204" string="3"/>
			<note pitch="66" time="12.75" duration="0.25" volume="204" string="2"/>
			<note pitch="59" time="13.0" duration="0.25" volume="204" string="3"/>
			<note pitch="64" time="13.25" duration="0.25" volume="204" string="2"/>
			<note pitch="59" time="13.5" duration="0.25" volume="204" string="3"/>
			<note pitch="62" time="13.75" duration="0.25" volume="204" string="3"/>
			<note pitch="55" time="14.0" duration="0.25" volume="204" string="4"/>
			<note pitch="66" time="14.25" duration="0.25" volume="204" string="2"/>
			<note pitch="55" time="14.5" duration="0.25" volume="204" string="4"/>
			<note pitch="62" time="14.75" duration="0.25" volume="204" string="3"/>
			<note pitch="55" time="15.0" duration="0.25" volume="204" string="4"/>
			<note pitch="64" time="15.25" duration="0.25" volume="204" string="2"/>
			<note pitch="55" time="15.5" duration="0.25" volume="204" string="4"/>
			<note pitch="61" time="15.75" duration="0.25" volume="204" string="3"/>
			<note pitch="40" time="16.0" duration="0.5" volume="204" string="5"/>
			<note pitch="52" time="16.0" duration="0.5" volume="204" string="4"/>
			<note pitch="40" time="16.5" duration="0.25" volume="204" string="5"/>
			<note pitch="52" time="16.5" duration="0.25" volume="204" string="4"/>
			<note pitch="54" time="16.75" duration="0.25" volume="204" string="4"/>
			<note pitch="40" time="16.75" duration="0.25" volume="204" string="5"/>
			<note pitch="55" time="17.0" duration="0.25" volume="204" string="4"/>
			<note pitch="40" time="17.0" duration="0.25" volume="204" string="5"/>
			<note pitch="54" time="17.25" duration="0.25" volume="204" string="4"/>
			<note pitch="40" time="17.25" duration="0.25" volume="204" string="5"/>
			<note pitch="52" time="17.5" duration="0.25" volume="204" string="4"/>
			<note pitch="40" time="17.5" duration="0.25" volume="204" string="5"/>
			<note pitch="52" time="17.75" duration="0.5" volume="204" string="4"/>
			<note pitch="48" time="17.75" duration="0.5" volume="204" string="5"/>
			<note pitch="52" time="18.25" duration="0.25" volume="204" string="4"/>
			<note pitch="48" time="18.25" duration="0.25" volume="204" string="5"/>
			<note pitch="45" time="18.5" duration="0.25" volume="204" string="4"/>
			<note pitch="40" time="18.5" duration="0.25" volume="204" string="5"/>
			<note pitch="47" time="18.75" duration="0.5" volume="204" string="4"/>
			<note pitch="43" time="18.75" duration="0.5" volume="204" string="5"/>
			<note pitch="49" time="19.25" duration="0.25" volume="204" string="4"/>
			<note pitch="45" time="19.25" duration="0.25" volume="204" string="5"/>
			<note pitch="49" time="19.5" duration="0.125" volume="204" fx="hammer" linked_to="1" string="4"/>
			<note pitch="45" time="19.5" duration="0.5" volume="204" string="5"/>
			<note pitch="50" time="19.625" duration="0.125" volume="204" fx="hammer" linked_to="2" id="1" string="4"/>
			<note pitch="49" time="19.75" duration="0.25" volume="204" id="2" string="4"/>
			<note pitch="52" time="20.0" duration="0.5" volume="204" string="4"/>
			<note pitch="40" time="20.0" duration="0.5" volume="204" string="5"/>
			<note pitch="52" time="20.5" duration="0.25" volume="204" string="4"/>
			<note pitch="40" time="20.5" duration="0.25" volume="204" string="5"/>
			<note pitch="54" time="20.75" duration="0.25" volume="204" string="4"/>
			<note pitch="40" time="20.75" duration="0.25" volume="204" string="5"/>
			<note pitch="55" time="21.0" duration="0.25" volume="204" string="4"/>
			<note pitch="40" time="21.0" duration="0.25" volume="204" string="5"/>
			<note pitch="54" time="21.25" duration="0.25" volume="204" string="4"/>
			<note pitch="40" time="21.25" duration="0.25" volume="204" string="5"/>
			<note pitch="52" time="21.5" duration="0.25" volume="204" string="4"/>
			<note pitch="40" time="21.5" duration="0.25" volume="204" string="5"/>
			<note pitch="52" time="21.75" duration="0.5" volume="204" string="4"/>
			<note pitch="48" time="21.75" duration="0.5" volume="204" string="5"/>
			<note pitch="52" time="22.25" duration="0.25" volume="204" string="4"/>
			<note pitch="48" time="22.25" duration="0.25" volume="204" string="5"/>
			<note pitch="45" time="22.5" duration="0.25" volume="204" string="4"/>
			<note pitch="40" time="22.5" duration="0.25" volume="204" string="5"/>
			<note pitch="47" time="22.75" duration="0.5" volume="204" string="4"/>
			<note pitch="43" time="22.75" duration="0.5" volume="204" string="5"/>
			<note pitch="52" time="23.25" duration="0.25" volume="204" string="4"/>
			<note pitch="45" time="23.25" duration="0.25" volume="204" string="5"/>
			<note pitch="50" time="23.25" duration="0.25" volume="204" string="3"/>
			<note pitch="45" time="23.5" duration="0.5" volume="204" string="5"/>
			<note pitch="52" time="23.5" duration="0.5" volume="204" string="4"/>
			<note pitch="50" time="23.5" duration="0.5" volume="204" string="3"/>
			<note pitch="52" time="24.0" duration="0.5" volume="204" string="4"/>
			<note pitch="40" time="24.0" duration="0.5" volume="204" string="5"/>
			<note pitch="52" time="24.5" duration="0.25" volume="204" string="4"/>
			<note pitch="40" time="24.5" duration="0.25" volume="204" string="5"/>
			<note pitch="54" time="24.75" duration="0.25" volume="204" string="4"/>
			<note pitch="40" time="24.75" duration="0.25" volume="204" string="5"/>
			<note pitch="55" time="25.0" duration="0.25" volume="204" string="4"/>
			<note pitch="40" time="25.0" duration="0.25" volume="204" string="5"/>
			<note pitch="54" time="25.25" duration="0.25" volume="204" string="4"/>
			<note pitch="40" time="25.25" duration="0.25" volume="204" string="5"/>
			<note pitch="52" time="25.5" duration="0.25" volume="204" string="4"/>
			<note pitch="40" time="25.5" duration="0.25" volume="204" string="5"/>
			<note pitch="52" time="25.75" duration="0.5" volume="204" string="4"/>
			<note pitch="48" time="25.75" duration="0.5" volume="204" string="5"/>
			<note pitch="52" time="26.25" duration="0.25" volume="204" string="4"/>
			<note pitch="48" time="26.25" duration="0.25" volume="204" string="5"/>
			<note pitch="45" time="26.5" duration="0.25" volume="204" string="4"/>
			<note pitch="40" time="26.5" duration="0.25" volume="204" string="5"/>
			<note pitch="47" time="26.75" duration="0.5" volume="204" string="4"/>
			<note pitch="43" time="26.75" duration="0.5" volume="204" string="5"/>
			<note pitch="49" time="27.25" duration="0.25" volume="204" string="4"/>
			<note pitch="45" time="27.25" duration="0.25" volume="204" string="5"/>
			<note pitch="45" time="27.5" duration="0.5" volume="204" string="5"/>
			<note pitch="49" time="27.5" duration="0.125" volume="204" fx="hammer" linked_to="3" string="4"/>
			<note pitch="50" time="27.625" duration="0.125" volume="204" fx="hammer" linked_to="4" id="3" string="4"/>
			<note pitch="49" time="27.75" duration="0.25" volume="204" id="4" string="4"/>
			<note pitch="52" time="28.0" duration="0.25" volume="204" string="4"/>
			<note pitch="40" time="28.0" duration="0.25" volume="204" string="5"/>
			<note pitch="52" time="28.25" duration="0.25" volume="204" string="4"/>
			<note pitch="59" time="28.25" duration="0.25" volume="204" string="3"/>
			<note pitch="52" time="28.5" duration="0.25" volume="204" string="4"/>
			<note pitch="40" time="28.5" duration="0.25" volume="204" string="5"/>
			<note pitch="55" time="28.75" duration="0.25" volume="204" string="4"/>
			<note pitch="40" time="28.75" duration="0.25" volume="204" string="5"/>
			<note pitch="52" time="29.0" duration="0.25" volume="204" string="4"/>
			<note pitch="40" time="29.0" duration="0.25" volume="204" string="5"/>
			<note pitch="52" time="29.25" duration="0.25" volume="204" string="4"/>
			<note pitch="57" time="29.25" duration="0.25" volume="204" string="3"/>
			<note pitch="52" time="29.5" duration="0.25" volume="204" string="4"/>
			<note pitch="40" time="29.5" duration="0.25" volume="204" string="5"/>
			<note pitch="52" time="29.75" duration="0.5" volume="204" string="4"/>
			<note pitch="48" time="29.75" duration="0.5" volume="204" string="5"/>
			<note pitch="52" time="30.25" duration="0.25" volume="204" string="4"/>
			<note pitch="48" time="30.25" duration="0.25" volume="204" string="5"/>
			<note pitch="45" time="30.5" duration="0.25" volume="204" string="4"/>
			<note pitch="40" time="30.5" duration="0.25" volume="204" string="5"/>
			<note pitch="54" time="30.75" duration="0.5" volume="204" string="4"/>
			<note pitch="50" time="30.75" duration="0.5" volume="204" string="5"/>
			<note pitch="54" time="31.25" duration="0.25" volume="204" string="4"/>
			<note pitch="50" time="31.25" duration="0.25" volume="204" string="5"/>
			<note pitch="50" time="31.5" duration="0.5" volume="204" string="5"/>
			<note pitch="54" time="31.5" duration="0.125" volume="204" fx="hammer" linked_to="5" string="4"/>
			<note pitch="55" time="31.625" duration="0.125" volume="204" fx="hammer" linked_to="6" id="5" string="4"/>
			<note pitch="54" time="31.75" duration="0.25" volume="204" id="6" string="4"/>
			<note pitch="52" time="32.0" duration="0.5" volume="204" string="4"/>
			<note pitch="40" time="32.0" duration="0.5" volume="204" string="5"/>
			<note pitch="52" time="32.5" duration="0.25" volume="204" string="4"/>
			<note pitch="40" time="32.5" duration="0.25" volume="204" string="5"/>
			<note pitch="54" time="32.75" duration="0.25" volume="204" string="4"/>
			<note pitch="40" time="32.75" duration="0.25" volume="204" string="5"/>
			<note pitch="55" time="33.0" duration="0.25" volume="204" string="4"/>
			<note pitch="40" time="33.0" duration="0.25" volume="204" string="5"/>
			<note pitch="54" time="33.25" duration="0.25" volume="204" string="4"/>
			<note pitch="40" time="33.25" duration="0.25" volume="204" string="5"/>
			<note pitch="52" time="33.5" duration="0.25" volume="204" string="4"/>
			<note pitch="40" time="33.5" duration="0.25" volume="204" string="5"/>
			<note pitch="52" time="33.75" duration="0.5" volume="204" string="4"/>
			<note pitch="48" time="33.75" duration="0.5" volume="204" string="5"/>
			<note pitch="52" time="34.25" duration="0.25" volume="204" string="4"/>
			<note pitch="48" time="34.25" duration="0.25" volume="204" string="5"/>
			<note pitch="45" time="34.5" duration="0.25" volume="204" string="4"/>
			<note pitch="40" time="34.5" duration="0.25" volume="204" string="5"/>
			<note pitch="47" time="34.75" duration="0.5" volume="204" string="4"/>
			<note pitch="43" time="34.75" duration="0.5" volume="204" string="5"/>
			<note pitch="49" time="35.25" duration="0.25" volume="204" string="4"/>
			<note pitch="45" time="35.25" duration="0.25" volume="204" string="5"/>
			<note pitch="49" time="35.5" duration="0.125" volume="204" fx="hammer" linked_to="7" string="4"/>
			<note pitch="45" time="35.5" duration="0.5" volume="204" string="5"/>
			<note pitch="50" time="35.625" duration="0.125" volume="204" fx="hammer" linked_to="8" id="7" string="4"/>
			<note pitch="49" time="35.75" duration="0.25" volume="204" id="8" string="4"/>
			<note pitch="52" time="36.0" duration="0.5" volume="204" string="4"/>
			<note pitch="40" time="36.0" duration="0.5" volume="204" string="5"/>
			<note pitch="52" time="36.5" duration="0.25" volume="204" string="4"/>
			<note pitch="40" time="36.5" duration="0.25" volume="204" string="5"/>
			<note pitch="54" time="36.75" duration="0.25" volume="204" string="4"/>
			<note pitch="40" time="36.75" duration="0.25" volume="204" string="5"/>
			<note pitch="55" time="37.0" duration="0.25" volume="204" string="4"/>
			<note pitch="40" time="37.0" duration="0.25" volume="204" string="5"/>
			<note pitch="54" time="37.25" duration="0.25" volume="204" string="4"/>
			<note pitch="40" time="37.25" duration="0.25" volume="204" string="5"/>
			<note pitch="52" time="37.5" duration="0.25" volume="204" string="4"/>
			<note pitch="40" time="37.5" duration="0.25" volume="204" string="5"/>
			<note pitch="52" time="37.75" duration="0.5" volume="204" string="4"/>
			<note pitch="48" time="37.75" duration="0.5" volume="204" string="5"/>
			<note pitch="52" time="38.25" duration="0.25" volume="204" string="4"/>
			<note pitch="48" time="38.25" duration="0.25" volume="204" string="5"/>
			<note pitch="45" time="38.5" duration="0.25" volume="204" string="4"/>
			<note pitch="40" time="38.5" duration="0.25" volume="204" string="5"/>
			<note pitch="47" time="38.75" duration="0.5" volume="204" string="4"/>
			<note pitch="43" time="38.75" duration="0.5" volume="204" string="5"/>
			<note pitch="50" time="39.25" duration="0.25" volume="204" string="3"/>
			<note pitch="52" time="39.25" duration="0.25" volume="204" string="4"/>
			<note pitch="45" time="39.25" duration="0.25" volume="204" string="5"/>
			<note pitch="50" time="39.5" duration="0.5" volume="204" string="3"/>
			<note pitch="52" time="39.5" duration="0.5" volume="204" string="4"/>
			<note pitch="45" time="39.5" duration="0.5" volume="204" string="5"/>
			<note pitch="52" time="40.0" duration="0.5" volume="204" string="4"/>
			<note pitch="40" time="40.0" duration="0.5" volume="204" string="5"/>
			<note pitch="52" time="40.5" duration="0.25" volume="204" string="4"/>
			<note pitch="40" time="40.5" duration="0.25" volume="204" string="5"/>
			<note pitch="54" time="40.75" duration="0.25" volume="204" string="4"/>
			<note pitch="40" time="40.75" duration="0.25" volume="204" string="5"/>
			<note pitch="55" time="41.0" duration="0.25" volume="204" string="4"/>
			<note pitch="40" time="41.0" duration="0.25" volume="204" string="5"/>
			<note pitch="54" time="41.25" duration="0.25" volume="204" string="4"/>
			<note pitch="40" time="41.25" duration="0.25" volume="204" string="5"/>
			<note pitch="52" time="41.5" duration="0.25" volume="204" string="4"/>
			<note pitch="40" time="41.5" duration="0.25" volume="204" string="5"/>
			<note pitch="52" time="41.75" duration="0.5" volume="204" string="4"/>
			<note pitch="48" time="41.75" duration="0.5" volume="204" string="5"/>
			<note pitch="52" time="42.25" duration="0.25" volume="204" string="4"/>
			<note pitch="48" time="42.25" duration="0.25" volume="204" string="5"/>
			<note pitch="45" time="42.5" duration="0.25" volume="204" string="4"/>
			<note pitch="40" time="42.5" duration="0.25" volume="204" string="5"/>
			<note pitch="47" time="42.75" duration="0.5" volume="204" string="4"/>
			<note pitch="43" time="42.75" duration="0.5" volume="204" string="5"/>
			<note pitch="49" time="43.25" duration="0.25" volume="204" string="4"/>
			<note pitch="45" time="43.25" duration="0.25" volume="204" string="5"/>
			<note pitch="49" time="43.5" duration="0.125" volume="204" fx="hammer" linked_to="9" string="4"/>
			<note pitch="45" time="43.5" duration="0.5" volume="204" string="5"/>
			<note pitch="50" time="43.625" duration="0.125" volume="204" fx="hammer" linked_to="10" id="9" string="4"/>
			<note pitch="49" time="43.75" duration="0.25" volume="204" id="10" string="4"/>
			<note pitch="52" time="44.0" duration="0.25" volume="204" string="4"/>
			<note pitch="40" time="44.0" duration="0.25" volume="204" string="5"/>
			<note pitch="59" time="44.25" duration="0.25" volume="204" string="3"/>
			<note pitch="52" time="44.25" duration="0.25" volume="204" string="4"/>
			<note pitch="52" time="44.5" duration="0.25" volume="204" string="4"/>
			<note pitch="40" time="44.5" duration="0.25" volume="204" string="5"/>
			<note pitch="55" time="44.75" duration="0.25" volume="204" string="4"/>
			<note pitch="40" time="44.75" duration="0.25" volume="204" string="5"/>
			<note pitch="52" time="45.0" duration="0.25" volume="204" string="4"/>
			<note pitch="40" time="45.0" duration="0.25" volume="204" string="5"/>
			<note pitch="57" time="45.25" duration="0.25" volume="204" string="3"/>
			<note pitch="52" time="45.25" duration="0.25" volume="204" string="4"/>
			<note pitch="52" time="45.5" duration="0.25" volume="204" string="4"/>
			<note pitch="40" time="45.5" duration="0.25" volume="204" string="5"/>
			<note pitch="52" time="45.75" duration="0.5" volume="204" string="4"/>
			<note pitch="48" time="45.75" duration="0.5" volume="204" string="5"/>
			<note pitch="52" time="46.25" duration="0.25" volume="204" string="4"/>
			<note pitch="48" time="46.25" duration="0.25" volume="204" string="5"/>
			<note pitch="45" time="46.5" duration="0.25" volume="204" string="4"/>
			<note pitch="40" time="46.5" duration="0.25" volume="204" string="5"/>
			<note pitch="54" time="46.75" duration="0.5" volume="204" string="4"/>
			<note pitch="50" time="46.75" duration="0.5" volume="204" string="5"/>
			<note pitch="54" time="47.25" duration="0.25" volume="204" string="4"/>
			<note pitch="50" time="47.25" duration="0.25" volume="204" string="5"/>
			<note pitch="54" time="47.5" duration="0.125" volume="204" fx="hammer" linked_to="11" string="4"/>
			<note pitch="50" time="47.5" duration="0.5" volume="204" string="5"/>
			<note pitch="55" time="47.625" duration="0.125" volume="204" fx="hammer" linked_to="12" id="11" string="4"/>
			<note pitch="54" time="47.75" duration="0.25" volume="204" id="12" string="4"/>
			<note pitch="50" time="48.0" duration="0.5" volume="204" string="3"/>
			<note pitch="57" time="48.0" duration="0.5" volume="204" string="2"/>
			<note pitch="62" time="48.0" duration="0.5" volume="204" string="1"/>
			<note pitch="64" time="48.0" duration="0.5" volume="204" string="0"/>
			<note pitch="57" time="48.5" duration="0.25" volume="204" string="2"/>
			<note pitch="62" time="48.5" duration="0.25" volume="204" string="1"/>
			<note pitch="55" time="48.75" duration="0.25" volume="204" string="2"/>
			<note pitch="59" time="48.75" duration="0.25" volume="204" string="1"/>
			<note pitch="45" time="49.0" duration="0.5" volume="204" string="4"/>
			<note pitch="52" time="49.0" duration="0.5" volume="204" string="3"/>
			<note pitch="57" time="49.0" duration="0.5" volume="204" string="2"/>
			<note pitch="59" time="49.0" duration="0.5" volume="204" string="1"/>
			<note pitch="64" time="49.0" duration="0.5" volume="204" string="0"/>
			<note pitch="52" time="49.5" duration="0.25" volume="204" string="3"/>
			<note pitch="57" time="49.5" duration="0.25" volume="204" string="2"/>
			<note pitch="59" time="49.5" duration="0.25" volume="204" string="1"/>
			<note pitch="55" time="49.75" duration="0.25" volume="204" string="2"/>
			<note pitch="50" time="49.75" duration="0.25" volume="204" string="3"/>
			<note pitch="48" time="50.0" duration="0.5" volume="204" string="4"/>
			<note pitch="52" time="50.0" duration="0.5" volume="204" string="3"/>
			<note pitch="55" time="50.0" duration="0.5" volume="204" string="2"/>
			<note pitch="60" time="50.0" duration="0.5" volume="204" string="1"/>
			<note pitch="64" time="50.0" duration="0.5" volume="204" string="0"/>
		</notes>
	</partition>
</song>