<?xml version="1.0" encoding="utf-8"?>

<song version="0.12" lang="en">
	<title>Flowers for Beata</title>
	<authors>Jimmy O'Regan</authors>
	<copyright>Copyright 2004 by Jimmy O'Regan</copyright>
	<comments></comments>
	<bars>
		<bar rythm="4/4" tempo="60" syncope="0"/>
		<bar rythm="4/4" tempo="60" syncope="0"/>
		<bar rythm="4/4" tempo="60" syncope="0"/>
		<bar rythm="4/4" tempo="60" syncope="0"/>
		<bar rythm="4/4" tempo="60" syncope="0"/>
		<bar rythm="4/4" tempo="60" syncope="0"/>
	</bars>
	<playlist>
	</playlist>
	<partition volume="255" muted="0" chorus="0" instrument="24" capo="0" reverb="0">
		<header>Guitar</header>
		<view type="tablature">
			<strings>
				<string pitch="61" notation="top"/>
				<string pitch="56" notation="top"/>
				<string pitch="52" notation="top"/>
				<string pitch="47" notation="down"/>
				<string pitch="42" notation="down"/>
				<string pitch="37" notation="down"/>
			</strings>
		</view>
		<notes>
			<note pitch="59" time="0.0" duration="0.5" volume="204" string="3"/>
			<note pitch="68" time="0.5" duration="0.25" volume="204" string="2"/>
			<note pitch="59" time="0.75" duration="0.25" volume="204" string="3"/>
			<note pitch="66" time="1.0" duration="1.0" volume="204" string="2"/>
			<note pitch="61" time="2.0" duration="0.25" volume="204" string="3"/>
			<note pitch="61" time="2.25" duration="0.25" volume="204" string="3"/>
			<note pitch="63" time="2.5" duration="0.25" volume="204" string="3"/>
			<note pitch="64" time="2.75" duration="0.25" volume="204" string="3"/>
			<note pitch="61" time="3.0" duration="0.25" volume="204" string="3"/>
			<note pitch="63" time="3.25" duration="0.25" volume="204" string="3"/>
			<note pitch="64" time="3.5" duration="0.25" volume="204" string="3"/>
			<note pitch="66" time="3.75" duration="0.5" volume="204" string="3"/>
			<note pitch="59" time="4.25" duration="0.5" volume="204" string="3"/>
			<note pitch="68" time="4.75" duration="0.25" volume="204" string="2"/>
			<note pitch="59" time="5.0" duration="0.25" volume="204" string="3"/>
			<note pitch="66" time="5.25" duration="0.5" volume="204" string="2"/>
			<note pitch="61" time="6.0" duration="0.25" volume="204" string="3"/>
			<note pitch="66" time="6.25" duration="0.25" volume="204" string="2"/>
			<note pitch="64" time="6.5" duration="0.25" volume="204" string="3"/>
			<note pitch="63" time="6.75" duration="0.25" volume="204" string="3"/>
			<note pitch="61" time="7.0" duration="0.25" volume="204" string="3"/>
			<note pitch="59" time="7.25" duration="0.5" volume="204" string="4"/>
			<note pitch="54" time="8.0" duration="0.5" volume="204" string="4"/>
			<note pitch="61" time="8.5" duration="0.25" volume="204" string="3"/>
			<note pitch="63" time="8.75" duration="0.25" volume="204" string="3"/>
			<note pitch="64" time="9.0" duration="1.0" volume="204" string="3"/>
			<note pitch="61" time="10.0" duration="0.25" volume="204" string="3"/>
			<note pitch="61" time="10.25" duration="0.25" volume="204" string="3"/>
			<note pitch="63" time="10.5" duration="0.25" volume="204" string="3"/>
			<note pitch="64" time="10.75" duration="0.25" volume="204" string="3"/>
			<note pitch="61" time="11.0" duration="0.25" volume="204" string="3"/>
			<note pitch="63" time="11.25" duration="0.25" volume="204" string="3"/>
			<note pitch="64" time="11.5" duration="0.25" volume="204" string="3"/>
			<note pitch="66" time="11.75" duration="0.5" volume="204" string="3"/>
			<note pitch="54" time="12.25" duration="0.5" volume="204" string="4"/>
			<note pitch="61" time="12.75" duration="0.25" volume="204" string="3"/>
			<note pitch="63" time="13.0" duration="0.25" volume="204" string="3"/>
			<note pitch="64" time="13.25" duration="0.5" volume="204" string="3"/>
			<note pitch="61" time="14.0" duration="0.25" volume="204" string="3"/>
			<note pitch="64" time="14.25" duration="0.25" volume="204" string="3"/>
			<note pitch="63" time="14.5" duration="0.25" volume="204" string="3"/>
			<note pitch="61" time="14.75" duration="0.25" volume="204" string="3"/>
			<note pitch="68" time="15.0" duration="0.25" volume="204" string="2"/>
			<note pitch="66" time="15.25" duration="0.75" volume="204" string="2"/>
			<note pitch="54" time="16.0" duration="0.25" volume="204" string="3"/>
			<note pitch="47" time="16.25" duration="0.25" volume="204" string="3"/>
			<note pitch="51" time="16.5" duration="0.25" volume="204" string="3"/>
			<note pitch="52" time="16.75" duration="0.25" volume="204" string="3"/>
			<note pitch="49" time="17.0" duration="0.25" volume="204" string="4"/>
			<note pitch="42" time="17.25" duration="0.25" volume="204" string="4"/>
			<note pitch="46" time="17.5" duration="0.25" volume="204" string="4"/>
			<note pitch="47" time="17.75" duration="0.25" volume="204" string="4"/>
			<note pitch="47" time="18.0" duration="0.25" volume="204" string="4"/>
			<note pitch="46" time="18.25" duration="0.25" volume="204" string="4"/>
			<note pitch="44" time="18.5" duration="0.25" volume="204" string="5"/>
			<note pitch="42" time="18.75" duration="0.25" volume="204" string="5"/>
			<note pitch="42" time="19.0" duration="0.25" volume="204" string="5"/>
			<note pitch="46" time="19.25" duration="0.25" volume="204" string="4"/>
			<note pitch="49" time="19.5" duration="0.25" volume="204" string="4"/>
			<note pitch="52" time="19.75" duration="0.25" volume="204" string="3"/>
			<note pitch="54" time="20.0" duration="0.25" volume="204" string="3"/>
			<note pitch="47" time="20.25" duration="0.25" volume="204" string="3"/>
			<note pitch="51" time="20.5" duration="0.25" volume="204" string="3"/>
			<note pitch="52" time="20.75" duration="0.25" volume="204" string="3"/>
			<note pitch="49" time="21.0" duration="0.25" volume="204" string="4"/>
			<note pitch="42" time="21.25" duration="0.25" volume="204" string="4"/>
			<note pitch="46" time="21.5" duration="0.25" volume="204" string="4"/>
			<note pitch="47" time="21.75" duration="0.25" volume="204" string="4"/>
			<note pitch="47" time="22.0" duration="0.25" volume="204" string="4"/>
			<note pitch="46" time="22.25" duration="0.25" volume="204" string="4"/>
			<note pitch="44" time="22.5" duration="0.25" volume="204" string="5"/>
			<note pitch="42" time="22.75" duration="0.25" volume="204" string="5"/>
			<note pitch="42" time="23.0" duration="1.0" volume="204" string="5"/>
		</notes>
	</partition>
</song>