<?xml version="1.0" encoding="utf-8"?>

<song version="0.12" lang="en">
	<title>Jimmy's song</title>
	<authors>Jimmy</authors>
	<copyright>Copyright 2005 by Jimmy</copyright>
	<comments></comments>
	<bars>
		<bar rythm="4/4" tempo="120" syncope="0"/>
		<bar rythm="4/4" tempo="120" syncope="0"/>
		<bar rythm="4/4" tempo="120" syncope="0"/>
	</bars>
	<playlist>
	</playlist>
	<partition volume="255" muted="0" chorus="0" instrument="24" capo="0" reverb="0">
		<header>Guitar</header>
		<view type="tablature">
			<strings>
				<string pitch="64" notation="top"/>
				<string pitch="59" notation="top"/>
				<string pitch="55" notation="top"/>
				<string pitch="50" notation="down"/>
				<string pitch="45" notation="down"/>
				<string pitch="40" notation="down"/>
			</strings>
		</view>
		<notes>
			<note pitch="64" time="0.0" duration="0.25" volume="204" string="0"/>
			<note pitch="69" time="0.25" duration="0.25" volume="204" string="0"/>
			<note pitch="72" time="0.5" duration="0.25" volume="204" string="0"/>
			<note pitch="76" time="0.75" duration="0.25" volume="204" string="0"/>
			<note pitch="72" time="1.0" duration="0.25" volume="204" string="0"/>
			<note pitch="76" time="1.25" duration="0.25" volume="204" string="0"/>
			<note pitch="72" time="1.5" duration="0.25" volume="204" string="0"/>
			<note pitch="69" time="1.75" duration="0.25" volume="204" string="0"/>
			<note pitch="64" time="2.0" duration="0.25" volume="204" string="0"/>
			<note pitch="68" time="2.25" duration="0.25" volume="204" string="0"/>
			<note pitch="71" time="2.5" duration="0.25" volume="204" string="0"/>
			<note pitch="76" time="2.75" duration="0.25" volume="204" string="0"/>
			<note pitch="71" time="3.0" duration="0.25" volume="204" string="0"/>
			<note pitch="76" time="3.25" duration="0.25" volume="204" string="0"/>
			<note pitch="71" time="3.5" duration="0.25" volume="204" string="0"/>
			<note pitch="68" time="3.75" duration="0.25" volume="204" string="0"/>
			<note pitch="64" time="4.0" duration="0.25" volume="204" string="0"/>
			<note pitch="67" time="4.25" duration="0.25" volume="204" string="0"/>
			<note pitch="70" time="4.5" duration="0.25" volume="204" string="0"/>
			<note pitch="76" time="4.75" duration="0.25" volume="204" string="0"/>
			<note pitch="70" time="5.0" duration="0.25" volume="204" string="0"/>
			<note pitch="76" time="5.25" duration="0.25" volume="204" string="0"/>
			<note pitch="70" time="5.5" duration="0.25" volume="204" string="0"/>
			<note pitch="67" time="5.75" duration="0.25" volume="204" string="0"/>
			<note pitch="64" time="6.0" duration="0.25" volume="204" string="0"/>
			<note pitch="66" time="6.25" duration="0.25" volume="204" string="0"/>
			<note pitch="69" time="6.5" duration="0.25" volume="204" string="0"/>
			<note pitch="74" time="6.75" duration="0.25" volume="204" string="0"/>
			<note pitch="69" time="7.0" duration="0.25" volume="204" string="0"/>
			<note pitch="74" time="7.25" duration="0.25" volume="204" string="0"/>
			<note pitch="69" time="7.5" duration="0.25" volume="204" string="0"/>
			<note pitch="66" time="7.75" duration="0.25" volume="204" string="0"/>
			<note pitch="64" time="8.0" duration="0.25" volume="204" string="0"/>
		</notes>
	</partition>
</song>