<?xml version="1.0" encoding="utf-8"?>

<song version="0.12" lang="en">
	<title>Melodic death metal</title>
	<authors>Jimmy O'Regan</authors>
	<copyright>2003/4 Jimmy O'Regan</copyright>
	<comments></comments>
	<bars>
		<bar rythm="4/4" tempo="120" syncope="0"/>
		<bar rythm="4/4" tempo="120" syncope="0"/>
		<bar rythm="4/4" tempo="120" syncope="0"/>
		<bar rythm="4/4" tempo="120" syncope="0"/>
		<bar rythm="4/4" tempo="120" syncope="0"/>
		<bar rythm="4/4" tempo="120" syncope="0"/>
		<bar rythm="4/4" tempo="120" syncope="0"/>
		<bar rythm="4/4" tempo="120" syncope="0"/>
		<bar rythm="4/4" tempo="90" syncope="0"/>
		<bar rythm="4/4" tempo="90" syncope="0"/>
		<bar rythm="4/4" tempo="90" syncope="0"/>
		<bar rythm="4/4" tempo="90" syncope="0"/>
		<bar rythm="4/4" tempo="90" syncope="0"/>
		<bar rythm="4/4" tempo="90" syncope="0"/>
		<bar rythm="4/4" tempo="90" syncope="0"/>
		<bar rythm="2/4" tempo="90" syncope="0"/>
		<bar rythm="4/4" tempo="90" syncope="0"/>
		<bar rythm="4/4" tempo="90" syncope="0"/>
		<bar rythm="4/4" tempo="90" syncope="0"/>
		<bar rythm="4/4" tempo="90" syncope="0"/>
		<bar rythm="4/4" tempo="90" syncope="0"/>
	</bars>
	<playlist>
		<play from="0" to="7"/>
		<play from="0" to="7"/>
		<play from="8" to="8"/>
		<play from="8" to="8"/>
		<play from="9" to="12"/>
		<play from="9" to="12"/>
		<play from="13" to="14"/>
		<play from="13" to="14"/>
		<play from="15" to="15"/>
		<play from="16" to="19"/>
		<play from="16" to="19"/>
	</playlist>
	<partition volume="255" muted="0" chorus="0" instrument="27" capo="0" reverb="0">
		<header>Clean</header>
		<view type="tablature">
			<strings>
				<string pitch="64" notation="down"/>
				<string pitch="59" notation="down"/>
				<string pitch="55" notation="down"/>
				<string pitch="50" notation="down"/>
				<string pitch="45" notation="down"/>
				<string pitch="40" notation="down"/>
			</strings>
		</view>
		<notes>
			<note pitch="46" time="0.0" duration="0.5" volume="204" string="4"/>
			<note pitch="52" time="0.5" duration="0.5" volume="204" string="3"/>
			<note pitch="57" time="1.0" duration="0.5" volume="204" string="2"/>
			<note pitch="46" time="1.5" duration="0.5" volume="204" string="4"/>
			<note pitch="57" time="2.0" duration="0.5" volume="204" string="2"/>
			<note pitch="52" time="2.5" duration="0.5" volume="204" string="3"/>
			<note pitch="46" time="3.0" duration="0.5" volume="204" string="4"/>
			<note pitch="52" time="3.5" duration="0.5" volume="204" string="3"/>
			<note pitch="48" time="4.0" duration="0.5" volume="204" string="4"/>
			<note pitch="52" time="4.5" duration="0.5" volume="204" string="3"/>
			<note pitch="57" time="5.0" duration="0.5" volume="204" string="2"/>
			<note pitch="48" time="5.5" duration="0.5" volume="204" string="4"/>
			<note pitch="57" time="6.0" duration="0.5" volume="204" string="2"/>
			<note pitch="52" time="6.5" duration="0.5" volume="204" string="3"/>
			<note pitch="55" time="7.0" duration="0.5" volume="204" string="2"/>
			<note pitch="52" time="7.5" duration="0.5" volume="204" string="3"/>
			<note pitch="50" time="8.0" duration="0.5" volume="204" string="4"/>
			<note pitch="52" time="8.5" duration="0.5" volume="204" string="3"/>
			<note pitch="57" time="9.0" duration="0.5" volume="204" string="2"/>
			<note pitch="50" time="9.5" duration="0.5" volume="204" string="4"/>
			<note pitch="57" time="10.0" duration="0.5" volume="204" string="2"/>
			<note pitch="52" time="10.5" duration="0.5" volume="204" string="3"/>
			<note pitch="50" time="11.0" duration="0.5" volume="204" string="4"/>
			<note pitch="52" time="11.5" duration="1.0" volume="204" string="3"/>
			<note pitch="50" time="12.5" duration="0.5" volume="204" string="4"/>
			<note pitch="53" time="13.0" duration="0.5" volume="204" string="3"/>
			<note pitch="50" time="13.5" duration="0.5" volume="204" string="4"/>
			<note pitch="57" time="14.0" duration="0.5" volume="204" string="2"/>
			<note pitch="53" time="14.5" duration="0.5" volume="204" string="3"/>
			<note pitch="50" time="15.0" duration="0.5" volume="204" string="4"/>
			<note pitch="53" time="15.5" duration="0.5" volume="204" string="3"/>
			<note pitch="46" time="16.0" duration="0.5" volume="204" string="4"/>
			<note pitch="52" time="16.5" duration="0.5" volume="204" string="3"/>
			<note pitch="57" time="17.0" duration="0.5" volume="204" string="2"/>
			<note pitch="46" time="17.5" duration="0.5" volume="204" string="4"/>
			<note pitch="57" time="18.0" duration="0.5" volume="204" string="2"/>
			<note pitch="52" time="18.5" duration="0.5" volume="204" string="3"/>
			<note pitch="46" time="19.0" duration="0.5" volume="204" string="4"/>
			<note pitch="52" time="19.5" duration="0.5" volume="204" string="3"/>
			<note pitch="48" time="20.0" duration="0.5" volume="204" string="4"/>
			<note pitch="52" time="20.5" duration="0.5" volume="204" string="3"/>
			<note pitch="57" time="21.0" duration="0.5" volume="204" string="2"/>
			<note pitch="48" time="21.5" duration="0.5" volume="204" string="4"/>
			<note pitch="57" time="22.0" duration="0.5" volume="204" string="2"/>
			<note pitch="52" time="22.5" duration="0.5" volume="204" string="3"/>
			<note pitch="55" time="23.0" duration="0.5" volume="204" string="2"/>
			<note pitch="52" time="23.5" duration="0.5" volume="204" string="3"/>
			<note pitch="50" time="24.0" duration="0.5" volume="204" string="4"/>
			<note pitch="52" time="24.5" duration="0.5" volume="204" string="3"/>
			<note pitch="57" time="25.0" duration="0.5" volume="204" string="2"/>
			<note pitch="50" time="25.5" duration="0.5" volume="204" string="4"/>
			<note pitch="57" time="26.0" duration="0.5" volume="204" string="2"/>
			<note pitch="52" time="26.5" duration="0.5" volume="204" string="3"/>
			<note pitch="50" time="27.0" duration="0.5" volume="204" string="4"/>
			<note pitch="52" time="27.5" duration="1.0" volume="204" string="3"/>
			<note pitch="50" time="28.5" duration="0.5" volume="204" string="4"/>
			<note pitch="53" time="29.0" duration="0.5" volume="204" string="3"/>
			<note pitch="50" time="29.5" duration="0.5" volume="204" string="4"/>
			<note pitch="57" time="30.0" duration="0.5" volume="204" string="2"/>
			<note pitch="53" time="30.5" duration="0.5" volume="204" string="3"/>
			<note pitch="50" time="31.0" duration="0.5" volume="204" string="4"/>
			<note pitch="53" time="31.5" duration="0.5" volume="204" string="3"/>
		</notes>
	</partition>
	<partition volume="255" muted="0" chorus="0" instrument="29" capo="0" reverb="0">
		<header>Distorted</header>
		<view type="tablature">
			<strings>
				<string pitch="64" notation="down"/>
				<string pitch="59" notation="down"/>
				<string pitch="55" notation="down"/>
				<string pitch="50" notation="down"/>
				<string pitch="45" notation="down"/>
				<string pitch="40" notation="down"/>
			</strings>
		</view>
		<notes>
			<note pitch="40" time="32.0" duration="0.125" volume="204" string="5"/>
			<note pitch="40" time="32.125" duration="0.125" volume="204" string="5"/>
			<note pitch="40" time="32.25" duration="0.125" volume="204" string="5"/>
			<note pitch="50" time="32.5" duration="0.25" volume="204" fx="slide" linked_to="1" string="4"/>
			<note pitch="43" time="32.5" duration="0.25" volume="204" fx="slide" linked_to="2" string="5"/>
			<note pitch="49" time="32.75" duration="0.25" volume="204" id="1" string="4"/>
			<note pitch="42" time="32.75" duration="0.25" volume="204" id="2" string="5"/>
			<note pitch="40" time="33.0" duration="0.125" volume="204" string="5"/>
			<note pitch="40" time="33.125" duration="0.125" volume="204" string="5"/>
			<note pitch="40" time="33.25" duration="0.125" volume="204" string="5"/>
			<note pitch="52" time="33.5" duration="0.25" volume="204" fx="slide" linked_to="3" string="4"/>
			<note pitch="45" time="33.5" duration="0.25" volume="204" fx="slide" linked_to="4" string="5"/>
			<note pitch="50" time="33.75" duration="0.25" volume="204" id="3" string="4"/>
			<note pitch="43" time="33.75" duration="0.25" volume="204" id="4" string="5"/>
			<note pitch="40" time="34.0" duration="0.125" volume="204" string="5"/>
			<note pitch="40" time="34.125" duration="0.125" volume="204" string="5"/>
			<note pitch="40" time="34.25" duration="0.125" volume="204" string="5"/>
			<note pitch="52" time="34.5" duration="0.25" volume="204" fx="slide" linked_to="5" string="4"/>
			<note pitch="45" time="34.5" duration="0.25" volume="204" fx="slide" linked_to="6" string="5"/>
			<note pitch="49" time="34.75" duration="0.25" volume="204" id="5" string="4"/>
			<note pitch="42" time="34.75" duration="0.25" volume="204" id="6" string="5"/>
			<note pitch="40" time="35.0" duration="0.125" volume="204" string="5"/>
			<note pitch="40" time="35.125" duration="0.125" volume="204" string="5"/>
			<note pitch="40" time="35.25" duration="0.125" volume="204" string="5"/>
			<note pitch="50" time="35.5" duration="0.5" volume="204" string="4"/>
			<note pitch="43" time="35.5" duration="0.5" volume="204" string="5"/>
			<note pitch="40" time="36.0" duration="0.125" volume="204" string="5"/>
			<note pitch="40" time="36.125" duration="0.125" volume="204" string="5"/>
			<note pitch="40" time="36.25" duration="0.125" volume="204" string="5"/>
			<note pitch="40" time="36.375" duration="0.125" volume="204" string="5"/>
			<note pitch="40" time="36.5" duration="0.125" volume="204" string="5"/>
			<note pitch="40" time="36.625" duration="0.125" volume="204" string="5"/>
			<note pitch="40" time="36.75" duration="0.125" volume="204" string="5"/>
			<note pitch="40" time="36.875" duration="0.125" volume="204" string="5"/>
			<note pitch="40" time="37.0" duration="0.125" volume="204" string="5"/>
			<note pitch="40" time="37.125" duration="0.125" volume="204" string="5"/>
			<note pitch="40" time="37.25" duration="0.125" volume="204" string="5"/>
			<note pitch="40" time="37.375" duration="0.125" volume="204" string="5"/>
			<note pitch="40" time="37.5" duration="0.125" volume="204" string="5"/>
			<note pitch="40" time="37.625" duration="0.125" volume="204" string="5"/>
			<note pitch="40" time="37.75" duration="0.125" volume="204" string="5"/>
			<note pitch="40" time="37.875" duration="0.125" volume="204" string="5"/>
			<note pitch="40" time="38.0" duration="0.125" volume="204" string="5"/>
			<note pitch="40" time="38.125" duration="0.125" volume="204" string="5"/>
			<note pitch="40" time="38.25" duration="0.125" volume="204" string="5"/>
			<note pitch="40" time="38.375" duration="0.125" volume="204" string="5"/>
			<note pitch="40" time="38.5" duration="0.125" volume="204" string="5"/>
			<note pitch="40" time="38.625" duration="0.125" volume="204" string="5"/>
			<note pitch="40" time="38.75" duration="0.125" volume="204" string="5"/>
			<note pitch="40" time="38.875" duration="0.125" volume="204" string="5"/>
			<note pitch="57" time="39.0" duration="0.25" volume="204" string="3"/>
			<note pitch="53" time="39.25" duration="0.25" volume="204" string="4"/>
			<note pitch="46" time="39.5" duration="0.25" volume="204" string="5"/>
			<note pitch="52" time="39.75" duration="0.25" volume="204" string="4"/>
			<note pitch="40" time="40.0" duration="0.125" volume="204" string="5"/>
			<note pitch="40" time="40.125" duration="0.125" volume="204" string="5"/>
			<note pitch="40" time="40.25" duration="0.125" volume="204" string="5"/>
			<note pitch="40" time="40.375" duration="0.125" volume="204" string="5"/>
			<note pitch="40" time="40.5" duration="0.125" volume="204" string="5"/>
			<note pitch="40" time="40.625" duration="0.125" volume="204" string="5"/>
			<note pitch="40" time="40.75" duration="0.125" volume="204" string="5"/>
			<note pitch="40" time="40.875" duration="0.125" volume="204" string="5"/>
			<note pitch="40" time="41.0" duration="0.125" volume="204" string="5"/>
			<note pitch="40" time="41.125" duration="0.125" volume="204" string="5"/>
			<note pitch="40" time="41.25" duration="0.125" volume="204" string="5"/>
			<note pitch="40" time="41.375" duration="0.125" volume="204" string="5"/>
			<note pitch="40" time="41.5" duration="0.125" volume="204" string="5"/>
			<note pitch="40" time="41.625" duration="0.125" volume="204" string="5"/>
			<note pitch="40" time="41.75" duration="0.125" volume="204" string="5"/>
			<note pitch="40" time="41.875" duration="0.125" volume="204" string="5"/>
			<note pitch="40" time="42.0" duration="0.125" volume="204" string="5"/>
			<note pitch="40" time="42.125" duration="0.125" volume="204" string="5"/>
			<note pitch="40" time="42.25" duration="0.125" volume="204" string="5"/>
			<note pitch="40" time="42.375" duration="0.125" volume="204" string="5"/>
			<note pitch="40" time="42.5" duration="0.125" volume="204" string="5"/>
			<note pitch="40" time="42.625" duration="0.125" volume="204" string="5"/>
			<note pitch="40" time="42.75" duration="0.125" volume="204" string="5"/>
			<note pitch="40" time="42.875" duration="0.125" volume="204" string="5"/>
			<note pitch="57" time="43.0" duration="0.25" volume="204" string="3"/>
			<note pitch="53" time="43.25" duration="0.25" volume="204" string="4"/>
			<note pitch="46" time="43.5" duration="0.25" volume="204" string="5"/>
			<note pitch="52" time="43.75" duration="0.25" volume="204" string="4"/>
			<note pitch="40" time="44.0" duration="0.125" volume="204" string="5"/>
			<note pitch="40" time="44.125" duration="0.125" volume="204" string="5"/>
			<note pitch="40" time="44.25" duration="0.125" volume="204" string="5"/>
			<note pitch="40" time="44.375" duration="0.125" volume="204" string="5"/>
			<note pitch="40" time="44.5" duration="0.125" volume="204" string="5"/>
			<note pitch="40" time="44.625" duration="0.125" volume="204" string="5"/>
			<note pitch="40" time="44.75" duration="0.125" volume="204" string="5"/>
			<note pitch="40" time="44.875" duration="0.125" volume="204" string="5"/>
			<note pitch="40" time="45.0" duration="0.125" volume="204" string="5"/>
			<note pitch="40" time="45.125" duration="0.125" volume="204" string="5"/>
			<note pitch="40" time="45.25" duration="0.125" volume="204" string="5"/>
			<note pitch="40" time="45.375" duration="0.125" volume="204" string="5"/>
			<note pitch="40" time="45.5" duration="0.125" volume="204" string="5"/>
			<note pitch="40" time="45.625" duration="0.125" volume="204" string="5"/>
			<note pitch="40" time="45.75" duration="0.125" volume="204" string="5"/>
			<note pitch="40" time="45.875" duration="0.125" volume="204" string="5"/>
			<note pitch="40" time="46.0" duration="0.125" volume="204" string="5"/>
			<note pitch="40" time="46.125" duration="0.125" volume="204" string="5"/>
			<note pitch="40" time="46.25" duration="0.125" volume="204" string="5"/>
			<note pitch="40" time="46.375" duration="0.125" volume="204" string="5"/>
			<note pitch="40" time="46.5" duration="0.125" volume="204" string="5"/>
			<note pitch="40" time="46.625" duration="0.125" volume="204" string="5"/>
			<note pitch="40" time="46.75" duration="0.125" volume="204" string="5"/>
			<note pitch="40" time="46.875" duration="0.125" volume="204" string="5"/>
			<note pitch="57" time="47.0" duration="0.25" volume="204" string="3"/>
			<note pitch="53" time="47.25" duration="0.25" volume="204" string="4"/>
			<note pitch="46" time="47.5" duration="0.25" volume="204" string="5"/>
			<note pitch="52" time="47.75" duration="0.25" volume="204" string="4"/>
			<note pitch="40" time="48.0" duration="0.125" volume="204" string="5"/>
			<note pitch="40" time="48.125" duration="0.125" volume="204" string="5"/>
			<note pitch="40" time="48.25" duration="0.125" volume="204" string="5"/>
			<note pitch="40" time="48.375" duration="0.125" volume="204" string="5"/>
			<note pitch="40" time="48.5" duration="0.125" volume="204" string="5"/>
			<note pitch="40" time="48.625" duration="0.125" volume="204" string="5"/>
			<note pitch="40" time="48.75" duration="0.125" volume="204" string="5"/>
			<note pitch="40" time="48.875" duration="0.125" volume="204" string="5"/>
			<note pitch="40" time="49.0" duration="0.125" volume="204" string="5"/>
			<note pitch="40" time="49.125" duration="0.125" volume="204" string="5"/>
			<note pitch="40" time="49.25" duration="0.125" volume="204" string="5"/>
			<note pitch="40" time="49.375" duration="0.125" volume="204" string="5"/>
			<note pitch="40" time="49.5" duration="0.125" volume="204" string="5"/>
			<note pitch="40" time="49.625" duration="0.125" volume="204" string="5"/>
			<note pitch="40" time="49.75" duration="0.125" volume="204" string="5"/>
			<note pitch="40" time="49.875" duration="0.125" volume="204" string="5"/>
			<note pitch="53" time="50.0" duration="1.0" volume="204" string="4"/>
			<note pitch="46" time="50.0" duration="1.0" volume="204" string="5"/>
			<note pitch="57" time="51.0" duration="0.25" volume="204" string="3"/>
			<note pitch="53" time="51.25" duration="0.25" volume="204" string="4"/>
			<note pitch="46" time="51.5" duration="0.25" volume="204" string="5"/>
			<note pitch="52" time="51.75" duration="0.25" volume="204" string="4"/>
			<note pitch="40" time="52.0" duration="0.125" volume="204" string="5"/>
			<note pitch="40" time="52.125" duration="0.125" volume="204" string="5"/>
			<note pitch="40" time="52.25" duration="0.125" volume="204" string="5"/>
			<note pitch="40" time="52.375" duration="0.125" volume="204" string="5"/>
			<note pitch="40" time="52.5" duration="0.125" volume="204" string="5"/>
			<note pitch="40" time="52.625" duration="0.125" volume="204" string="5"/>
			<note pitch="40" time="52.75" duration="0.125" volume="204" string="5"/>
			<note pitch="40" time="52.875" duration="0.125" volume="204" string="5"/>
			<note pitch="47" time="53.0" duration="0.125" volume="204" string="5"/>
			<note pitch="47" time="53.125" duration="0.125" volume="204" string="5"/>
			<note pitch="47" time="53.25" duration="0.125" volume="204" string="5"/>
			<note pitch="47" time="53.375" duration="0.125" volume="204" string="5"/>
			<note pitch="47" time="53.5" duration="0.125" volume="204" string="5"/>
			<note pitch="47" time="53.625" duration="0.125" volume="204" string="5"/>
			<note pitch="47" time="53.75" duration="0.125" volume="204" string="5"/>
			<note pitch="47" time="53.875" duration="0.125" volume="204" string="5"/>
			<note pitch="46" time="54.0" duration="0.125" volume="204" string="5"/>
			<note pitch="46" time="54.125" duration="0.125" volume="204" string="5"/>
			<note pitch="46" time="54.25" duration="0.125" volume="204" string="5"/>
			<note pitch="46" time="54.375" duration="0.125" volume="204" string="5"/>
			<note pitch="46" time="54.5" duration="0.125" volume="204" string="5"/>
			<note pitch="46" time="54.625" duration="0.125" volume="204" string="5"/>
			<note pitch="46" time="54.75" duration="0.125" volume="204" string="5"/>
			<note pitch="46" time="54.875" duration="0.125" volume="204" string="5"/>
			<note pitch="50" time="55.0" duration="0.125" volume="204" string="5"/>
			<note pitch="50" time="55.125" duration="0.125" volume="204" string="5"/>
			<note pitch="50" time="55.25" duration="0.125" volume="204" string="5"/>
			<note pitch="50" time="55.375" duration="0.125" volume="204" string="5"/>
			<note pitch="50" time="55.5" duration="0.125" volume="204" string="5"/>
			<note pitch="50" time="55.625" duration="0.125" volume="204" string="5"/>
			<note pitch="50" time="55.75" duration="0.125" volume="204" string="5"/>
			<note pitch="50" time="55.875" duration="0.125" volume="204" string="5"/>
			<note pitch="40" time="56.0" duration="0.125" volume="204" string="5"/>
			<note pitch="40" time="56.125" duration="0.125" volume="204" string="5"/>
			<note pitch="40" time="56.25" duration="0.125" volume="204" string="5"/>
			<note pitch="40" time="56.375" duration="0.125" volume="204" string="5"/>
			<note pitch="40" time="56.5" duration="0.125" volume="204" string="5"/>
			<note pitch="40" time="56.625" duration="0.125" volume="204" string="5"/>
			<note pitch="40" time="56.75" duration="0.125" volume="204" string="5"/>
			<note pitch="40" time="56.875" duration="0.125" volume="204" string="5"/>
			<note pitch="47" time="57.0" duration="0.125" volume="204" string="5"/>
			<note pitch="47" time="57.125" duration="0.125" volume="204" string="5"/>
			<note pitch="47" time="57.25" duration="0.125" volume="204" string="5"/>
			<note pitch="47" time="57.375" duration="0.125" volume="204" string="5"/>
			<note pitch="47" time="57.5" duration="0.125" volume="204" string="5"/>
			<note pitch="47" time="57.625" duration="0.125" volume="204" string="5"/>
			<note pitch="47" time="57.75" duration="0.125" volume="204" string="5"/>
			<note pitch="47" time="57.875" duration="0.125" volume="204" string="5"/>
			<note pitch="46" time="58.0" duration="0.375" volume="204" string="5"/>
			<note pitch="52" time="58.5" duration="0.25" volume="204" string="4"/>
			<note pitch="53" time="58.75" duration="0.25" volume="204" string="4"/>
			<note pitch="57" time="59.0" duration="0.125" volume="204" fx="hammer" linked_to="7" string="3"/>
			<note pitch="60" time="59.125" duration="0.125" volume="204" id="7" string="3"/>
			<note pitch="57" time="59.25" duration="0.25" volume="204" string="3"/>
			<note pitch="53" time="59.5" duration="0.25" volume="204" string="4"/>
			<note pitch="52" time="59.75" duration="0.25" volume="204" string="4"/>
			<note pitch="45" time="60.0" duration="0.25" volume="204" string="5"/>
			<note pitch="46" time="60.25" duration="0.25" volume="204" string="5"/>
			<note pitch="52" time="60.5" duration="0.25" volume="204" string="4"/>
			<note pitch="53" time="60.75" duration="0.25" volume="204" string="4"/>
			<note pitch="57" time="61.0" duration="0.125" volume="204" fx="hammer" linked_to="8" string="3"/>
			<note pitch="60" time="61.125" duration="0.125" volume="204" fx="hammer" linked_to="9" id="8" string="3"/>
			<note pitch="57" time="61.25" duration="0.25" volume="204" id="9" string="3"/>
			<note pitch="53" time="61.5" duration="0.25" volume="204" string="4"/>
			<note pitch="52" time="61.75" duration="0.25" volume="204" string="4"/>
			<note pitch="52" time="62.0" duration="0.25" volume="204" string="4"/>
			<note pitch="57" time="62.0" duration="0.5" volume="204" string="3"/>
			<note pitch="52" time="62.0" duration="0.5" volume="204" string="4"/>
			<note pitch="46" time="62.0" duration="0.5" volume="204" string="5"/>
			<note pitch="46" time="62.5" duration="0.25" volume="204" string="5"/>
			<note pitch="46" time="62.75" duration="0.25" volume="204" string="5"/>
			<note pitch="57" time="63.0" duration="0.5" volume="204" string="3"/>
			<note pitch="52" time="63.0" duration="0.5" volume="204" string="4"/>
			<note pitch="46" time="63.0" duration="0.5" volume="204" string="5"/>
			<note pitch="46" time="63.5" duration="0.25" volume="204" string="5"/>
			<note pitch="46" time="63.75" duration="0.25" volume="204" string="5"/>
			<note pitch="57" time="64.0" duration="0.5" volume="204" string="3"/>
			<note pitch="52" time="64.0" duration="0.5" volume="204" string="4"/>
			<note pitch="48" time="64.0" duration="0.5" volume="204" string="5"/>
			<note pitch="48" time="64.5" duration="0.25" volume="204" string="5"/>
			<note pitch="48" time="64.75" duration="0.25" volume="204" string="5"/>
			<note pitch="57" time="65.0" duration="0.5" volume="204" string="3"/>
			<note pitch="52" time="65.0" duration="0.5" volume="204" string="4"/>
			<note pitch="48" time="65.0" duration="0.5" volume="204" string="5"/>
			<note pitch="48" time="65.5" duration="0.25" volume="204" string="5"/>
			<note pitch="48" time="65.75" duration="0.25" volume="204" string="5"/>
			<note pitch="57" time="66.0" duration="0.5" volume="204" string="3"/>
			<note pitch="52" time="66.0" duration="0.5" volume="204" string="4"/>
			<note pitch="50" time="66.0" duration="0.5" volume="204" string="5"/>
			<note pitch="50" time="66.5" duration="0.25" volume="204" string="5"/>
			<note pitch="50" time="66.75" duration="0.25" volume="204" string="5"/>
			<note pitch="57" time="67.0" duration="0.5" volume="204" string="3"/>
			<note pitch="52" time="67.0" duration="0.5" volume="204" string="4"/>
			<note pitch="50" time="67.0" duration="0.5" volume="204" string="5"/>
			<note pitch="50" time="67.5" duration="0.25" volume="204" string="5"/>
			<note pitch="50" time="67.75" duration="0.25" volume="204" string="5"/>
			<note pitch="58" time="68.0" duration="0.25" volume="204" fx="hammer" linked_to="10" string="3"/>
			<note pitch="57" time="68.25" duration="0.25" volume="204" id="10" string="3"/>
			<note pitch="53" time="68.5" duration="0.25" volume="204" fx="hammer" linked_to="11" string="4"/>
			<note pitch="52" time="68.75" duration="0.25" volume="204" id="11" string="4"/>
			<note pitch="48" time="69.0" duration="0.25" volume="204" string="5"/>
			<note pitch="50" time="69.25" duration="0.25" volume="204" string="5"/>
			<note pitch="57" time="69.5" duration="0.5" volume="204" string="3"/>
			<note pitch="57" time="70.0" duration="0.5" volume="204" string="3"/>
			<note pitch="52" time="70.0" duration="0.5" volume="204" string="4"/>
			<note pitch="46" time="70.0" duration="0.5" volume="204" string="5"/>
			<note pitch="46" time="70.5" duration="0.25" volume="204" string="5"/>
			<note pitch="46" time="70.75" duration="0.25" volume="204" string="5"/>
			<note pitch="57" time="71.0" duration="0.5" volume="204" string="3"/>
			<note pitch="52" time="71.0" duration="0.5" volume="204" string="4"/>
			<note pitch="46" time="71.0" duration="0.5" volume="204" string="5"/>
			<note pitch="46" time="71.5" duration="0.25" volume="204" string="5"/>
			<note pitch="46" time="71.75" duration="0.25" volume="204" string="5"/>
			<note pitch="57" time="72.0" duration="0.5" volume="204" string="3"/>
			<note pitch="52" time="72.0" duration="0.5" volume="204" string="4"/>
			<note pitch="48" time="72.0" duration="0.5" volume="204" string="5"/>
			<note pitch="48" time="72.5" duration="0.25" volume="204" string="5"/>
			<note pitch="48" time="72.75" duration="0.25" volume="204" string="5"/>
			<note pitch="57" time="73.0" duration="0.5" volume="204" string="3"/>
			<note pitch="52" time="73.0" duration="0.5" volume="204" string="4"/>
			<note pitch="48" time="73.0" duration="0.5" volume="204" string="5"/>
			<note pitch="48" time="73.5" duration="0.25" volume="204" string="5"/>
			<note pitch="48" time="73.75" duration="0.25" volume="204" string="5"/>
			<note pitch="57" time="74.0" duration="0.5" volume="204" string="3"/>
			<note pitch="52" time="74.0" duration="0.5" volume="204" string="4"/>
			<note pitch="50" time="74.0" duration="0.5" volume="204" string="5"/>
			<note pitch="50" time="74.5" duration="0.25" volume="204" string="5"/>
			<note pitch="50" time="74.75" duration="0.25" volume="204" string="5"/>
			<note pitch="57" time="75.0" duration="0.5" volume="204" string="3"/>
			<note pitch="52" time="75.0" duration="0.5" volume="204" string="4"/>
			<note pitch="50" time="75.0" duration="0.5" volume="204" string="5"/>
			<note pitch="50" time="75.5" duration="0.25" volume="204" string="5"/>
			<note pitch="50" time="75.75" duration="0.25" volume="204" string="5"/>
			<note pitch="50" time="76.0" duration="0.25" volume="204" string="5"/>
			<note pitch="50" time="76.25" duration="0.25" volume="204" string="5"/>
			<note pitch="57" time="76.5" duration="0.5" volume="204" string="3"/>
			<note pitch="53" time="76.5" duration="0.5" volume="204" string="4"/>
			<note pitch="50" time="76.5" duration="0.5" volume="204" string="5"/>
			<note pitch="50" time="77.0" duration="0.25" volume="204" string="5"/>
			<note pitch="50" time="77.25" duration="0.25" volume="204" string="5"/>
			<note pitch="57" time="77.5" duration="0.5" volume="204" string="3"/>
			<note pitch="52" time="77.5" duration="0.5" volume="204" string="4"/>
			<note pitch="50" time="77.5" duration="0.5" volume="204" string="5"/>
		</notes>
	</partition>
</song>