<?xml version="1.0" encoding="utf-8"?>

<song version="0.12" lang="en">
	<title>Jimmy's song</title>
	<authors>Jimmy</authors>
	<copyright>Copyright 2005 by Jimmy</copyright>
	<comments></comments>
	<bars>
		<bar rythm="6/4" tempo="90" syncope="0"/>
		<bar rythm="4/4" tempo="90" syncope="0"/>
		<bar rythm="4/4" tempo="90" syncope="0"/>
		<bar rythm="4/4" tempo="90" syncope="0"/>
	</bars>
	<playlist>
	</playlist>
	<partition volume="255" muted="0" chorus="0" instrument="29" capo="0" reverb="0">
		<header>Guitar</header>
		<view type="tablature">
			<strings>
				<string pitch="61" notation="top"/>
				<string pitch="56" notation="top"/>
				<string pitch="52" notation="top"/>
				<string pitch="47" notation="down"/>
				<string pitch="42" notation="down"/>
				<string pitch="35" notation="down"/>
			</strings>
		</view>
		<notes>
			<note pitch="35" time="0.0" duration="0.25" volume="204" string="5"/>
			<note pitch="37" time="0.25" duration="0.25" volume="204" string="5"/>
			<note pitch="38" time="0.5" duration="0.25" volume="204" string="5"/>
			<note pitch="44" time="0.75" duration="0.25" volume="204" string="4"/>
			<note pitch="38" time="1.0" duration="0.25" volume="204" string="5"/>
			<note pitch="35" time="1.25" duration="0.25" volume="204" string="5"/>
			<note pitch="36" time="1.5" duration="0.25" volume="204" string="5"/>
			<note pitch="45" time="1.75" duration="0.25" volume="204" string="4"/>
			<note pitch="36" time="2.0" duration="0.25" volume="204" string="5"/>
			<note pitch="35" time="2.25" duration="0.25" volume="204" string="5"/>
			<note pitch="40" time="2.5" duration="0.25" volume="204" string="5"/>
			<note pitch="41" time="2.75" duration="0.25" volume="204" string="5"/>
			<note pitch="47" time="3.0" duration="0.25" volume="204" string="4"/>
			<note pitch="41" time="3.25" duration="0.25" volume="204" string="5"/>
			<note pitch="40" time="3.5" duration="0.25" volume="204" string="5"/>
			<note pitch="35" time="3.75" duration="0.25" volume="204" string="5"/>
			<note pitch="38" time="4.0" duration="0.25" volume="204" string="5"/>
			<note pitch="46" time="4.25" duration="0.25" volume="204" string="4"/>
			<note pitch="38" time="4.5" duration="0.25" volume="204" string="5"/>
			<note pitch="35" time="4.75" duration="0.25" volume="204" string="5"/>
			<note pitch="42" time="4.75" duration="0.25" volume="204" string="4"/>
			<note pitch="36" time="5.0" duration="0.25" volume="204" string="5"/>
			<note pitch="43" time="5.0" duration="0.25" volume="204" string="4"/>
			<note pitch="36" time="5.25" duration="0.25" volume="204" string="5"/>
			<note pitch="43" time="5.25" duration="0.25" volume="204" string="4"/>
			<note pitch="38" time="5.5" duration="0.5" volume="204" string="5"/>
			<note pitch="45" time="5.5" duration="0.5" volume="204" string="4"/>
			<note pitch="48" time="6.0" duration="0.25" volume="204" string="4"/>
			<note pitch="35" time="6.25" duration="0.25" volume="204" string="5"/>
			<note pitch="35" time="6.5" duration="0.25" volume="204" string="5"/>
			<note pitch="36" time="6.75" duration="0.25" volume="204" string="5"/>
			<note pitch="35" time="7.0" duration="0.25" volume="204" string="5"/>
			<note pitch="35" time="7.25" duration="0.25" volume="204" string="5"/>
			<note pitch="46" time="7.5" duration="0.25" volume="204" string="4"/>
			<note pitch="35" time="7.75" duration="0.25" volume="204" string="5"/>
			<note pitch="35" time="8.0" duration="0.25" volume="204" string="5"/>
			<note pitch="38" time="8.25" duration="0.25" volume="204" string="5"/>
			<note pitch="35" time="8.5" duration="0.25" volume="204" string="5"/>
			<note pitch="35" time="8.75" duration="0.25" volume="204" string="5"/>
			<note pitch="45" time="9.0" duration="0.25" volume="204" string="4"/>
			<note pitch="57" time="9.0" duration="0.25" volume="204" string="2"/>
			<note pitch="46" time="9.25" duration="0.25" volume="204" string="4"/>
			<note pitch="58" time="9.25" duration="0.25" volume="204" string="2"/>
			<note pitch="45" time="9.5" duration="0.5" volume="204" string="4"/>
			<note pitch="57" time="9.5" duration="0.5" volume="204" string="2"/>
			<note pitch="48" time="10.0" duration="0.25" volume="204" string="4"/>
			<note pitch="35" time="10.25" duration="0.25" volume="204" string="5"/>
			<note pitch="35" time="10.5" duration="0.25" volume="204" string="5"/>
			<note pitch="36" time="10.75" duration="0.25" volume="204" string="5"/>
			<note pitch="35" time="11.0" duration="0.25" volume="204" string="5"/>
			<note pitch="35" time="11.25" duration="0.25" volume="204" string="5"/>
			<note pitch="46" time="11.5" duration="0.25" volume="204" string="4"/>
			<note pitch="35" time="11.75" duration="0.25" volume="204" string="5"/>
			<note pitch="35" time="12.0" duration="0.25" volume="204" string="5"/>
			<note pitch="38" time="12.25" duration="0.25" volume="204" string="5"/>
			<note pitch="35" time="12.5" duration="0.25" volume="204" string="5"/>
			<note pitch="35" time="12.75" duration="0.25" volume="204" string="5"/>
			<note pitch="57" time="13.0" duration="0.25" volume="204" string="2"/>
			<note pitch="45" time="13.0" duration="0.25" volume="204" string="4"/>
			<note pitch="58" time="13.25" duration="0.25" volume="204" string="2"/>
			<note pitch="46" time="13.25" duration="0.25" volume="204" string="4"/>
			<note pitch="44" time="13.5" duration="0.5" volume="204" string="4"/>
			<note pitch="56" time="13.5" duration="0.5" volume="204" string="2"/>
			<note pitch="35" time="14.0" duration="0.5" volume="204" string="5"/>
			<note pitch="35" time="14.5" duration="0.25" volume="204" string="5"/>
			<note pitch="35" time="14.75" duration="0.125" volume="204" string="5"/>
			<note pitch="35" time="14.875" duration="0.125" volume="204" string="5"/>
			<note pitch="35" time="15.0" duration="0.25" volume="204" string="5"/>
			<note pitch="35" time="15.25" duration="0.5" volume="204" string="5"/>
			<note pitch="35" time="15.75" duration="0.25" volume="204" string="5"/>
			<note pitch="35" time="16.0" duration="0.125" volume="204" string="5"/>
			<note pitch="35" time="16.125" duration="0.125" volume="204" string="5"/>
			<note pitch="35" time="16.25" duration="0.25" volume="204" string="5"/>
			<note pitch="35" time="16.5" duration="0.5" volume="204" string="5"/>
			<note pitch="35" time="17.0" duration="0.25" volume="204" string="5"/>
			<note pitch="35" time="17.25" duration="0.125" volume="204" string="5"/>
			<note pitch="35" time="17.375" duration="0.125" volume="204" string="5"/>
			<note pitch="35" time="17.5" duration="0.25" volume="204" string="5"/>
		</notes>
	</partition>
</song>