<?xml version="1.0" encoding="utf-8"?>

<song version="0.12" lang="en">
	<title>Whisper</title>
	<authors>Jimmy O'Regan</authors>
	<copyright>Copyright 2005 by Jimmy O'Regan</copyright>
	<comments></comments>
	<bars>
		<bar rythm="3/4" tempo="60" syncope="0"/>
		<bar rythm="3/4" tempo="60" syncope="0"/>
		<bar rythm="3/4" tempo="60" syncope="0"/>
		<bar rythm="3/4" tempo="60" syncope="0"/>
		<bar rythm="3/4" tempo="60" syncope="0"/>
		<bar rythm="3/4" tempo="60" syncope="0"/>
		<bar rythm="3/4" tempo="60" syncope="0"/>
		<bar rythm="3/4" tempo="60" syncope="0"/>
		<bar rythm="3/4" tempo="60" syncope="0"/>
		<bar rythm="3/4" tempo="60" syncope="0"/>
		<bar rythm="3/4" tempo="60" syncope="0"/>
		<bar rythm="3/4" tempo="60" syncope="0"/>
		<bar rythm="3/4" tempo="60" syncope="0"/>
		<bar rythm="3/4" tempo="60" syncope="0"/>
		<bar rythm="3/4" tempo="60" syncope="0"/>
		<bar rythm="3/4" tempo="60" syncope="0"/>
		<bar rythm="3/4" tempo="60" syncope="0"/>
		<bar rythm="3/4" tempo="60" syncope="0"/>
		<bar rythm="3/4" tempo="60" syncope="0"/>
		<bar rythm="3/4" tempo="60" syncope="0"/>
		<bar rythm="3/4" tempo="60" syncope="0"/>
		<bar rythm="3/4" tempo="60" syncope="0"/>
		<bar rythm="3/4" tempo="60" syncope="0"/>
		<bar rythm="3/4" tempo="60" syncope="0"/>
		<bar rythm="3/4" tempo="60" syncope="0"/>
		<bar rythm="3/4" tempo="60" syncope="0"/>
		<bar rythm="3/4" tempo="60" syncope="0"/>
		<bar rythm="3/4" tempo="60" syncope="0"/>
		<bar rythm="3/4" tempo="60" syncope="0"/>
		<bar rythm="3/4" tempo="60" syncope="0"/>
		<bar rythm="3/4" tempo="60" syncope="0"/>
		<bar rythm="3/4" tempo="60" syncope="0"/>
		<bar rythm="3/4" tempo="60" syncope="0"/>
		<bar rythm="3/4" tempo="60" syncope="0"/>
		<bar rythm="3/4" tempo="60" syncope="0"/>
		<bar rythm="3/4" tempo="60" syncope="0"/>
		<bar rythm="3/4" tempo="60" syncope="0"/>
		<bar rythm="3/4" tempo="60" syncope="0"/>
		<bar rythm="3/4" tempo="60" syncope="0"/>
		<bar rythm="3/4" tempo="60" syncope="0"/>
		<bar rythm="3/4" tempo="60" syncope="0"/>
		<bar rythm="3/4" tempo="60" syncope="0"/>
		<bar rythm="3/4" tempo="60" syncope="0"/>
		<bar rythm="3/4" tempo="60" syncope="0"/>
		<bar rythm="3/4" tempo="60" syncope="0"/>
		<bar rythm="3/4" tempo="60" syncope="0"/>
		<bar rythm="3/4" tempo="60" syncope="0"/>
		<bar rythm="3/4" tempo="60" syncope="0"/>
	</bars>
	<playlist>
	</playlist>
	<partition volume="255" muted="0" chorus="0" instrument="24" capo="0" reverb="0">
		<header>Guitar</header>
		<view type="tablature">
			<strings>
				<string pitch="64" notation="top"/>
				<string pitch="59" notation="top"/>
				<string pitch="55" notation="top"/>
				<string pitch="50" notation="down"/>
				<string pitch="45" notation="down"/>
				<string pitch="40" notation="down"/>
			</strings>
		</view>
		<notes>
			<note pitch="48" time="0.0" duration="0.5" volume="204" string="4"/>
			<note pitch="67" time="0.0" duration="0.5" volume="204" string="0"/>
			<note pitch="50" time="0.5" duration="0.25" volume="204" string="3"/>
			<note pitch="55" time="0.75" duration="0.25" volume="204" string="2"/>
			<note pitch="59" time="1.0" duration="0.5" volume="204" string="1"/>
			<note pitch="67" time="1.5" duration="0.5" volume="204" string="0"/>
			<note pitch="48" time="1.5" duration="0.5" volume="204" string="4"/>
			<note pitch="50" time="2.0" duration="0.25" volume="204" string="3"/>
			<note pitch="55" time="2.25" duration="0.25" volume="204" string="2"/>
			<note pitch="59" time="2.5" duration="0.5" volume="204" string="1"/>
			<note pitch="67" time="3.0" duration="0.5" volume="204" string="0"/>
			<note pitch="48" time="3.0" duration="0.5" volume="204" string="4"/>
			<note pitch="50" time="3.5" duration="0.25" volume="204" string="3"/>
			<note pitch="55" time="3.75" duration="0.25" volume="204" string="2"/>
			<note pitch="59" time="4.0" duration="0.5" volume="204" string="1"/>
			<note pitch="67" time="4.5" duration="0.5" volume="204" string="0"/>
			<note pitch="48" time="4.5" duration="0.5" volume="204" string="4"/>
			<note pitch="50" time="5.0" duration="0.25" volume="204" string="3"/>
			<note pitch="55" time="5.25" duration="0.25" volume="204" string="2"/>
			<note pitch="59" time="5.5" duration="0.5" volume="204" string="1"/>
			<note pitch="64" time="6.0" duration="0.5" volume="204" string="0"/>
			<note pitch="45" time="6.0" duration="0.5" volume="204" string="4"/>
			<note pitch="50" time="6.5" duration="0.25" volume="204" string="3"/>
			<note pitch="55" time="6.75" duration="0.25" volume="204" string="2"/>
			<note pitch="59" time="7.0" duration="0.5" volume="204" string="1"/>
			<note pitch="64" time="7.5" duration="0.5" volume="204" string="0"/>
			<note pitch="45" time="7.5" duration="0.5" volume="204" string="4"/>
			<note pitch="50" time="8.0" duration="0.25" volume="204" string="3"/>
			<note pitch="55" time="8.25" duration="0.25" volume="204" string="2"/>
			<note pitch="59" time="8.5" duration="0.5" volume="204" string="1"/>
			<note pitch="64" time="9.0" duration="0.5" volume="204" string="0"/>
			<note pitch="45" time="9.0" duration="0.5" volume="204" string="4"/>
			<note pitch="50" time="9.5" duration="0.25" volume="204" string="3"/>
			<note pitch="55" time="9.75" duration="0.25" volume="204" string="2"/>
			<note pitch="59" time="10.0" duration="0.5" volume="204" string="1"/>
			<note pitch="64" time="10.5" duration="0.5" volume="204" string="0"/>
			<note pitch="45" time="10.5" duration="0.5" volume="204" string="4"/>
			<note pitch="50" time="11.0" duration="0.25" volume="204" string="3"/>
			<note pitch="55" time="11.25" duration="0.25" volume="204" string="2"/>
			<note pitch="59" time="11.5" duration="0.5" volume="204" string="1"/>
			<note pitch="67" time="12.0" duration="0.5" volume="204" string="0"/>
			<note pitch="48" time="12.0" duration="0.5" volume="204" string="4"/>
			<note pitch="50" time="12.5" duration="0.25" volume="204" string="3"/>
			<note pitch="55" time="12.75" duration="0.25" volume="204" string="2"/>
			<note pitch="59" time="13.0" duration="0.5" volume="204" string="1"/>
			<note pitch="67" time="13.5" duration="0.5" volume="204" string="0"/>
			<note pitch="48" time="13.5" duration="0.5" volume="204" string="4"/>
			<note pitch="50" time="14.0" duration="0.25" volume="204" string="3"/>
			<note pitch="55" time="14.25" duration="0.25" volume="204" string="2"/>
			<note pitch="59" time="14.5" duration="0.5" volume="204" string="1"/>
			<note pitch="67" time="15.0" duration="0.5" volume="204" string="0"/>
			<note pitch="48" time="15.0" duration="0.5" volume="204" string="4"/>
			<note pitch="50" time="15.5" duration="0.25" volume="204" string="3"/>
			<note pitch="55" time="15.75" duration="0.25" volume="204" string="2"/>
			<note pitch="59" time="16.0" duration="0.5" volume="204" string="1"/>
			<note pitch="67" time="16.5" duration="0.5" volume="204" string="0"/>
			<note pitch="48" time="16.5" duration="0.5" volume="204" string="4"/>
			<note pitch="50" time="17.0" duration="0.25" volume="204" string="3"/>
			<note pitch="55" time="17.25" duration="0.25" volume="204" string="2"/>
			<note pitch="59" time="17.5" duration="0.5" volume="204" string="1"/>
			<note pitch="64" time="18.0" duration="0.5" volume="204" string="0"/>
			<note pitch="45" time="18.0" duration="0.5" volume="204" string="4"/>
			<note pitch="50" time="18.5" duration="0.25" volume="204" string="3"/>
			<note pitch="55" time="18.75" duration="0.25" volume="204" string="2"/>
			<note pitch="59" time="19.0" duration="0.5" volume="204" string="1"/>
			<note pitch="64" time="19.5" duration="0.5" volume="204" string="0"/>
			<note pitch="45" time="19.5" duration="0.5" volume="204" string="4"/>
			<note pitch="50" time="20.0" duration="0.25" volume="204" string="3"/>
			<note pitch="55" time="20.25" duration="0.25" volume="204" string="2"/>
			<note pitch="59" time="20.5" duration="0.5" volume="204" string="1"/>
			<note pitch="64" time="21.0" duration="0.5" volume="204" string="0"/>
			<note pitch="45" time="21.0" duration="0.5" volume="204" string="4"/>
			<note pitch="50" time="21.5" duration="0.25" volume="204" string="3"/>
			<note pitch="55" time="21.75" duration="0.25" volume="204" string="2"/>
			<note pitch="59" time="22.0" duration="0.5" volume="204" string="1"/>
			<note pitch="64" time="22.5" duration="0.5" volume="204" string="0"/>
			<note pitch="45" time="22.5" duration="0.5" volume="204" string="4"/>
			<note pitch="50" time="23.0" duration="0.25" volume="204" string="3"/>
			<note pitch="55" time="23.25" duration="0.25" volume="204" string="2"/>
			<note pitch="59" time="23.5" duration="0.5" volume="204" string="1"/>
			<note pitch="67" time="24.0" duration="0.5" volume="204" string="0"/>
			<note pitch="48" time="24.0" duration="0.5" volume="204" string="4"/>
			<note pitch="50" time="24.5" duration="0.25" volume="204" string="3"/>
			<note pitch="55" time="24.75" duration="0.25" volume="204" string="2"/>
			<note pitch="59" time="25.0" duration="0.5" volume="204" string="1"/>
			<note pitch="67" time="25.5" duration="0.5" volume="204" string="0"/>
			<note pitch="48" time="25.5" duration="0.5" volume="204" string="4"/>
			<note pitch="50" time="26.0" duration="0.25" volume="204" string="3"/>
			<note pitch="55" time="26.25" duration="0.25" volume="204" string="2"/>
			<note pitch="59" time="26.5" duration="0.5" volume="204" string="1"/>
			<note pitch="67" time="27.0" duration="0.5" volume="204" string="0"/>
			<note pitch="48" time="27.0" duration="0.5" volume="204" string="4"/>
			<note pitch="50" time="27.5" duration="0.25" volume="204" string="3"/>
			<note pitch="55" time="27.75" duration="0.25" volume="204" string="2"/>
			<note pitch="59" time="28.0" duration="0.5" volume="204" string="1"/>
			<note pitch="67" time="28.5" duration="0.5" volume="204" string="0"/>
			<note pitch="48" time="28.5" duration="0.5" volume="204" string="4"/>
			<note pitch="50" time="29.0" duration="0.25" volume="204" string="3"/>
			<note pitch="55" time="29.25" duration="0.25" volume="204" string="2"/>
			<note pitch="59" time="29.5" duration="0.5" volume="204" string="1"/>
			<note pitch="64" time="30.0" duration="0.5" volume="204" string="0"/>
			<note pitch="45" time="30.0" duration="0.5" volume="204" string="4"/>
			<note pitch="50" time="30.5" duration="0.25" volume="204" string="3"/>
			<note pitch="55" time="30.75" duration="0.25" volume="204" string="2"/>
			<note pitch="59" time="31.0" duration="0.5" volume="204" string="1"/>
			<note pitch="64" time="31.5" duration="0.5" volume="204" string="0"/>
			<note pitch="45" time="31.5" duration="0.5" volume="204" string="4"/>
			<note pitch="50" time="32.0" duration="0.25" volume="204" string="3"/>
			<note pitch="55" time="32.25" duration="0.25" volume="204" string="2"/>
			<note pitch="59" time="32.5" duration="0.5" volume="204" string="1"/>
			<note pitch="64" time="33.0" duration="0.5" volume="204" string="0"/>
			<note pitch="45" time="33.0" duration="0.5" volume="204" string="4"/>
			<note pitch="50" time="33.5" duration="0.25" volume="204" string="3"/>
			<note pitch="55" time="33.75" duration="0.25" volume="204" string="2"/>
			<note pitch="59" time="34.0" duration="0.5" volume="204" string="1"/>
			<note pitch="64" time="34.5" duration="0.5" volume="204" string="0"/>
			<note pitch="45" time="34.5" duration="0.5" volume="204" string="4"/>
			<note pitch="50" time="35.0" duration="0.25" volume="204" string="3"/>
			<note pitch="55" time="35.25" duration="0.25" volume="204" string="2"/>
			<note pitch="59" time="35.5" duration="0.5" volume="204" string="1"/>
			<note pitch="67" time="36.0" duration="0.5" volume="204" string="0"/>
			<note pitch="48" time="36.0" duration="0.5" volume="204" string="4"/>
			<note pitch="50" time="36.5" duration="0.25" volume="204" string="3"/>
			<note pitch="55" time="36.75" duration="0.25" volume="204" string="2"/>
			<note pitch="59" time="37.0" duration="0.5" volume="204" string="1"/>
			<note pitch="67" time="37.5" duration="0.5" volume="204" string="0"/>
			<note pitch="48" time="37.5" duration="0.5" volume="204" string="4"/>
			<note pitch="50" time="38.0" duration="0.25" volume="204" string="3"/>
			<note pitch="55" time="38.25" duration="0.25" volume="204" string="2"/>
			<note pitch="59" time="38.5" duration="0.5" volume="204" string="1"/>
			<note pitch="67" time="39.0" duration="0.5" volume="204" string="0"/>
			<note pitch="48" time="39.0" duration="0.5" volume="204" string="4"/>
			<note pitch="50" time="39.5" duration="0.25" volume="204" string="3"/>
			<note pitch="55" time="39.75" duration="0.25" volume="204" string="2"/>
			<note pitch="59" time="40.0" duration="0.5" volume="204" string="1"/>
			<note pitch="67" time="40.5" duration="0.5" volume="204" string="0"/>
			<note pitch="48" time="40.5" duration="0.5" volume="204" string="4"/>
			<note pitch="50" time="41.0" duration="0.25" volume="204" string="3"/>
			<note pitch="55" time="41.25" duration="0.25" volume="204" string="2"/>
			<note pitch="59" time="41.5" duration="0.5" volume="204" string="1"/>
			<note pitch="64" time="42.0" duration="0.5" volume="204" string="0"/>
			<note pitch="45" time="42.0" duration="0.5" volume="204" string="4"/>
			<note pitch="50" time="42.5" duration="0.25" volume="204" string="3"/>
			<note pitch="55" time="42.75" duration="0.25" volume="204" string="2"/>
			<note pitch="59" time="43.0" duration="0.5" volume="204" string="1"/>
			<note pitch="64" time="43.5" duration="0.5" volume="204" string="0"/>
			<note pitch="45" time="43.5" duration="0.5" volume="204" string="4"/>
			<note pitch="50" time="44.0" duration="0.25" volume="204" string="3"/>
			<note pitch="55" time="44.25" duration="0.25" volume="204" string="2"/>
			<note pitch="59" time="44.5" duration="0.5" volume="204" string="1"/>
			<note pitch="64" time="45.0" duration="0.5" volume="204" string="0"/>
			<note pitch="45" time="45.0" duration="0.5" volume="204" string="4"/>
			<note pitch="50" time="45.5" duration="0.25" volume="204" string="3"/>
			<note pitch="55" time="45.75" duration="0.25" volume="204" string="2"/>
			<note pitch="59" time="46.0" duration="0.5" volume="204" string="1"/>
			<note pitch="64" time="46.5" duration="0.5" volume="204" string="0"/>
			<note pitch="45" time="46.5" duration="0.5" volume="204" string="4"/>
			<note pitch="50" time="47.0" duration="0.25" volume="204" string="3"/>
			<note pitch="55" time="47.25" duration="0.25" volume="204" string="2"/>
			<note pitch="59" time="47.5" duration="0.5" volume="204" string="1"/>
			<note pitch="67" time="48.0" duration="0.5" volume="204" string="0"/>
			<note pitch="48" time="48.0" duration="0.5" volume="204" string="4"/>
			<note pitch="52" time="48.5" duration="0.25" volume="204" string="3"/>
			<note pitch="55" time="48.75" duration="0.25" volume="204" string="2"/>
			<note pitch="59" time="49.0" duration="0.5" volume="204" string="1"/>
			<note pitch="69" time="49.5" duration="0.5" volume="204" string="0"/>
			<note pitch="50" time="49.5" duration="0.5" volume="204" string="4"/>
			<note pitch="54" time="50.0" duration="0.25" volume="204" string="3"/>
			<note pitch="55" time="50.25" duration="0.25" volume="204" string="2"/>
			<note pitch="59" time="50.5" duration="0.5" volume="204" string="1"/>
			<note pitch="71" time="51.0" duration="0.5" volume="204" string="0"/>
			<note pitch="52" time="51.0" duration="0.5" volume="204" string="4"/>
			<note pitch="55" time="51.5" duration="0.25" volume="204" string="3"/>
			<note pitch="55" time="51.75" duration="0.25" volume="204" string="2"/>
			<note pitch="59" time="52.0" duration="0.5" volume="204" string="1"/>
			<note pitch="72" time="52.5" duration="0.5" volume="204" string="0"/>
			<note pitch="53" time="52.5" duration="0.5" volume="204" string="4"/>
			<note pitch="57" time="53.0" duration="0.25" volume="204" string="3"/>
			<note pitch="55" time="53.25" duration="0.25" volume="204" string="2"/>
			<note pitch="59" time="53.5" duration="0.5" volume="204" string="1"/>
			<note pitch="67" time="54.0" duration="0.5" volume="204" string="0"/>
			<note pitch="48" time="54.0" duration="0.5" volume="204" string="4"/>
			<note pitch="52" time="54.5" duration="0.25" volume="204" string="3"/>
			<note pitch="55" time="54.75" duration="0.25" volume="204" string="2"/>
			<note pitch="59" time="55.0" duration="0.5" volume="204" string="1"/>
			<note pitch="69" time="55.5" duration="0.5" volume="204" string="0"/>
			<note pitch="50" time="55.5" duration="0.5" volume="204" string="4"/>
			<note pitch="54" time="56.0" duration="0.25" volume="204" string="3"/>
			<note pitch="55" time="56.25" duration="0.25" volume="204" string="2"/>
			<note pitch="59" time="56.5" duration="0.5" volume="204" string="1"/>
			<note pitch="71" time="57.0" duration="0.5" volume="204" string="0"/>
			<note pitch="52" time="57.0" duration="0.5" volume="204" string="4"/>
			<note pitch="55" time="57.5" duration="0.25" volume="204" string="3"/>
			<note pitch="55" time="57.75" duration="0.25" volume="204" string="2"/>
			<note pitch="59" time="58.0" duration="0.5" volume="204" string="1"/>
			<note pitch="69" time="58.5" duration="0.5" volume="204" string="0"/>
			<note pitch="50" time="58.5" duration="0.5" volume="204" string="4"/>
			<note pitch="54" time="59.0" duration="0.25" volume="204" string="3"/>
			<note pitch="55" time="59.25" duration="0.25" volume="204" string="2"/>
			<note pitch="59" time="59.5" duration="0.5" volume="204" string="1"/>
			<note pitch="67" time="60.0" duration="0.5" volume="204" string="0"/>
			<note pitch="48" time="60.0" duration="0.5" volume="204" string="4"/>
			<note pitch="52" time="60.5" duration="0.25" volume="204" string="3"/>
			<note pitch="55" time="60.75" duration="0.25" volume="204" string="2"/>
			<note pitch="59" time="61.0" duration="0.5" volume="204" string="1"/>
			<note pitch="69" time="61.5" duration="0.5" volume="204" string="0"/>
			<note pitch="50" time="61.5" duration="0.5" volume="204" string="4"/>
			<note pitch="54" time="62.0" duration="0.25" volume="204" string="3"/>
			<note pitch="55" time="62.25" duration="0.25" volume="204" string="2"/>
			<note pitch="59" time="62.5" duration="0.5" volume="204" string="1"/>
			<note pitch="71" time="63.0" duration="0.5" volume="204" string="0"/>
			<note pitch="52" time="63.0" duration="0.5" volume="204" string="4"/>
			<note pitch="55" time="63.5" duration="0.25" volume="204" string="3"/>
			<note pitch="55" time="63.75" duration="0.25" volume="204" string="2"/>
			<note pitch="59" time="64.0" duration="0.5" volume="204" string="1"/>
			<note pitch="72" time="64.5" duration="0.5" volume="204" string="0"/>
			<note pitch="53" time="64.5" duration="0.5" volume="204" string="4"/>
			<note pitch="57" time="65.0" duration="0.25" volume="204" string="3"/>
			<note pitch="55" time="65.25" duration="0.25" volume="204" string="2"/>
			<note pitch="59" time="65.5" duration="0.5" volume="204" string="1"/>
			<note pitch="67" time="66.0" duration="0.5" volume="204" string="0"/>
			<note pitch="48" time="66.0" duration="0.5" volume="204" string="4"/>
			<note pitch="52" time="66.5" duration="0.25" volume="204" string="3"/>
			<note pitch="55" time="66.75" duration="0.25" volume="204" string="2"/>
			<note pitch="59" time="67.0" duration="0.5" volume="204" string="1"/>
			<note pitch="69" time="67.5" duration="0.5" volume="204" string="0"/>
			<note pitch="50" time="67.5" duration="0.5" volume="204" string="4"/>
			<note pitch="54" time="68.0" duration="0.25" volume="204" string="3"/>
			<note pitch="55" time="68.25" duration="0.25" volume="204" string="2"/>
			<note pitch="59" time="68.5" duration="0.5" volume="204" string="1"/>
			<note pitch="71" time="69.0" duration="0.5" volume="204" string="0"/>
			<note pitch="52" time="69.0" duration="0.5" volume="204" string="4"/>
			<note pitch="55" time="69.5" duration="0.25" volume="204" string="3"/>
			<note pitch="55" time="69.75" duration="0.25" volume="204" string="2"/>
			<note pitch="59" time="70.0" duration="0.5" volume="204" string="1"/>
			<note pitch="69" time="70.5" duration="0.5" volume="204" string="0"/>
			<note pitch="50" time="70.5" duration="0.5" volume="204" string="4"/>
			<note pitch="54" time="71.0" duration="0.25" volume="204" string="3"/>
			<note pitch="55" time="71.25" duration="0.25" volume="204" string="2"/>
			<note pitch="59" time="71.5" duration="0.5" volume="204" string="1"/>
			<note pitch="67" time="72.0" duration="0.5" volume="204" string="0"/>
			<note pitch="48" time="72.0" duration="0.5" volume="204" string="4"/>
			<note pitch="50" time="72.5" duration="0.25" volume="204" string="3"/>
			<note pitch="55" time="72.75" duration="0.25" volume="204" string="2"/>
			<note pitch="59" time="73.0" duration="0.5" volume="204" string="1"/>
			<note pitch="67" time="73.5" duration="0.5" volume="204" string="0"/>
			<note pitch="48" time="73.5" duration="0.5" volume="204" string="4"/>
			<note pitch="50" time="74.0" duration="0.25" volume="204" string="3"/>
			<note pitch="55" time="74.25" duration="0.25" volume="204" string="2"/>
			<note pitch="59" time="74.5" duration="0.5" volume="204" string="1"/>
			<note pitch="67" time="75.0" duration="0.5" volume="204" string="0"/>
			<note pitch="48" time="75.0" duration="0.5" volume="204" string="4"/>
			<note pitch="50" time="75.5" duration="0.25" volume="204" string="3"/>
			<note pitch="55" time="75.75" duration="0.25" volume="204" string="2"/>
			<note pitch="59" time="76.0" duration="0.5" volume="204" string="1"/>
			<note pitch="67" time="76.5" duration="0.5" volume="204" string="0"/>
			<note pitch="48" time="76.5" duration="0.5" volume="204" string="4"/>
			<note pitch="50" time="77.0" duration="0.25" volume="204" string="3"/>
			<note pitch="55" time="77.25" duration="0.25" volume="204" string="2"/>
			<note pitch="59" time="77.5" duration="0.5" volume="204" string="1"/>
			<note pitch="64" time="78.0" duration="0.5" volume="204" string="0"/>
			<note pitch="45" time="78.0" duration="0.5" volume="204" string="4"/>
			<note pitch="50" time="78.5" duration="0.25" volume="204" string="3"/>
			<note pitch="55" time="78.75" duration="0.25" volume="204" string="2"/>
			<note pitch="59" time="79.0" duration="0.5" volume="204" string="1"/>
			<note pitch="64" time="79.5" duration="0.5" volume="204" string="0"/>
			<note pitch="45" time="79.5" duration="0.5" volume="204" string="4"/>
			<note pitch="50" time="80.0" duration="0.25" volume="204" string="3"/>
			<note pitch="55" time="80.25" duration="0.25" volume="204" string="2"/>
			<note pitch="59" time="80.5" duration="0.5" volume="204" string="1"/>
			<note pitch="64" time="81.0" duration="0.5" volume="204" string="0"/>
			<note pitch="45" time="81.0" duration="0.5" volume="204" string="4"/>
			<note pitch="50" time="81.5" duration="0.25" volume="204" string="3"/>
			<note pitch="55" time="81.75" duration="0.25" volume="204" string="2"/>
			<note pitch="59" time="82.0" duration="0.5" volume="204" string="1"/>
			<note pitch="64" time="82.5" duration="0.5" volume="204" string="0"/>
			<note pitch="45" time="82.5" duration="0.5" volume="204" string="4"/>
			<note pitch="50" time="83.0" duration="0.25" volume="204" string="3"/>
			<note pitch="55" time="83.25" duration="0.25" volume="204" string="2"/>
			<note pitch="59" time="83.5" duration="0.5" volume="204" string="1"/>
			<note pitch="67" time="84.0" duration="0.5" volume="204" string="0"/>
			<note pitch="48" time="84.0" duration="0.5" volume="204" string="4"/>
			<note pitch="50" time="84.5" duration="0.25" volume="204" string="3"/>
			<note pitch="55" time="84.75" duration="0.25" volume="204" string="2"/>
			<note pitch="59" time="85.0" duration="0.5" volume="204" string="1"/>
			<note pitch="67" time="85.5" duration="0.5" volume="204" string="0"/>
			<note pitch="48" time="85.5" duration="0.5" volume="204" string="4"/>
			<note pitch="50" time="86.0" duration="0.25" volume="204" string="3"/>
			<note pitch="55" time="86.25" duration="0.25" volume="204" string="2"/>
			<note pitch="59" time="86.5" duration="0.5" volume="204" string="1"/>
			<note pitch="67" time="87.0" duration="0.5" volume="204" string="0"/>
			<note pitch="48" time="87.0" duration="0.5" volume="204" string="4"/>
			<note pitch="50" time="87.5" duration="0.25" volume="204" string="3"/>
			<note pitch="55" time="87.75" duration="0.25" volume="204" string="2"/>
			<note pitch="59" time="88.0" duration="0.5" volume="204" string="1"/>
			<note pitch="67" time="88.5" duration="0.5" volume="204" string="0"/>
			<note pitch="48" time="88.5" duration="0.5" volume="204" string="4"/>
			<note pitch="50" time="89.0" duration="0.25" volume="204" string="3"/>
			<note pitch="55" time="89.25" duration="0.25" volume="204" string="2"/>
			<note pitch="59" time="89.5" duration="0.5" volume="204" string="1"/>
			<note pitch="64" time="90.0" duration="0.5" volume="204" string="0"/>
			<note pitch="45" time="90.0" duration="0.5" volume="204" string="4"/>
			<note pitch="50" time="90.5" duration="0.25" volume="204" string="3"/>
			<note pitch="55" time="90.75" duration="0.25" volume="204" string="2"/>
			<note pitch="59" time="91.0" duration="0.5" volume="204" string="1"/>
			<note pitch="64" time="91.5" duration="0.5" volume="204" string="0"/>
			<note pitch="45" time="91.5" duration="0.5" volume="204" string="4"/>
			<note pitch="50" time="92.0" duration="0.25" volume="204" string="3"/>
			<note pitch="55" time="92.25" duration="0.25" volume="204" string="2"/>
			<note pitch="59" time="92.5" duration="0.5" volume="204" string="1"/>
			<note pitch="64" time="93.0" duration="0.5" volume="204" string="0"/>
			<note pitch="45" time="93.0" duration="0.5" volume="204" string="4"/>
			<note pitch="50" time="93.5" duration="0.25" volume="204" string="3"/>
			<note pitch="55" time="93.75" duration="0.25" volume="204" string="2"/>
			<note pitch="59" time="94.0" duration="0.5" volume="204" string="1"/>
			<note pitch="64" time="94.5" duration="0.5" volume="204" string="0"/>
			<note pitch="45" time="94.5" duration="0.5" volume="204" string="4"/>
			<note pitch="50" time="95.0" duration="0.25" volume="204" string="3"/>
			<note pitch="55" time="95.25" duration="0.25" volume="204" string="2"/>
			<note pitch="59" time="95.5" duration="0.5" volume="204" string="1"/>
			<note pitch="67" time="96.0" duration="0.5" volume="204" string="0"/>
			<note pitch="48" time="96.0" duration="0.5" volume="204" string="4"/>
			<note pitch="50" time="96.5" duration="0.25" volume="204" string="3"/>
			<note pitch="55" time="96.75" duration="0.25" volume="204" string="2"/>
			<note pitch="59" time="97.0" duration="0.5" volume="204" string="1"/>
			<note pitch="67" time="97.5" duration="0.5" volume="204" string="0"/>
			<note pitch="48" time="97.5" duration="0.5" volume="204" string="4"/>
			<note pitch="50" time="98.0" duration="0.25" volume="204" string="3"/>
			<note pitch="55" time="98.25" duration="0.25" volume="204" string="2"/>
			<note pitch="59" time="98.5" duration="0.5" volume="204" string="1"/>
			<note pitch="67" time="99.0" duration="0.5" volume="204" string="0"/>
			<note pitch="48" time="99.0" duration="0.5" volume="204" string="4"/>
			<note pitch="50" time="99.5" duration="0.25" volume="204" string="3"/>
			<note pitch="55" time="99.75" duration="0.25" volume="204" string="2"/>
			<note pitch="59" time="100.0" duration="0.5" volume="204" string="1"/>
			<note pitch="67" time="100.5" duration="0.5" volume="204" string="0"/>
			<note pitch="48" time="100.5" duration="0.5" volume="204" string="4"/>
			<note pitch="50" time="101.0" duration="0.25" volume="204" string="3"/>
			<note pitch="55" time="101.25" duration="0.25" volume="204" string="2"/>
			<note pitch="59" time="101.5" duration="0.5" volume="204" string="1"/>
			<note pitch="64" time="102.0" duration="0.5" volume="204" string="0"/>
			<note pitch="45" time="102.0" duration="0.5" volume="204" string="4"/>
			<note pitch="50" time="102.5" duration="0.25" volume="204" string="3"/>
			<note pitch="55" time="102.75" duration="0.25" volume="204" string="2"/>
			<note pitch="59" time="103.0" duration="0.5" volume="204" string="1"/>
			<note pitch="64" time="103.5" duration="0.5" volume="204" string="0"/>
			<note pitch="45" time="103.5" duration="0.5" volume="204" string="4"/>
			<note pitch="50" time="104.0" duration="0.25" volume="204" string="3"/>
			<note pitch="55" time="104.25" duration="0.25" volume="204" string="2"/>
			<note pitch="59" time="104.5" duration="0.5" volume="204" string="1"/>
			<note pitch="64" time="105.0" duration="0.5" volume="204" string="0"/>
			<note pitch="45" time="105.0" duration="0.5" volume="204" string="4"/>
			<note pitch="50" time="105.5" duration="0.25" volume="204" string="3"/>
			<note pitch="55" time="105.75" duration="0.25" volume="204" string="2"/>
			<note pitch="59" time="106.0" duration="0.5" volume="204" string="1"/>
			<note pitch="64" time="106.5" duration="0.5" volume="204" string="0"/>
			<note pitch="45" time="106.5" duration="0.5" volume="204" string="4"/>
			<note pitch="50" time="107.0" duration="0.25" volume="204" string="3"/>
			<note pitch="55" time="107.25" duration="0.25" volume="204" string="2"/>
			<note pitch="59" time="107.5" duration="0.5" volume="204" string="1"/>
			<note pitch="67" time="108.0" duration="0.5" volume="204" string="0"/>
			<note pitch="48" time="108.0" duration="0.5" volume="204" string="4"/>
			<note pitch="50" time="108.5" duration="0.25" volume="204" string="3"/>
			<note pitch="55" time="108.75" duration="0.25" volume="204" string="2"/>
			<note pitch="59" time="109.0" duration="0.5" volume="204" string="1"/>
			<note pitch="67" time="109.5" duration="0.5" volume="204" string="0"/>
			<note pitch="48" time="109.5" duration="0.5" volume="204" string="4"/>
			<note pitch="50" time="110.0" duration="0.25" volume="204" string="3"/>
			<note pitch="55" time="110.25" duration="0.25" volume="204" string="2"/>
			<note pitch="59" time="110.5" duration="0.5" volume="204" string="1"/>
			<note pitch="67" time="111.0" duration="0.5" volume="204" string="0"/>
			<note pitch="48" time="111.0" duration="0.5" volume="204" string="4"/>
			<note pitch="50" time="111.5" duration="0.25" volume="204" string="3"/>
			<note pitch="55" time="111.75" duration="0.25" volume="204" string="2"/>
			<note pitch="59" time="112.0" duration="0.5" volume="204" string="1"/>
			<note pitch="67" time="112.5" duration="0.5" volume="204" string="0"/>
			<note pitch="48" time="112.5" duration="0.5" volume="204" string="4"/>
			<note pitch="50" time="113.0" duration="0.25" volume="204" string="3"/>
			<note pitch="55" time="113.25" duration="0.25" volume="204" string="2"/>
			<note pitch="59" time="113.5" duration="0.5" volume="204" string="1"/>
			<note pitch="64" time="114.0" duration="0.5" volume="204" string="0"/>
			<note pitch="45" time="114.0" duration="0.5" volume="204" string="4"/>
			<note pitch="50" time="114.5" duration="0.25" volume="204" string="3"/>
			<note pitch="55" time="114.75" duration="0.25" volume="204" string="2"/>
			<note pitch="59" time="115.0" duration="0.5" volume="204" string="1"/>
			<note pitch="64" time="115.5" duration="0.5" volume="204" string="0"/>
			<note pitch="45" time="115.5" duration="0.5" volume="204" string="4"/>
			<note pitch="50" time="116.0" duration="0.25" volume="204" string="3"/>
			<note pitch="55" time="116.25" duration="0.25" volume="204" string="2"/>
			<note pitch="59" time="116.5" duration="0.5" volume="204" string="1"/>
			<note pitch="64" time="117.0" duration="0.5" volume="204" string="0"/>
			<note pitch="45" time="117.0" duration="0.5" volume="204" string="4"/>
			<note pitch="50" time="117.5" duration="0.25" volume="204" string="3"/>
			<note pitch="55" time="117.75" duration="0.25" volume="204" string="2"/>
			<note pitch="59" time="118.0" duration="0.5" volume="204" string="1"/>
			<note pitch="64" time="118.5" duration="0.5" volume="204" string="0"/>
			<note pitch="45" time="118.5" duration="0.5" volume="204" string="4"/>
			<note pitch="50" time="119.0" duration="0.25" volume="204" string="3"/>
			<note pitch="55" time="119.25" duration="0.25" volume="204" string="2"/>
			<note pitch="59" time="119.5" duration="0.5" volume="204" string="1"/>
			<note pitch="67" time="120.0" duration="0.5" volume="204" string="0"/>
			<note pitch="48" time="120.0" duration="0.5" volume="204" string="4"/>
			<note pitch="52" time="120.5" duration="0.25" volume="204" string="3"/>
			<note pitch="55" time="120.75" duration="0.25" volume="204" string="2"/>
			<note pitch="59" time="121.0" duration="0.5" volume="204" string="1"/>
			<note pitch="69" time="121.5" duration="0.5" volume="204" string="0"/>
			<note pitch="50" time="121.5" duration="0.5" volume="204" string="4"/>
			<note pitch="54" time="122.0" duration="0.25" volume="204" string="3"/>
			<note pitch="55" time="122.25" duration="0.25" volume="204" string="2"/>
			<note pitch="59" time="122.5" duration="0.5" volume="204" string="1"/>
			<note pitch="71" time="123.0" duration="0.5" volume="204" string="0"/>
			<note pitch="52" time="123.0" duration="0.5" volume="204" string="4"/>
			<note pitch="55" time="123.5" duration="0.25" volume="204" string="3"/>
			<note pitch="55" time="123.75" duration="0.25" volume="204" string="2"/>
			<note pitch="59" time="124.0" duration="0.5" volume="204" string="1"/>
			<note pitch="72" time="124.5" duration="0.5" volume="204" string="0"/>
			<note pitch="53" time="124.5" duration="0.5" volume="204" string="4"/>
			<note pitch="57" time="125.0" duration="0.25" volume="204" string="3"/>
			<note pitch="55" time="125.25" duration="0.25" volume="204" string="2"/>
			<note pitch="59" time="125.5" duration="0.5" volume="204" string="1"/>
			<note pitch="67" time="126.0" duration="0.5" volume="204" string="0"/>
			<note pitch="48" time="126.0" duration="0.5" volume="204" string="4"/>
			<note pitch="52" time="126.5" duration="0.25" volume="204" string="3"/>
			<note pitch="55" time="126.75" duration="0.25" volume="204" string="2"/>
			<note pitch="59" time="127.0" duration="0.5" volume="204" string="1"/>
			<note pitch="69" time="127.5" duration="0.5" volume="204" string="0"/>
			<note pitch="50" time="127.5" duration="0.5" volume="204" string="4"/>
			<note pitch="54" time="128.0" duration="0.25" volume="204" string="3"/>
			<note pitch="55" time="128.25" duration="0.25" volume="204" string="2"/>
			<note pitch="59" time="128.5" duration="0.5" volume="204" string="1"/>
			<note pitch="71" time="129.0" duration="0.5" volume="204" string="0"/>
			<note pitch="52" time="129.0" duration="0.5" volume="204" string="4"/>
			<note pitch="55" time="129.5" duration="0.25" volume="204" string="3"/>
			<note pitch="55" time="129.75" duration="0.25" volume="204" string="2"/>
			<note pitch="59" time="130.0" duration="0.5" volume="204" string="1"/>
			<note pitch="69" time="130.5" duration="0.5" volume="204" string="0"/>
			<note pitch="50" time="130.5" duration="0.5" volume="204" string="4"/>
			<note pitch="54" time="131.0" duration="0.25" volume="204" string="3"/>
			<note pitch="55" time="131.25" duration="0.25" volume="204" string="2"/>
			<note pitch="59" time="131.5" duration="0.5" volume="204" string="1"/>
			<note pitch="67" time="132.0" duration="0.5" volume="204" string="0"/>
			<note pitch="48" time="132.0" duration="0.5" volume="204" string="4"/>
			<note pitch="52" time="132.5" duration="0.25" volume="204" string="3"/>
			<note pitch="55" time="132.75" duration="0.25" volume="204" string="2"/>
			<note pitch="59" time="133.0" duration="0.5" volume="204" string="1"/>
			<note pitch="69" time="133.5" duration="0.5" volume="204" string="0"/>
			<note pitch="50" time="133.5" duration="0.5" volume="204" string="4"/>
			<note pitch="54" time="134.0" duration="0.25" volume="204" string="3"/>
			<note pitch="55" time="134.25" duration="0.25" volume="204" string="2"/>
			<note pitch="59" time="134.5" duration="0.5" volume="204" string="1"/>
			<note pitch="71" time="135.0" duration="0.5" volume="204" string="0"/>
			<note pitch="52" time="135.0" duration="0.5" volume="204" string="4"/>
			<note pitch="55" time="135.5" duration="0.25" volume="204" string="3"/>
			<note pitch="55" time="135.75" duration="0.25" volume="204" string="2"/>
			<note pitch="59" time="136.0" duration="0.5" volume="204" string="1"/>
			<note pitch="72" time="136.5" duration="0.5" volume="204" string="0"/>
			<note pitch="53" time="136.5" duration="0.5" volume="204" string="4"/>
			<note pitch="57" time="137.0" duration="0.25" volume="204" string="3"/>
			<note pitch="55" time="137.25" duration="0.25" volume="204" string="2"/>
			<note pitch="59" time="137.5" duration="0.5" volume="204" string="1"/>
			<note pitch="67" time="138.0" duration="0.5" volume="204" string="0"/>
			<note pitch="48" time="138.0" duration="0.5" volume="204" string="4"/>
			<note pitch="52" time="138.5" duration="0.25" volume="204" string="3"/>
			<note pitch="55" time="138.75" duration="0.25" volume="204" string="2"/>
			<note pitch="59" time="139.0" duration="0.5" volume="204" string="1"/>
			<note pitch="50" time="139.5" duration="0.5" volume="204" string="4"/>
			<note pitch="69" time="139.5" duration="0.5" volume="204" string="0"/>
			<note pitch="54" time="140.0" duration="0.25" volume="204" string="3"/>
			<note pitch="55" time="140.25" duration="0.25" volume="204" string="2"/>
			<note pitch="59" time="140.5" duration="0.5" volume="204" string="1"/>
			<note pitch="71" time="141.0" duration="0.5" volume="204" string="0"/>
			<note pitch="52" time="141.0" duration="0.5" volume="204" string="4"/>
			<note pitch="55" time="141.5" duration="0.25" volume="204" string="3"/>
			<note pitch="55" time="141.75" duration="0.25" volume="204" string="2"/>
			<note pitch="59" time="142.0" duration="0.5" volume="204" string="1"/>
			<note pitch="69" time="142.5" duration="0.5" volume="204" string="0"/>
			<note pitch="50" time="142.5" duration="0.5" volume="204" string="4"/>
			<note pitch="54" time="143.0" duration="0.25" volume="204" string="3"/>
			<note pitch="55" time="143.25" duration="0.25" volume="204" string="2"/>
			<note pitch="59" time="143.5" duration="0.5" volume="204" string="1"/>
		</notes>
	</partition>
</song>