<?xml version="1.0" encoding="utf-8"?>

<song version="0.12" lang="en">
	<title>Jimmy's song</title>
	<authors>Jimmy</authors>
	<copyright>Copyright 2004 by Jimmy</copyright>
	<comments></comments>
	<bars>
		<bar rythm="4/4" tempo="60" syncope="0"/>
		<bar rythm="4/4" tempo="60" syncope="0"/>
		<bar rythm="4/4" tempo="60" syncope="0"/>
		<bar rythm="4/4" tempo="60" syncope="0"/>
	</bars>
	<playlist>
		<play from="0" to="0"/>
		<play from="0" to="0"/>
		<play from="0" to="0"/>
		<play from="0" to="0"/>
		<play from="1" to="2"/>
		<play from="1" to="2"/>
		<play from="1" to="2"/>
		<play from="1" to="2"/>
	</playlist>
	<partition volume="255" muted="0" chorus="0" instrument="24" capo="0" reverb="0">
		<header>Guitar Dropped D</header>
		<view type="tablature">
			<strings>
				<string pitch="64" notation="top"/>
				<string pitch="59" notation="top"/>
				<string pitch="55" notation="top"/>
				<string pitch="50" notation="down"/>
				<string pitch="45" notation="down"/>
				<string pitch="38" notation="down"/>
			</strings>
		</view>
		<notes>
			<note pitch="65" time="0.0" duration="0.5" volume="204" string="1"/>
			<note pitch="53" time="0.0" duration="0.5" volume="204" string="4"/>
			<note pitch="50" time="0.5" duration="0.25" volume="204" string="3"/>
			<note pitch="55" time="0.75" duration="0.5" volume="204" string="2"/>
			<note pitch="53" time="1.25" duration="0.25" volume="204" string="4"/>
			<note pitch="66" time="1.5" duration="0.5" volume="204" string="1"/>
			<note pitch="54" time="1.5" duration="0.5" volume="204" string="4"/>
			<note pitch="50" time="2.0" duration="0.25" volume="204" string="3"/>
			<note pitch="55" time="2.25" duration="0.5" volume="204" string="2"/>
			<note pitch="54" time="2.75" duration="0.25" volume="204" string="4"/>
			<note pitch="67" time="3.0" duration="0.25" volume="204" string="1"/>
			<note pitch="55" time="3.0" duration="0.25" volume="204" string="4"/>
			<note pitch="50" time="3.25" duration="0.25" volume="204" string="3"/>
			<note pitch="55" time="3.5" duration="0.5" volume="204" string="2"/>
			<note pitch="46" time="4.0" duration="0.25" volume="204" string="4"/>
			<note pitch="50" time="4.25" duration="0.25" volume="204" string="3"/>
			<note pitch="55" time="4.5" duration="0.25" volume="204" string="2"/>
			<note pitch="47" time="4.75" duration="0.25" volume="204" string="4"/>
			<note pitch="50" time="5.0" duration="0.25" volume="204" string="3"/>
			<note pitch="55" time="5.25" duration="0.25" volume="204" string="2"/>
			<note pitch="41" time="5.5" duration="0.25" volume="204" string="5"/>
			<note pitch="50" time="5.75" duration="0.25" volume="204" string="3"/>
			<note pitch="55" time="6.0" duration="0.25" volume="204" string="2"/>
			<note pitch="41" time="6.25" duration="0.25" volume="204" string="5"/>
			<note pitch="50" time="6.5" duration="0.25" volume="204" string="3"/>
			<note pitch="55" time="6.75" duration="0.25" volume="204" string="2"/>
			<note pitch="41" time="7.0" duration="0.25" volume="204" string="5"/>
			<note pitch="50" time="7.25" duration="0.25" volume="204" string="3"/>
			<note pitch="55" time="7.5" duration="0.25" volume="204" string="2"/>
			<note pitch="50" time="7.75" duration="0.25" volume="204" string="3"/>
			<note pitch="46" time="8.0" duration="0.25" volume="204" string="4"/>
			<note pitch="50" time="8.25" duration="0.25" volume="204" string="3"/>
			<note pitch="55" time="8.5" duration="0.25" volume="204" string="2"/>
			<note pitch="47" time="8.75" duration="0.25" volume="204" string="4"/>
			<note pitch="50" time="9.0" duration="0.25" volume="204" string="3"/>
			<note pitch="55" time="9.25" duration="0.25" volume="204" string="2"/>
			<note pitch="41" time="9.5" duration="0.25" volume="204" string="5"/>
			<note pitch="50" time="9.75" duration="0.25" volume="204" string="3"/>
			<note pitch="55" time="10.0" duration="0.25" volume="204" string="2"/>
			<note pitch="41" time="10.25" duration="0.25" volume="204" string="5"/>
			<note pitch="50" time="10.5" duration="0.25" volume="204" string="3"/>
			<note pitch="55" time="10.75" duration="0.25" volume="204" string="2"/>
			<note pitch="41" time="11.0" duration="0.25" volume="204" fx="hammer" linked_to="1" string="5"/>
			<note pitch="38" time="11.25" duration="0.25" volume="204" id="1" string="5"/>
			<note pitch="38" time="11.5" duration="0.5" volume="204" string="5"/>
		</notes>
	</partition>
</song>